---- Протокол ------ 26.12.2025 03:27:09 ----------------------
---- Параметры ------
-log: program.log
-out: program.js
-in: program.txt
---- Исходные данные ------
Количество символов: 1928
Проигнорировано:     103
Количество строк:    125

=== ЛЕКСИЧЕСКИЙ АНАЛИЗ ===
=== РЕЗУЛЬТАТ РАЗБИВКИ ===
Строка 1 (0 слов): 
Строка 2 (5 слов): [uint] [function] [demonstrate_underflow] [(] [)] 
Строка 3 (1 слов): [{] 
Строка 4 (3 слов): [print] ['демонстрации переполнения'] [;] 
Строка 5 (0 слов): 
Строка 6 (9 слов): [uint] [a] [;] [uint] [b] [;] [uint] [c] [;] 
Строка 7 (0 слов): 
Строка 8 (10 слов): [a] [=] [0x05] [;] [print] ['a = '] [;] [print] [a] [;] 
Строка 9 (10 слов): [b] [=] [0xa] [;] [print] ['b = '] [;] [print] [b] [;] 
Строка 10 (0 слов): 
Строка 11 (0 слов): 
Строка 12 (6 слов): [c] [=] [a] [-] [b] [;] 
Строка 13 (6 слов): [print] ['c = '] [;] [print] [c] [;] 
Строка 14 (0 слов): 
Строка 15 (3 слов): [return] [0] [;] 
Строка 16 (2 слов): [}] [;] 
Строка 17 (0 слов): 
Строка 18 (0 слов): 
Строка 19 (0 слов): 
Строка 20 (5 слов): [uint] [function] [use_standard_library] [(] [)] 
Строка 21 (1 слов): [{] 
Строка 22 (3 слов): [print] ['Вызов библиотечных функций'] [;] 
Строка 23 (0 слов): 
Строка 24 (3 слов): [print] ['pow(uint, uint)'] [;] 
Строка 25 (8 слов): [print] [pow] [(] [2] [,] [2] [)] [;] 
Строка 26 (8 слов): [print] [pow] [(] [3] [,] [3] [)] [;] 
Строка 27 (0 слов): 
Строка 28 (3 слов): [print] ['random(uint min, uint max)'] [;] 
Строка 29 (8 слов): [print] [random] [(] [0] [,] [100] [)] [;] 
Строка 30 (8 слов): [print] [random] [(] [1] [,] [9] [)] [;] 
Строка 31 (0 слов): 
Строка 32 (3 слов): [return] [0] [;] 
Строка 33 (2 слов): [}] [;] 
Строка 34 (0 слов): 
Строка 35 (0 слов): 
Строка 36 (0 слов): 
Строка 37 (10 слов): [uint] [function] [bitwise_ops] [(] [uint] [result] [,] [uint] [op_type] [)] 
Строка 38 (1 слов): [{] 
Строка 39 (0 слов): 
Строка 40 (4 слов): [switch] [(] [op_type] [)] 
Строка 41 (1 слов): [{] 
Строка 42 (3 слов): [case] [0x00] [:] 
Строка 43 (6 слов): [result] [=] [result] [&] [0x0F] [;] 
Строка 44 (2 слов): [break] [;] 
Строка 45 (0 слов): 
Строка 46 (3 слов): [case] [0x01] [:] 
Строка 47 (6 слов): [result] [=] [result] [|] [0xf0] [;] 
Строка 48 (2 слов): [break] [;] 
Строка 49 (0 слов): 
Строка 50 (3 слов): [case] [0x02] [:] 
Строка 51 (5 слов): [result] [=] [~] [result] [;] 
Строка 52 (2 слов): [break] [;] 
Строка 53 (0 слов): 
Строка 54 (2 слов): [default] [:] 
Строка 55 (6 слов): [result] [=] [result] [*] [2] [;] 
Строка 56 (2 слов): [break] [;] 
Строка 57 (2 слов): [}] [;] 
Строка 58 (0 слов): 
Строка 59 (7 слов): [char] [bukva] [;] [bukva] [=] ['F'] [;] 
Строка 60 (4 слов): [switch] [(] [bukva] [)] 
Строка 61 (1 слов): [{] 
Строка 62 (8 слов): [case] ['A'] [:] [print] ['A'] [;] [break] [;] 
Строка 63 (8 слов): [case] ['F'] [:] [print] ['F'] [;] [break] [;] 
Строка 64 (2 слов): [}] [;] 
Строка 65 (0 слов): 
Строка 66 (7 слов): [string] [word] [;] [word] [=] ['WORD'] [;] 
Строка 67 (4 слов): [switch] [(] [word] [)] 
Строка 68 (1 слов): [{] 
Строка 69 (8 слов): [case] ['hhh'] [:] [print] ['hhh'] [;] [break] [;] 
Строка 70 (8 слов): [case] ['WORD'] [:] [print] ['word'] [;] [break] [;] 
Строка 71 (2 слов): [}] [;] 
Строка 72 (0 слов): 
Строка 73 (3 слов): [return] [result] [;] 
Строка 74 (2 слов): [}] [;] 
Строка 75 (0 слов): 
Строка 76 (0 слов): 
Строка 77 (0 слов): 
Строка 78 (1 слов): [main] 
Строка 79 (1 слов): [{] 
Строка 80 (9 слов): [uint] [test_uint] [;] [string] [test_string] [;] [char] [test_char] [;] 
Строка 81 (0 слов): 
Строка 82 (0 слов): 
Строка 83 (3 слов): [print] ['ДО'] [;] 
Строка 84 (6 слов): [print] ['test_uint = '] [;] [print] [test_uint] [;] 
Строка 85 (6 слов): [print] ['test_string = '] [;] [print] [test_string] [;] 
Строка 86 (6 слов): [print] ['test_char = '] [;] [print] [test_char] [;] 
Строка 87 (0 слов): 
Строка 88 (0 слов): 
Строка 89 (4 слов): [test_uint] [=] [5] [;] 
Строка 90 (4 слов): [test_string] [=] ['ТЕСТОВАЯ СТРОКА'] [;] 
Строка 91 (4 слов): [test_char] [=] ['@'] [;] 
Строка 92 (0 слов): 
Строка 93 (0 слов): 
Строка 94 (3 слов): [print] ['ПОСЛЕ'] [;] 
Строка 95 (6 слов): [print] ['test_uint = '] [;] [print] [test_uint] [;] 
Строка 96 (6 слов): [print] ['test_string = '] [;] [print] [test_string] [;] 
Строка 97 (6 слов): [print] ['test_char = '] [;] [print] [test_char] [;] 
Строка 98 (0 слов): 
Строка 99 (0 слов): 
Строка 100 (0 слов): 
Строка 101 (4 слов): [demonstrate_underflow] [(] [)] [;] 
Строка 102 (0 слов): 
Строка 103 (0 слов): 
Строка 104 (0 слов): 
Строка 105 (4 слов): [use_standard_library] [(] [)] [;] 
Строка 106 (0 слов): 
Строка 107 (0 слов): 
Строка 108 (3 слов): [print] ['=== ТЕСТ БИТОВЫХ ОПЕРАЦИЙ ==='] [;] 
Строка 109 (0 слов): 
Строка 110 (0 слов): 
Строка 111 (3 слов): [print] ['bitwise_ops(0x12, 0x00) = '] [;] 
Строка 112 (8 слов): [print] [bitwise_ops] [(] [0x12] [,] [0x00] [)] [;] 
Строка 113 (0 слов): 
Строка 114 (3 слов): [print] ['bitwise_ops(0x12, 0x01) = '] [;] 
Строка 115 (8 слов): [print] [bitwise_ops] [(] [0x12] [,] [0x01] [)] [;] 
Строка 116 (0 слов): 
Строка 117 (3 слов): [print] ['bitwise_ops(0x12, 0x02) = '] [;] 
Строка 118 (8 слов): [print] [bitwise_ops] [(] [0x12] [,] [0x02] [)] [;] 
Строка 119 (0 слов): 
Строка 120 (3 слов): [print] ['bitwise_ops(0x12, 0x03) = '] [;] 
Строка 121 (8 слов): [print] [bitwise_ops] [(] [0x12] [,] [0x03] [)] [;] 
Строка 122 (0 слов): 
Строка 123 (0 слов): 
Строка 124 (3 слов): [return] [0] [;] 
Строка 125 (2 слов): [}] [;] 
Всего строк: 125
----- ТАБЛИЦА ЛЕКСЕМ -----

02 tfi()
03 {
04 pl;
06 ti;ti;ti;
08 i=l;pl;pi;
09 i=l;pl;pi;
12 i=i-i;
13 pl;pi;
15 rl;
16 };
20 tfi()
21 {
22 pl;
24 pl;
25 pi(l,l);
26 pi(l,l);
28 pl;
29 pi(l,l);
30 pi(l,l);
32 rl;
33 };
37 tfi(ti,ti)
38 {
40 w(i)
41 {
42 kl:
43 i=i&l;
44 b;
46 kl:
47 i=i|l;
48 b;
50 kl:
51 i=~i;
52 b;
54 j:
55 i=i*l;
56 b;
57 };
59 ti;i=l;
60 w(i)
61 {
62 kl:pl;b;
63 kl:pl;b;
64 };
66 ti;i=l;
67 w(i)
68 {
69 kl:pl;b;
70 kl:pl;b;
71 };
73 ri;
74 };
78 m
79 {
80 ti;ti;ti;
83 pl;
84 pl;pi;
85 pl;pi;
86 pl;pi;
89 i=l;
90 i=l;
91 i=l;
94 pl;
95 pl;pi;
96 pl;pi;
97 pl;pi;
101 i();
105 i();
108 pl;
111 pl;
112 pi(l,l);
114 pl;
115 pi(l,l);
117 pl;
118 pi(l,l);
120 pl;
121 pi(l,l);
124 rl;
125 };
IT (Identifier Table): size=75
Index  Identifier      Type     DataType FirstLT      Scope           Value
--------------------------------------------------------------------
0      pow             FUNC     UINT     -1           GLOBAL          -
1      random          FUNC     UINT     -1           GLOBAL          -
2      demonstrate_underflow FUNC     UINT     2            GLOBAL          -
3      L1              LIT      STR      7            =EmptY=         ''
4      a               VAR      UINT     10           demonstrate_underflow -
5      b               VAR      UINT     13           demonstrate_underflow -
6      c               VAR      UINT     16           demonstrate_underflow -
7      L2              LIT      UINT     20           =EmptY=         5
8      L3              LIT      STR      23           =EmptY=         'a = 
9      L4              LIT      UINT     30           =EmptY=         10
10     L5              LIT      STR      33           =EmptY=         'b = 
11     L6              LIT      STR      45           =EmptY=         'c = 
12     L7              LIT      UINT     51           =EmptY=         0
13     use_standard_library FUNC     UINT     57           GLOBAL          -
14     L8              LIT      STR      62           =EmptY=         ''
15     L9              LIT      STR      65           =EmptY=         ''
16     L10             LIT      UINT     70           =EmptY=         2
17     L11             LIT      UINT     72           =EmptY=         2
18     L12             LIT      UINT     78           =EmptY=         3
19     L13             LIT      UINT     80           =EmptY=         3
20     L14             LIT      STR      84           =EmptY=         'ran'
21     L15             LIT      UINT     89           =EmptY=         0
22     L16             LIT      UINT     91           =EmptY=         100
23     L17             LIT      UINT     97           =EmptY=         1
24     L18             LIT      UINT     99           =EmptY=         9
25     L19             LIT      UINT     103          =EmptY=         0
26     bitwise_ops     FUNC     UINT     109          GLOBAL          -
27     result          PARM     UINT     112          bitwise_ops     -
28     op_type         PARM     UINT     115          bitwise_ops     -
29     L20             LIT      UINT     124          =EmptY=         0
30     L21             LIT      UINT     130          =EmptY=         15
31     L22             LIT      UINT     135          =EmptY=         1
32     L23             LIT      UINT     141          =EmptY=         240
33     L24             LIT      UINT     146          =EmptY=         2
34     L25             LIT      UINT     161          =EmptY=         2
35     bukva           VAR      CHAR     168          bitwise_ops     -
36     L26             LIT      CHAR     172          =EmptY=         'F'
37     L27             LIT      CHAR     180          =EmptY=         'A'
38     L28             LIT      CHAR     183          =EmptY=         'A'
39     L29             LIT      CHAR     188          =EmptY=         'F'
40     L30             LIT      CHAR     191          =EmptY=         'F'
41     word            VAR      STR      198          bitwise_ops     -
42     L31             LIT      STR      202          =EmptY=         'WORD
43     L32             LIT      STR      210          =EmptY=         'hhh
44     L33             LIT      STR      213          =EmptY=         'hhh
45     L34             LIT      STR      218          =EmptY=         'WORD
46     L35             LIT      STR      221          =EmptY=         'word
47     test_uint       VAR      UINT     235          MAIN            -
48     test_string     VAR      STR      238          MAIN            -
49     test_char       VAR      CHAR     241          MAIN            -
50     L36             LIT      STR      244          =EmptY=         'ДО
51     L37             LIT      STR      247          =EmptY=         'test_uint = 
52     L38             LIT      STR      253          =EmptY=         'test_string = 
53     L39             LIT      STR      259          =EmptY=         'test_char = 
54     L40             LIT      UINT     266          =EmptY=         5
55     L41             LIT      STR      270          =EmptY=         'ТЕСТО'
56     L42             LIT      CHAR     274          =EmptY=         '@'
57     L43             LIT      STR      277          =EmptY=         'ПОСЛЕ
58     L44             LIT      STR      280          =EmptY=         'test_uint = 
59     L45             LIT      STR      286          =EmptY=         'test_string = 
60     L46             LIT      STR      292          =EmptY=         'test_char = 
61     L47             LIT      STR      306          =EmptY=         '=== ТЕСТ БИТОВЫХ ОПЕРАЦИЙ ===
62     L48             LIT      STR      309          =EmptY=         'bitwise_ops(0x12, 0x00) = 
63     L49             LIT      UINT     314          =EmptY=         18
64     L50             LIT      UINT     316          =EmptY=         0
65     L51             LIT      STR      320          =EmptY=         ''
66     L52             LIT      UINT     325          =EmptY=         18
67     L53             LIT      UINT     327          =EmptY=         1
68     L54             LIT      STR      331          =EmptY=         'b'
69     L55             LIT      UINT     336          =EmptY=         18
70     L56             LIT      UINT     338          =EmptY=         2
71     L57             LIT      STR      342          =EmptY=         'bi'
72     L58             LIT      UINT     347          =EmptY=         18
73     L59             LIT      UINT     349          =EmptY=         3
74     L60             LIT      UINT     353          =EmptY=         0

--- FUNCTION METADATA DUMP ---
FUNCTION NAME                    | PARAMS COUNT | PARAM TYPES
---------------------------------+--------------+----------------------------
pow                              |            2 | INT, INT
random                           |            2 | INT, INT
demonstrate_underflow            |            0 | 
use_standard_library             |            0 | 
bitwise_ops                      |            2 | INT, INT
---------------------------------+--------------+----------------------------
Шаг: Правило             Входная лента                 Стек               
0   : S->tfi(){N};S       tfi(){pl;ti;ti;ti;i=l;pl;     S$                  
0   : SAVESTATE:          1
0   :                     tfi(){pl;ti;ti;ti;i=l;pl;     tfi(){N};S$         
1   :                     fi(){pl;ti;ti;ti;i=l;pl;p     fi(){N};S$          
2   :                     i(){pl;ti;ti;ti;i=l;pl;pi     i(){N};S$           
3   :                     (){pl;ti;ti;ti;i=l;pl;pi;     (){N};S$            
4   :                     ){pl;ti;ti;ti;i=l;pl;pi;i     ){N};S$             
5   :                     {pl;ti;ti;ti;i=l;pl;pi;i=     {N};S$              
6   :                     pl;ti;ti;ti;i=l;pl;pi;i=l     N};S$               
7   : N->pE;              pl;ti;ti;ti;i=l;pl;pi;i=l     N};S$               
7   : SAVESTATE:          2
7   :                     pl;ti;ti;ti;i=l;pl;pi;i=l     pE;};S$             
8   :                     l;ti;ti;ti;i=l;pl;pi;i=l;     E;};S$              
9   : E->l                l;ti;ti;ti;i=l;pl;pi;i=l;     E;};S$              
9   : SAVESTATE:          3
9   :                     l;ti;ti;ti;i=l;pl;pi;i=l;     l;};S$              
10  :                     ;ti;ti;ti;i=l;pl;pi;i=l;p     ;};S$               
11  :                     ti;ti;ti;i=l;pl;pi;i=l;pl     };S$                
12  : TS_NOK/NS_NORULECHAIN
12  : RESSTATE            
12  :                     l;ti;ti;ti;i=l;pl;pi;i=l;     E;};S$              
13  : E->lM               l;ti;ti;ti;i=l;pl;pi;i=l;     E;};S$              
13  : SAVESTATE:          3
13  :                     l;ti;ti;ti;i=l;pl;pi;i=l;     lM;};S$             
14  :                     ;ti;ti;ti;i=l;pl;pi;i=l;p     M;};S$              
15  : TNS_NORULECHAIN/NS_NORULE
15  : RESSTATE            
15  :                     l;ti;ti;ti;i=l;pl;pi;i=l;     E;};S$              
16  : TNS_NORULECHAIN/NS_NORULE
16  : RESSTATE            
16  :                     pl;ti;ti;ti;i=l;pl;pi;i=l     N};S$               
17  : N->pE;N             pl;ti;ti;ti;i=l;pl;pi;i=l     N};S$               
17  : SAVESTATE:          2
17  :                     pl;ti;ti;ti;i=l;pl;pi;i=l     pE;N};S$            
18  :                     l;ti;ti;ti;i=l;pl;pi;i=l;     E;N};S$             
19  : E->l                l;ti;ti;ti;i=l;pl;pi;i=l;     E;N};S$             
19  : SAVESTATE:          3
19  :                     l;ti;ti;ti;i=l;pl;pi;i=l;     l;N};S$             
20  :                     ;ti;ti;ti;i=l;pl;pi;i=l;p     ;N};S$              
21  :                     ti;ti;ti;i=l;pl;pi;i=l;pl     N};S$               
22  : N->ti;              ti;ti;ti;i=l;pl;pi;i=l;pl     N};S$               
22  : SAVESTATE:          4
22  :                     ti;ti;ti;i=l;pl;pi;i=l;pl     ti;};S$             
23  :                     i;ti;ti;i=l;pl;pi;i=l;pl;     i;};S$              
24  :                     ;ti;ti;i=l;pl;pi;i=l;pl;p     ;};S$               
25  :                     ti;ti;i=l;pl;pi;i=l;pl;pi     };S$                
26  : TS_NOK/NS_NORULECHAIN
26  : RESSTATE            
26  :                     ti;ti;ti;i=l;pl;pi;i=l;pl     N};S$               
27  : N->ti;N             ti;ti;ti;i=l;pl;pi;i=l;pl     N};S$               
27  : SAVESTATE:          4
27  :                     ti;ti;ti;i=l;pl;pi;i=l;pl     ti;N};S$            
28  :                     i;ti;ti;i=l;pl;pi;i=l;pl;     i;N};S$             
29  :                     ;ti;ti;i=l;pl;pi;i=l;pl;p     ;N};S$              
30  :                     ti;ti;i=l;pl;pi;i=l;pl;pi     N};S$               
31  : N->ti;              ti;ti;i=l;pl;pi;i=l;pl;pi     N};S$               
31  : SAVESTATE:          5
31  :                     ti;ti;i=l;pl;pi;i=l;pl;pi     ti;};S$             
32  :                     i;ti;i=l;pl;pi;i=l;pl;pi;     i;};S$              
33  :                     ;ti;i=l;pl;pi;i=l;pl;pi;i     ;};S$               
34  :                     ti;i=l;pl;pi;i=l;pl;pi;i=     };S$                
35  : TS_NOK/NS_NORULECHAIN
35  : RESSTATE            
35  :                     ti;ti;i=l;pl;pi;i=l;pl;pi     N};S$               
36  : N->ti;N             ti;ti;i=l;pl;pi;i=l;pl;pi     N};S$               
36  : SAVESTATE:          5
36  :                     ti;ti;i=l;pl;pi;i=l;pl;pi     ti;N};S$            
37  :                     i;ti;i=l;pl;pi;i=l;pl;pi;     i;N};S$             
38  :                     ;ti;i=l;pl;pi;i=l;pl;pi;i     ;N};S$              
39  :                     ti;i=l;pl;pi;i=l;pl;pi;i=     N};S$               
40  : N->ti;              ti;i=l;pl;pi;i=l;pl;pi;i=     N};S$               
40  : SAVESTATE:          6
40  :                     ti;i=l;pl;pi;i=l;pl;pi;i=     ti;};S$             
41  :                     i;i=l;pl;pi;i=l;pl;pi;i=i     i;};S$              
42  :                     ;i=l;pl;pi;i=l;pl;pi;i=i-     ;};S$               
43  :                     i=l;pl;pi;i=l;pl;pi;i=i-i     };S$                
44  : TS_NOK/NS_NORULECHAIN
44  : RESSTATE            
44  :                     ti;i=l;pl;pi;i=l;pl;pi;i=     N};S$               
45  : N->ti;N             ti;i=l;pl;pi;i=l;pl;pi;i=     N};S$               
45  : SAVESTATE:          6
45  :                     ti;i=l;pl;pi;i=l;pl;pi;i=     ti;N};S$            
46  :                     i;i=l;pl;pi;i=l;pl;pi;i=i     i;N};S$             
47  :                     ;i=l;pl;pi;i=l;pl;pi;i=i-     ;N};S$              
48  :                     i=l;pl;pi;i=l;pl;pi;i=i-i     N};S$               
49  : N->i();             i=l;pl;pi;i=l;pl;pi;i=i-i     N};S$               
49  : SAVESTATE:          7
49  :                     i=l;pl;pi;i=l;pl;pi;i=i-i     i();};S$            
50  :                     =l;pl;pi;i=l;pl;pi;i=i-i;     ();};S$             
51  : TS_NOK/NS_NORULECHAIN
51  : RESSTATE            
51  :                     i=l;pl;pi;i=l;pl;pi;i=i-i     N};S$               
52  : N->i();N            i=l;pl;pi;i=l;pl;pi;i=i-i     N};S$               
52  : SAVESTATE:          7
52  :                     i=l;pl;pi;i=l;pl;pi;i=i-i     i();N};S$           
53  :                     =l;pl;pi;i=l;pl;pi;i=i-i;     ();N};S$            
54  : TS_NOK/NS_NORULECHAIN
54  : RESSTATE            
54  :                     i=l;pl;pi;i=l;pl;pi;i=i-i     N};S$               
55  : N->i(W);            i=l;pl;pi;i=l;pl;pi;i=i-i     N};S$               
55  : SAVESTATE:          7
55  :                     i=l;pl;pi;i=l;pl;pi;i=i-i     i(W);};S$           
56  :                     =l;pl;pi;i=l;pl;pi;i=i-i;     (W);};S$            
57  : TS_NOK/NS_NORULECHAIN
57  : RESSTATE            
57  :                     i=l;pl;pi;i=l;pl;pi;i=i-i     N};S$               
58  : N->i(W);N           i=l;pl;pi;i=l;pl;pi;i=i-i     N};S$               
58  : SAVESTATE:          7
58  :                     i=l;pl;pi;i=l;pl;pi;i=i-i     i(W);N};S$          
59  :                     =l;pl;pi;i=l;pl;pi;i=i-i;     (W);N};S$           
60  : TS_NOK/NS_NORULECHAIN
60  : RESSTATE            
60  :                     i=l;pl;pi;i=l;pl;pi;i=i-i     N};S$               
61  : N->i()M;            i=l;pl;pi;i=l;pl;pi;i=i-i     N};S$               
61  : SAVESTATE:          7
61  :                     i=l;pl;pi;i=l;pl;pi;i=i-i     i()M;};S$           
62  :                     =l;pl;pi;i=l;pl;pi;i=i-i;     ()M;};S$            
63  : TS_NOK/NS_NORULECHAIN
63  : RESSTATE            
63  :                     i=l;pl;pi;i=l;pl;pi;i=i-i     N};S$               
64  : N->i()M;N           i=l;pl;pi;i=l;pl;pi;i=i-i     N};S$               
64  : SAVESTATE:          7
64  :                     i=l;pl;pi;i=l;pl;pi;i=i-i     i()M;N};S$          
65  :                     =l;pl;pi;i=l;pl;pi;i=i-i;     ()M;N};S$           
66  : TS_NOK/NS_NORULECHAIN
66  : RESSTATE            
66  :                     i=l;pl;pi;i=l;pl;pi;i=i-i     N};S$               
67  : N->i(W)M;           i=l;pl;pi;i=l;pl;pi;i=i-i     N};S$               
67  : SAVESTATE:          7
67  :                     i=l;pl;pi;i=l;pl;pi;i=i-i     i(W)M;};S$          
68  :                     =l;pl;pi;i=l;pl;pi;i=i-i;     (W)M;};S$           
69  : TS_NOK/NS_NORULECHAIN
69  : RESSTATE            
69  :                     i=l;pl;pi;i=l;pl;pi;i=i-i     N};S$               
70  : N->i(W)M;N          i=l;pl;pi;i=l;pl;pi;i=i-i     N};S$               
70  : SAVESTATE:          7
70  :                     i=l;pl;pi;i=l;pl;pi;i=i-i     i(W)M;N};S$         
71  :                     =l;pl;pi;i=l;pl;pi;i=i-i;     (W)M;N};S$          
72  : TS_NOK/NS_NORULECHAIN
72  : RESSTATE            
72  :                     i=l;pl;pi;i=l;pl;pi;i=i-i     N};S$               
73  : N->i=E;             i=l;pl;pi;i=l;pl;pi;i=i-i     N};S$               
73  : SAVESTATE:          7
73  :                     i=l;pl;pi;i=l;pl;pi;i=i-i     i=E;};S$            
74  :                     =l;pl;pi;i=l;pl;pi;i=i-i;     =E;};S$             
75  :                     l;pl;pi;i=l;pl;pi;i=i-i;p     E;};S$              
76  : E->l                l;pl;pi;i=l;pl;pi;i=i-i;p     E;};S$              
76  : SAVESTATE:          8
76  :                     l;pl;pi;i=l;pl;pi;i=i-i;p     l;};S$              
77  :                     ;pl;pi;i=l;pl;pi;i=i-i;pl     ;};S$               
78  :                     pl;pi;i=l;pl;pi;i=i-i;pl;     };S$                
79  : TS_NOK/NS_NORULECHAIN
79  : RESSTATE            
79  :                     l;pl;pi;i=l;pl;pi;i=i-i;p     E;};S$              
80  : E->lM               l;pl;pi;i=l;pl;pi;i=i-i;p     E;};S$              
80  : SAVESTATE:          8
80  :                     l;pl;pi;i=l;pl;pi;i=i-i;p     lM;};S$             
81  :                     ;pl;pi;i=l;pl;pi;i=i-i;pl     M;};S$              
82  : TNS_NORULECHAIN/NS_NORULE
82  : RESSTATE            
82  :                     l;pl;pi;i=l;pl;pi;i=i-i;p     E;};S$              
83  : TNS_NORULECHAIN/NS_NORULE
83  : RESSTATE            
83  :                     i=l;pl;pi;i=l;pl;pi;i=i-i     N};S$               
84  : N->i=E;N            i=l;pl;pi;i=l;pl;pi;i=i-i     N};S$               
84  : SAVESTATE:          7
84  :                     i=l;pl;pi;i=l;pl;pi;i=i-i     i=E;N};S$           
85  :                     =l;pl;pi;i=l;pl;pi;i=i-i;     =E;N};S$            
86  :                     l;pl;pi;i=l;pl;pi;i=i-i;p     E;N};S$             
87  : E->l                l;pl;pi;i=l;pl;pi;i=i-i;p     E;N};S$             
87  : SAVESTATE:          8
87  :                     l;pl;pi;i=l;pl;pi;i=i-i;p     l;N};S$             
88  :                     ;pl;pi;i=l;pl;pi;i=i-i;pl     ;N};S$              
89  :                     pl;pi;i=l;pl;pi;i=i-i;pl;     N};S$               
90  : N->pE;              pl;pi;i=l;pl;pi;i=i-i;pl;     N};S$               
90  : SAVESTATE:          9
90  :                     pl;pi;i=l;pl;pi;i=i-i;pl;     pE;};S$             
91  :                     l;pi;i=l;pl;pi;i=i-i;pl;p     E;};S$              
92  : E->l                l;pi;i=l;pl;pi;i=i-i;pl;p     E;};S$              
92  : SAVESTATE:          10
92  :                     l;pi;i=l;pl;pi;i=i-i;pl;p     l;};S$              
93  :                     ;pi;i=l;pl;pi;i=i-i;pl;pi     ;};S$               
94  :                     pi;i=l;pl;pi;i=i-i;pl;pi;     };S$                
95  : TS_NOK/NS_NORULECHAIN
95  : RESSTATE            
95  :                     l;pi;i=l;pl;pi;i=i-i;pl;p     E;};S$              
96  : E->lM               l;pi;i=l;pl;pi;i=i-i;pl;p     E;};S$              
96  : SAVESTATE:          10
96  :                     l;pi;i=l;pl;pi;i=i-i;pl;p     lM;};S$             
97  :                     ;pi;i=l;pl;pi;i=i-i;pl;pi     M;};S$              
98  : TNS_NORULECHAIN/NS_NORULE
98  : RESSTATE            
98  :                     l;pi;i=l;pl;pi;i=i-i;pl;p     E;};S$              
99  : TNS_NORULECHAIN/NS_NORULE
99  : RESSTATE            
99  :                     pl;pi;i=l;pl;pi;i=i-i;pl;     N};S$               
100 : N->pE;N             pl;pi;i=l;pl;pi;i=i-i;pl;     N};S$               
100 : SAVESTATE:          9
100 :                     pl;pi;i=l;pl;pi;i=i-i;pl;     pE;N};S$            
101 :                     l;pi;i=l;pl;pi;i=i-i;pl;p     E;N};S$             
102 : E->l                l;pi;i=l;pl;pi;i=i-i;pl;p     E;N};S$             
102 : SAVESTATE:          10
102 :                     l;pi;i=l;pl;pi;i=i-i;pl;p     l;N};S$             
103 :                     ;pi;i=l;pl;pi;i=i-i;pl;pi     ;N};S$              
104 :                     pi;i=l;pl;pi;i=i-i;pl;pi;     N};S$               
105 : N->pE;              pi;i=l;pl;pi;i=i-i;pl;pi;     N};S$               
105 : SAVESTATE:          11
105 :                     pi;i=l;pl;pi;i=i-i;pl;pi;     pE;};S$             
106 :                     i;i=l;pl;pi;i=i-i;pl;pi;r     E;};S$              
107 : E->i()              i;i=l;pl;pi;i=i-i;pl;pi;r     E;};S$              
107 : SAVESTATE:          12
107 :                     i;i=l;pl;pi;i=i-i;pl;pi;r     i();};S$            
108 :                     ;i=l;pl;pi;i=i-i;pl;pi;rl     ();};S$             
109 : TS_NOK/NS_NORULECHAIN
109 : RESSTATE            
109 :                     i;i=l;pl;pi;i=i-i;pl;pi;r     E;};S$              
110 : E->i()M             i;i=l;pl;pi;i=i-i;pl;pi;r     E;};S$              
110 : SAVESTATE:          12
110 :                     i;i=l;pl;pi;i=i-i;pl;pi;r     i()M;};S$           
111 :                     ;i=l;pl;pi;i=i-i;pl;pi;rl     ()M;};S$            
112 : TS_NOK/NS_NORULECHAIN
112 : RESSTATE            
112 :                     i;i=l;pl;pi;i=i-i;pl;pi;r     E;};S$              
113 : E->i(W)             i;i=l;pl;pi;i=i-i;pl;pi;r     E;};S$              
113 : SAVESTATE:          12
113 :                     i;i=l;pl;pi;i=i-i;pl;pi;r     i(W);};S$           
114 :                     ;i=l;pl;pi;i=i-i;pl;pi;rl     (W);};S$            
115 : TS_NOK/NS_NORULECHAIN
115 : RESSTATE            
115 :                     i;i=l;pl;pi;i=i-i;pl;pi;r     E;};S$              
116 : E->i(W)M            i;i=l;pl;pi;i=i-i;pl;pi;r     E;};S$              
116 : SAVESTATE:          12
116 :                     i;i=l;pl;pi;i=i-i;pl;pi;r     i(W)M;};S$          
117 :                     ;i=l;pl;pi;i=i-i;pl;pi;rl     (W)M;};S$           
118 : TS_NOK/NS_NORULECHAIN
118 : RESSTATE            
118 :                     i;i=l;pl;pi;i=i-i;pl;pi;r     E;};S$              
119 : E->i                i;i=l;pl;pi;i=i-i;pl;pi;r     E;};S$              
119 : SAVESTATE:          12
119 :                     i;i=l;pl;pi;i=i-i;pl;pi;r     i;};S$              
120 :                     ;i=l;pl;pi;i=i-i;pl;pi;rl     ;};S$               
121 :                     i=l;pl;pi;i=i-i;pl;pi;rl;     };S$                
122 : TS_NOK/NS_NORULECHAIN
122 : RESSTATE            
122 :                     i;i=l;pl;pi;i=i-i;pl;pi;r     E;};S$              
123 : E->iM               i;i=l;pl;pi;i=i-i;pl;pi;r     E;};S$              
123 : SAVESTATE:          12
123 :                     i;i=l;pl;pi;i=i-i;pl;pi;r     iM;};S$             
124 :                     ;i=l;pl;pi;i=i-i;pl;pi;rl     M;};S$              
125 : TNS_NORULECHAIN/NS_NORULE
125 : RESSTATE            
125 :                     i;i=l;pl;pi;i=i-i;pl;pi;r     E;};S$              
126 : TNS_NORULECHAIN/NS_NORULE
126 : RESSTATE            
126 :                     pi;i=l;pl;pi;i=i-i;pl;pi;     N};S$               
127 : N->pE;N             pi;i=l;pl;pi;i=i-i;pl;pi;     N};S$               
127 : SAVESTATE:          11
127 :                     pi;i=l;pl;pi;i=i-i;pl;pi;     pE;N};S$            
128 :                     i;i=l;pl;pi;i=i-i;pl;pi;r     E;N};S$             
129 : E->i()              i;i=l;pl;pi;i=i-i;pl;pi;r     E;N};S$             
129 : SAVESTATE:          12
129 :                     i;i=l;pl;pi;i=i-i;pl;pi;r     i();N};S$           
130 :                     ;i=l;pl;pi;i=i-i;pl;pi;rl     ();N};S$            
131 : TS_NOK/NS_NORULECHAIN
131 : RESSTATE            
131 :                     i;i=l;pl;pi;i=i-i;pl;pi;r     E;N};S$             
132 : E->i()M             i;i=l;pl;pi;i=i-i;pl;pi;r     E;N};S$             
132 : SAVESTATE:          12
132 :                     i;i=l;pl;pi;i=i-i;pl;pi;r     i()M;N};S$          
133 :                     ;i=l;pl;pi;i=i-i;pl;pi;rl     ()M;N};S$           
134 : TS_NOK/NS_NORULECHAIN
134 : RESSTATE            
134 :                     i;i=l;pl;pi;i=i-i;pl;pi;r     E;N};S$             
135 : E->i(W)             i;i=l;pl;pi;i=i-i;pl;pi;r     E;N};S$             
135 : SAVESTATE:          12
135 :                     i;i=l;pl;pi;i=i-i;pl;pi;r     i(W);N};S$          
136 :                     ;i=l;pl;pi;i=i-i;pl;pi;rl     (W);N};S$           
137 : TS_NOK/NS_NORULECHAIN
137 : RESSTATE            
137 :                     i;i=l;pl;pi;i=i-i;pl;pi;r     E;N};S$             
138 : E->i(W)M            i;i=l;pl;pi;i=i-i;pl;pi;r     E;N};S$             
138 : SAVESTATE:          12
138 :                     i;i=l;pl;pi;i=i-i;pl;pi;r     i(W)M;N};S$         
139 :                     ;i=l;pl;pi;i=i-i;pl;pi;rl     (W)M;N};S$          
140 : TS_NOK/NS_NORULECHAIN
140 : RESSTATE            
140 :                     i;i=l;pl;pi;i=i-i;pl;pi;r     E;N};S$             
141 : E->i                i;i=l;pl;pi;i=i-i;pl;pi;r     E;N};S$             
141 : SAVESTATE:          12
141 :                     i;i=l;pl;pi;i=i-i;pl;pi;r     i;N};S$             
142 :                     ;i=l;pl;pi;i=i-i;pl;pi;rl     ;N};S$              
143 :                     i=l;pl;pi;i=i-i;pl;pi;rl;     N};S$               
144 : N->i();             i=l;pl;pi;i=i-i;pl;pi;rl;     N};S$               
144 : SAVESTATE:          13
144 :                     i=l;pl;pi;i=i-i;pl;pi;rl;     i();};S$            
145 :                     =l;pl;pi;i=i-i;pl;pi;rl;}     ();};S$             
146 : TS_NOK/NS_NORULECHAIN
146 : RESSTATE            
146 :                     i=l;pl;pi;i=i-i;pl;pi;rl;     N};S$               
147 : N->i();N            i=l;pl;pi;i=i-i;pl;pi;rl;     N};S$               
147 : SAVESTATE:          13
147 :                     i=l;pl;pi;i=i-i;pl;pi;rl;     i();N};S$           
148 :                     =l;pl;pi;i=i-i;pl;pi;rl;}     ();N};S$            
149 : TS_NOK/NS_NORULECHAIN
149 : RESSTATE            
149 :                     i=l;pl;pi;i=i-i;pl;pi;rl;     N};S$               
150 : N->i(W);            i=l;pl;pi;i=i-i;pl;pi;rl;     N};S$               
150 : SAVESTATE:          13
150 :                     i=l;pl;pi;i=i-i;pl;pi;rl;     i(W);};S$           
151 :                     =l;pl;pi;i=i-i;pl;pi;rl;}     (W);};S$            
152 : TS_NOK/NS_NORULECHAIN
152 : RESSTATE            
152 :                     i=l;pl;pi;i=i-i;pl;pi;rl;     N};S$               
153 : N->i(W);N           i=l;pl;pi;i=i-i;pl;pi;rl;     N};S$               
153 : SAVESTATE:          13
153 :                     i=l;pl;pi;i=i-i;pl;pi;rl;     i(W);N};S$          
154 :                     =l;pl;pi;i=i-i;pl;pi;rl;}     (W);N};S$           
155 : TS_NOK/NS_NORULECHAIN
155 : RESSTATE            
155 :                     i=l;pl;pi;i=i-i;pl;pi;rl;     N};S$               
156 : N->i()M;            i=l;pl;pi;i=i-i;pl;pi;rl;     N};S$               
156 : SAVESTATE:          13
156 :                     i=l;pl;pi;i=i-i;pl;pi;rl;     i()M;};S$           
157 :                     =l;pl;pi;i=i-i;pl;pi;rl;}     ()M;};S$            
158 : TS_NOK/NS_NORULECHAIN
158 : RESSTATE            
158 :                     i=l;pl;pi;i=i-i;pl;pi;rl;     N};S$               
159 : N->i()M;N           i=l;pl;pi;i=i-i;pl;pi;rl;     N};S$               
159 : SAVESTATE:          13
159 :                     i=l;pl;pi;i=i-i;pl;pi;rl;     i()M;N};S$          
160 :                     =l;pl;pi;i=i-i;pl;pi;rl;}     ()M;N};S$           
161 : TS_NOK/NS_NORULECHAIN
161 : RESSTATE            
161 :                     i=l;pl;pi;i=i-i;pl;pi;rl;     N};S$               
162 : N->i(W)M;           i=l;pl;pi;i=i-i;pl;pi;rl;     N};S$               
162 : SAVESTATE:          13
162 :                     i=l;pl;pi;i=i-i;pl;pi;rl;     i(W)M;};S$          
163 :                     =l;pl;pi;i=i-i;pl;pi;rl;}     (W)M;};S$           
164 : TS_NOK/NS_NORULECHAIN
164 : RESSTATE            
164 :                     i=l;pl;pi;i=i-i;pl;pi;rl;     N};S$               
165 : N->i(W)M;N          i=l;pl;pi;i=i-i;pl;pi;rl;     N};S$               
165 : SAVESTATE:          13
165 :                     i=l;pl;pi;i=i-i;pl;pi;rl;     i(W)M;N};S$         
166 :                     =l;pl;pi;i=i-i;pl;pi;rl;}     (W)M;N};S$          
167 : TS_NOK/NS_NORULECHAIN
167 : RESSTATE            
167 :                     i=l;pl;pi;i=i-i;pl;pi;rl;     N};S$               
168 : N->i=E;             i=l;pl;pi;i=i-i;pl;pi;rl;     N};S$               
168 : SAVESTATE:          13
168 :                     i=l;pl;pi;i=i-i;pl;pi;rl;     i=E;};S$            
169 :                     =l;pl;pi;i=i-i;pl;pi;rl;}     =E;};S$             
170 :                     l;pl;pi;i=i-i;pl;pi;rl;};     E;};S$              
171 : E->l                l;pl;pi;i=i-i;pl;pi;rl;};     E;};S$              
171 : SAVESTATE:          14
171 :                     l;pl;pi;i=i-i;pl;pi;rl;};     l;};S$              
172 :                     ;pl;pi;i=i-i;pl;pi;rl;};t     ;};S$               
173 :                     pl;pi;i=i-i;pl;pi;rl;};tf     };S$                
174 : TS_NOK/NS_NORULECHAIN
174 : RESSTATE            
174 :                     l;pl;pi;i=i-i;pl;pi;rl;};     E;};S$              
175 : E->lM               l;pl;pi;i=i-i;pl;pi;rl;};     E;};S$              
175 : SAVESTATE:          14
175 :                     l;pl;pi;i=i-i;pl;pi;rl;};     lM;};S$             
176 :                     ;pl;pi;i=i-i;pl;pi;rl;};t     M;};S$              
177 : TNS_NORULECHAIN/NS_NORULE
177 : RESSTATE            
177 :                     l;pl;pi;i=i-i;pl;pi;rl;};     E;};S$              
178 : TNS_NORULECHAIN/NS_NORULE
178 : RESSTATE            
178 :                     i=l;pl;pi;i=i-i;pl;pi;rl;     N};S$               
179 : N->i=E;N            i=l;pl;pi;i=i-i;pl;pi;rl;     N};S$               
179 : SAVESTATE:          13
179 :                     i=l;pl;pi;i=i-i;pl;pi;rl;     i=E;N};S$           
180 :                     =l;pl;pi;i=i-i;pl;pi;rl;}     =E;N};S$            
181 :                     l;pl;pi;i=i-i;pl;pi;rl;};     E;N};S$             
182 : E->l                l;pl;pi;i=i-i;pl;pi;rl;};     E;N};S$             
182 : SAVESTATE:          14
182 :                     l;pl;pi;i=i-i;pl;pi;rl;};     l;N};S$             
183 :                     ;pl;pi;i=i-i;pl;pi;rl;};t     ;N};S$              
184 :                     pl;pi;i=i-i;pl;pi;rl;};tf     N};S$               
185 : N->pE;              pl;pi;i=i-i;pl;pi;rl;};tf     N};S$               
185 : SAVESTATE:          15
185 :                     pl;pi;i=i-i;pl;pi;rl;};tf     pE;};S$             
186 :                     l;pi;i=i-i;pl;pi;rl;};tfi     E;};S$              
187 : E->l                l;pi;i=i-i;pl;pi;rl;};tfi     E;};S$              
187 : SAVESTATE:          16
187 :                     l;pi;i=i-i;pl;pi;rl;};tfi     l;};S$              
188 :                     ;pi;i=i-i;pl;pi;rl;};tfi(     ;};S$               
189 :                     pi;i=i-i;pl;pi;rl;};tfi()     };S$                
190 : TS_NOK/NS_NORULECHAIN
190 : RESSTATE            
190 :                     l;pi;i=i-i;pl;pi;rl;};tfi     E;};S$              
191 : E->lM               l;pi;i=i-i;pl;pi;rl;};tfi     E;};S$              
191 : SAVESTATE:          16
191 :                     l;pi;i=i-i;pl;pi;rl;};tfi     lM;};S$             
192 :                     ;pi;i=i-i;pl;pi;rl;};tfi(     M;};S$              
193 : TNS_NORULECHAIN/NS_NORULE
193 : RESSTATE            
193 :                     l;pi;i=i-i;pl;pi;rl;};tfi     E;};S$              
194 : TNS_NORULECHAIN/NS_NORULE
194 : RESSTATE            
194 :                     pl;pi;i=i-i;pl;pi;rl;};tf     N};S$               
195 : N->pE;N             pl;pi;i=i-i;pl;pi;rl;};tf     N};S$               
195 : SAVESTATE:          15
195 :                     pl;pi;i=i-i;pl;pi;rl;};tf     pE;N};S$            
196 :                     l;pi;i=i-i;pl;pi;rl;};tfi     E;N};S$             
197 : E->l                l;pi;i=i-i;pl;pi;rl;};tfi     E;N};S$             
197 : SAVESTATE:          16
197 :                     l;pi;i=i-i;pl;pi;rl;};tfi     l;N};S$             
198 :                     ;pi;i=i-i;pl;pi;rl;};tfi(     ;N};S$              
199 :                     pi;i=i-i;pl;pi;rl;};tfi()     N};S$               
200 : N->pE;              pi;i=i-i;pl;pi;rl;};tfi()     N};S$               
200 : SAVESTATE:          17
200 :                     pi;i=i-i;pl;pi;rl;};tfi()     pE;};S$             
201 :                     i;i=i-i;pl;pi;rl;};tfi(){     E;};S$              
202 : E->i()              i;i=i-i;pl;pi;rl;};tfi(){     E;};S$              
202 : SAVESTATE:          18
202 :                     i;i=i-i;pl;pi;rl;};tfi(){     i();};S$            
203 :                     ;i=i-i;pl;pi;rl;};tfi(){p     ();};S$             
204 : TS_NOK/NS_NORULECHAIN
204 : RESSTATE            
204 :                     i;i=i-i;pl;pi;rl;};tfi(){     E;};S$              
205 : E->i()M             i;i=i-i;pl;pi;rl;};tfi(){     E;};S$              
205 : SAVESTATE:          18
205 :                     i;i=i-i;pl;pi;rl;};tfi(){     i()M;};S$           
206 :                     ;i=i-i;pl;pi;rl;};tfi(){p     ()M;};S$            
207 : TS_NOK/NS_NORULECHAIN
207 : RESSTATE            
207 :                     i;i=i-i;pl;pi;rl;};tfi(){     E;};S$              
208 : E->i(W)             i;i=i-i;pl;pi;rl;};tfi(){     E;};S$              
208 : SAVESTATE:          18
208 :                     i;i=i-i;pl;pi;rl;};tfi(){     i(W);};S$           
209 :                     ;i=i-i;pl;pi;rl;};tfi(){p     (W);};S$            
210 : TS_NOK/NS_NORULECHAIN
210 : RESSTATE            
210 :                     i;i=i-i;pl;pi;rl;};tfi(){     E;};S$              
211 : E->i(W)M            i;i=i-i;pl;pi;rl;};tfi(){     E;};S$              
211 : SAVESTATE:          18
211 :                     i;i=i-i;pl;pi;rl;};tfi(){     i(W)M;};S$          
212 :                     ;i=i-i;pl;pi;rl;};tfi(){p     (W)M;};S$           
213 : TS_NOK/NS_NORULECHAIN
213 : RESSTATE            
213 :                     i;i=i-i;pl;pi;rl;};tfi(){     E;};S$              
214 : E->i                i;i=i-i;pl;pi;rl;};tfi(){     E;};S$              
214 : SAVESTATE:          18
214 :                     i;i=i-i;pl;pi;rl;};tfi(){     i;};S$              
215 :                     ;i=i-i;pl;pi;rl;};tfi(){p     ;};S$               
216 :                     i=i-i;pl;pi;rl;};tfi(){pl     };S$                
217 : TS_NOK/NS_NORULECHAIN
217 : RESSTATE            
217 :                     i;i=i-i;pl;pi;rl;};tfi(){     E;};S$              
218 : E->iM               i;i=i-i;pl;pi;rl;};tfi(){     E;};S$              
218 : SAVESTATE:          18
218 :                     i;i=i-i;pl;pi;rl;};tfi(){     iM;};S$             
219 :                     ;i=i-i;pl;pi;rl;};tfi(){p     M;};S$              
220 : TNS_NORULECHAIN/NS_NORULE
220 : RESSTATE            
220 :                     i;i=i-i;pl;pi;rl;};tfi(){     E;};S$              
221 : TNS_NORULECHAIN/NS_NORULE
221 : RESSTATE            
221 :                     pi;i=i-i;pl;pi;rl;};tfi()     N};S$               
222 : N->pE;N             pi;i=i-i;pl;pi;rl;};tfi()     N};S$               
222 : SAVESTATE:          17
222 :                     pi;i=i-i;pl;pi;rl;};tfi()     pE;N};S$            
223 :                     i;i=i-i;pl;pi;rl;};tfi(){     E;N};S$             
224 : E->i()              i;i=i-i;pl;pi;rl;};tfi(){     E;N};S$             
224 : SAVESTATE:          18
224 :                     i;i=i-i;pl;pi;rl;};tfi(){     i();N};S$           
225 :                     ;i=i-i;pl;pi;rl;};tfi(){p     ();N};S$            
226 : TS_NOK/NS_NORULECHAIN
226 : RESSTATE            
226 :                     i;i=i-i;pl;pi;rl;};tfi(){     E;N};S$             
227 : E->i()M             i;i=i-i;pl;pi;rl;};tfi(){     E;N};S$             
227 : SAVESTATE:          18
227 :                     i;i=i-i;pl;pi;rl;};tfi(){     i()M;N};S$          
228 :                     ;i=i-i;pl;pi;rl;};tfi(){p     ()M;N};S$           
229 : TS_NOK/NS_NORULECHAIN
229 : RESSTATE            
229 :                     i;i=i-i;pl;pi;rl;};tfi(){     E;N};S$             
230 : E->i(W)             i;i=i-i;pl;pi;rl;};tfi(){     E;N};S$             
230 : SAVESTATE:          18
230 :                     i;i=i-i;pl;pi;rl;};tfi(){     i(W);N};S$          
231 :                     ;i=i-i;pl;pi;rl;};tfi(){p     (W);N};S$           
232 : TS_NOK/NS_NORULECHAIN
232 : RESSTATE            
232 :                     i;i=i-i;pl;pi;rl;};tfi(){     E;N};S$             
233 : E->i(W)M            i;i=i-i;pl;pi;rl;};tfi(){     E;N};S$             
233 : SAVESTATE:          18
233 :                     i;i=i-i;pl;pi;rl;};tfi(){     i(W)M;N};S$         
234 :                     ;i=i-i;pl;pi;rl;};tfi(){p     (W)M;N};S$          
235 : TS_NOK/NS_NORULECHAIN
235 : RESSTATE            
235 :                     i;i=i-i;pl;pi;rl;};tfi(){     E;N};S$             
236 : E->i                i;i=i-i;pl;pi;rl;};tfi(){     E;N};S$             
236 : SAVESTATE:          18
236 :                     i;i=i-i;pl;pi;rl;};tfi(){     i;N};S$             
237 :                     ;i=i-i;pl;pi;rl;};tfi(){p     ;N};S$              
238 :                     i=i-i;pl;pi;rl;};tfi(){pl     N};S$               
239 : N->i();             i=i-i;pl;pi;rl;};tfi(){pl     N};S$               
239 : SAVESTATE:          19
239 :                     i=i-i;pl;pi;rl;};tfi(){pl     i();};S$            
240 :                     =i-i;pl;pi;rl;};tfi(){pl;     ();};S$             
241 : TS_NOK/NS_NORULECHAIN
241 : RESSTATE            
241 :                     i=i-i;pl;pi;rl;};tfi(){pl     N};S$               
242 : N->i();N            i=i-i;pl;pi;rl;};tfi(){pl     N};S$               
242 : SAVESTATE:          19
242 :                     i=i-i;pl;pi;rl;};tfi(){pl     i();N};S$           
243 :                     =i-i;pl;pi;rl;};tfi(){pl;     ();N};S$            
244 : TS_NOK/NS_NORULECHAIN
244 : RESSTATE            
244 :                     i=i-i;pl;pi;rl;};tfi(){pl     N};S$               
245 : N->i(W);            i=i-i;pl;pi;rl;};tfi(){pl     N};S$               
245 : SAVESTATE:          19
245 :                     i=i-i;pl;pi;rl;};tfi(){pl     i(W);};S$           
246 :                     =i-i;pl;pi;rl;};tfi(){pl;     (W);};S$            
247 : TS_NOK/NS_NORULECHAIN
247 : RESSTATE            
247 :                     i=i-i;pl;pi;rl;};tfi(){pl     N};S$               
248 : N->i(W);N           i=i-i;pl;pi;rl;};tfi(){pl     N};S$               
248 : SAVESTATE:          19
248 :                     i=i-i;pl;pi;rl;};tfi(){pl     i(W);N};S$          
249 :                     =i-i;pl;pi;rl;};tfi(){pl;     (W);N};S$           
250 : TS_NOK/NS_NORULECHAIN
250 : RESSTATE            
250 :                     i=i-i;pl;pi;rl;};tfi(){pl     N};S$               
251 : N->i()M;            i=i-i;pl;pi;rl;};tfi(){pl     N};S$               
251 : SAVESTATE:          19
251 :                     i=i-i;pl;pi;rl;};tfi(){pl     i()M;};S$           
252 :                     =i-i;pl;pi;rl;};tfi(){pl;     ()M;};S$            
253 : TS_NOK/NS_NORULECHAIN
253 : RESSTATE            
253 :                     i=i-i;pl;pi;rl;};tfi(){pl     N};S$               
254 : N->i()M;N           i=i-i;pl;pi;rl;};tfi(){pl     N};S$               
254 : SAVESTATE:          19
254 :                     i=i-i;pl;pi;rl;};tfi(){pl     i()M;N};S$          
255 :                     =i-i;pl;pi;rl;};tfi(){pl;     ()M;N};S$           
256 : TS_NOK/NS_NORULECHAIN
256 : RESSTATE            
256 :                     i=i-i;pl;pi;rl;};tfi(){pl     N};S$               
257 : N->i(W)M;           i=i-i;pl;pi;rl;};tfi(){pl     N};S$               
257 : SAVESTATE:          19
257 :                     i=i-i;pl;pi;rl;};tfi(){pl     i(W)M;};S$          
258 :                     =i-i;pl;pi;rl;};tfi(){pl;     (W)M;};S$           
259 : TS_NOK/NS_NORULECHAIN
259 : RESSTATE            
259 :                     i=i-i;pl;pi;rl;};tfi(){pl     N};S$               
260 : N->i(W)M;N          i=i-i;pl;pi;rl;};tfi(){pl     N};S$               
260 : SAVESTATE:          19
260 :                     i=i-i;pl;pi;rl;};tfi(){pl     i(W)M;N};S$         
261 :                     =i-i;pl;pi;rl;};tfi(){pl;     (W)M;N};S$          
262 : TS_NOK/NS_NORULECHAIN
262 : RESSTATE            
262 :                     i=i-i;pl;pi;rl;};tfi(){pl     N};S$               
263 : N->i=E;             i=i-i;pl;pi;rl;};tfi(){pl     N};S$               
263 : SAVESTATE:          19
263 :                     i=i-i;pl;pi;rl;};tfi(){pl     i=E;};S$            
264 :                     =i-i;pl;pi;rl;};tfi(){pl;     =E;};S$             
265 :                     i-i;pl;pi;rl;};tfi(){pl;p     E;};S$              
266 : E->i()              i-i;pl;pi;rl;};tfi(){pl;p     E;};S$              
266 : SAVESTATE:          20
266 :                     i-i;pl;pi;rl;};tfi(){pl;p     i();};S$            
267 :                     -i;pl;pi;rl;};tfi(){pl;pl     ();};S$             
268 : TS_NOK/NS_NORULECHAIN
268 : RESSTATE            
268 :                     i-i;pl;pi;rl;};tfi(){pl;p     E;};S$              
269 : E->i()M             i-i;pl;pi;rl;};tfi(){pl;p     E;};S$              
269 : SAVESTATE:          20
269 :                     i-i;pl;pi;rl;};tfi(){pl;p     i()M;};S$           
270 :                     -i;pl;pi;rl;};tfi(){pl;pl     ()M;};S$            
271 : TS_NOK/NS_NORULECHAIN
271 : RESSTATE            
271 :                     i-i;pl;pi;rl;};tfi(){pl;p     E;};S$              
272 : E->i(W)             i-i;pl;pi;rl;};tfi(){pl;p     E;};S$              
272 : SAVESTATE:          20
272 :                     i-i;pl;pi;rl;};tfi(){pl;p     i(W);};S$           
273 :                     -i;pl;pi;rl;};tfi(){pl;pl     (W);};S$            
274 : TS_NOK/NS_NORULECHAIN
274 : RESSTATE            
274 :                     i-i;pl;pi;rl;};tfi(){pl;p     E;};S$              
275 : E->i(W)M            i-i;pl;pi;rl;};tfi(){pl;p     E;};S$              
275 : SAVESTATE:          20
275 :                     i-i;pl;pi;rl;};tfi(){pl;p     i(W)M;};S$          
276 :                     -i;pl;pi;rl;};tfi(){pl;pl     (W)M;};S$           
277 : TS_NOK/NS_NORULECHAIN
277 : RESSTATE            
277 :                     i-i;pl;pi;rl;};tfi(){pl;p     E;};S$              
278 : E->i                i-i;pl;pi;rl;};tfi(){pl;p     E;};S$              
278 : SAVESTATE:          20
278 :                     i-i;pl;pi;rl;};tfi(){pl;p     i;};S$              
279 :                     -i;pl;pi;rl;};tfi(){pl;pl     ;};S$               
280 : TS_NOK/NS_NORULECHAIN
280 : RESSTATE            
280 :                     i-i;pl;pi;rl;};tfi(){pl;p     E;};S$              
281 : E->iM               i-i;pl;pi;rl;};tfi(){pl;p     E;};S$              
281 : SAVESTATE:          20
281 :                     i-i;pl;pi;rl;};tfi(){pl;p     iM;};S$             
282 :                     -i;pl;pi;rl;};tfi(){pl;pl     M;};S$              
283 : M->-E               -i;pl;pi;rl;};tfi(){pl;pl     M;};S$              
283 : SAVESTATE:          21
283 :                     -i;pl;pi;rl;};tfi(){pl;pl     -E;};S$             
284 :                     i;pl;pi;rl;};tfi(){pl;pl;     E;};S$              
285 : E->i()              i;pl;pi;rl;};tfi(){pl;pl;     E;};S$              
285 : SAVESTATE:          22
285 :                     i;pl;pi;rl;};tfi(){pl;pl;     i();};S$            
286 :                     ;pl;pi;rl;};tfi(){pl;pl;p     ();};S$             
287 : TS_NOK/NS_NORULECHAIN
287 : RESSTATE            
287 :                     i;pl;pi;rl;};tfi(){pl;pl;     E;};S$              
288 : E->i()M             i;pl;pi;rl;};tfi(){pl;pl;     E;};S$              
288 : SAVESTATE:          22
288 :                     i;pl;pi;rl;};tfi(){pl;pl;     i()M;};S$           
289 :                     ;pl;pi;rl;};tfi(){pl;pl;p     ()M;};S$            
290 : TS_NOK/NS_NORULECHAIN
290 : RESSTATE            
290 :                     i;pl;pi;rl;};tfi(){pl;pl;     E;};S$              
291 : E->i(W)             i;pl;pi;rl;};tfi(){pl;pl;     E;};S$              
291 : SAVESTATE:          22
291 :                     i;pl;pi;rl;};tfi(){pl;pl;     i(W);};S$           
292 :                     ;pl;pi;rl;};tfi(){pl;pl;p     (W);};S$            
293 : TS_NOK/NS_NORULECHAIN
293 : RESSTATE            
293 :                     i;pl;pi;rl;};tfi(){pl;pl;     E;};S$              
294 : E->i(W)M            i;pl;pi;rl;};tfi(){pl;pl;     E;};S$              
294 : SAVESTATE:          22
294 :                     i;pl;pi;rl;};tfi(){pl;pl;     i(W)M;};S$          
295 :                     ;pl;pi;rl;};tfi(){pl;pl;p     (W)M;};S$           
296 : TS_NOK/NS_NORULECHAIN
296 : RESSTATE            
296 :                     i;pl;pi;rl;};tfi(){pl;pl;     E;};S$              
297 : E->i                i;pl;pi;rl;};tfi(){pl;pl;     E;};S$              
297 : SAVESTATE:          22
297 :                     i;pl;pi;rl;};tfi(){pl;pl;     i;};S$              
298 :                     ;pl;pi;rl;};tfi(){pl;pl;p     ;};S$               
299 :                     pl;pi;rl;};tfi(){pl;pl;pi     };S$                
300 : TS_NOK/NS_NORULECHAIN
300 : RESSTATE            
300 :                     i;pl;pi;rl;};tfi(){pl;pl;     E;};S$              
301 : E->iM               i;pl;pi;rl;};tfi(){pl;pl;     E;};S$              
301 : SAVESTATE:          22
301 :                     i;pl;pi;rl;};tfi(){pl;pl;     iM;};S$             
302 :                     ;pl;pi;rl;};tfi(){pl;pl;p     M;};S$              
303 : TNS_NORULECHAIN/NS_NORULE
303 : RESSTATE            
303 :                     i;pl;pi;rl;};tfi(){pl;pl;     E;};S$              
304 : TNS_NORULECHAIN/NS_NORULE
304 : RESSTATE            
304 :                     -i;pl;pi;rl;};tfi(){pl;pl     M;};S$              
305 : M->-EM              -i;pl;pi;rl;};tfi(){pl;pl     M;};S$              
305 : SAVESTATE:          21
305 :                     -i;pl;pi;rl;};tfi(){pl;pl     -EM;};S$            
306 :                     i;pl;pi;rl;};tfi(){pl;pl;     EM;};S$             
307 : E->i()              i;pl;pi;rl;};tfi(){pl;pl;     EM;};S$             
307 : SAVESTATE:          22
307 :                     i;pl;pi;rl;};tfi(){pl;pl;     i()M;};S$           
308 :                     ;pl;pi;rl;};tfi(){pl;pl;p     ()M;};S$            
309 : TS_NOK/NS_NORULECHAIN
309 : RESSTATE            
309 :                     i;pl;pi;rl;};tfi(){pl;pl;     EM;};S$             
310 : E->i()M             i;pl;pi;rl;};tfi(){pl;pl;     EM;};S$             
310 : SAVESTATE:          22
310 :                     i;pl;pi;rl;};tfi(){pl;pl;     i()MM;};S$          
311 :                     ;pl;pi;rl;};tfi(){pl;pl;p     ()MM;};S$           
312 : TS_NOK/NS_NORULECHAIN
312 : RESSTATE            
312 :                     i;pl;pi;rl;};tfi(){pl;pl;     EM;};S$             
313 : E->i(W)             i;pl;pi;rl;};tfi(){pl;pl;     EM;};S$             
313 : SAVESTATE:          22
313 :                     i;pl;pi;rl;};tfi(){pl;pl;     i(W)M;};S$          
314 :                     ;pl;pi;rl;};tfi(){pl;pl;p     (W)M;};S$           
315 : TS_NOK/NS_NORULECHAIN
315 : RESSTATE            
315 :                     i;pl;pi;rl;};tfi(){pl;pl;     EM;};S$             
316 : E->i(W)M            i;pl;pi;rl;};tfi(){pl;pl;     EM;};S$             
316 : SAVESTATE:          22
316 :                     i;pl;pi;rl;};tfi(){pl;pl;     i(W)MM;};S$         
317 :                     ;pl;pi;rl;};tfi(){pl;pl;p     (W)MM;};S$          
318 : TS_NOK/NS_NORULECHAIN
318 : RESSTATE            
318 :                     i;pl;pi;rl;};tfi(){pl;pl;     EM;};S$             
319 : E->i                i;pl;pi;rl;};tfi(){pl;pl;     EM;};S$             
319 : SAVESTATE:          22
319 :                     i;pl;pi;rl;};tfi(){pl;pl;     iM;};S$             
320 :                     ;pl;pi;rl;};tfi(){pl;pl;p     M;};S$              
321 : TNS_NORULECHAIN/NS_NORULE
321 : RESSTATE            
321 :                     i;pl;pi;rl;};tfi(){pl;pl;     EM;};S$             
322 : E->iM               i;pl;pi;rl;};tfi(){pl;pl;     EM;};S$             
322 : SAVESTATE:          22
322 :                     i;pl;pi;rl;};tfi(){pl;pl;     iMM;};S$            
323 :                     ;pl;pi;rl;};tfi(){pl;pl;p     MM;};S$             
324 : TNS_NORULECHAIN/NS_NORULE
324 : RESSTATE            
324 :                     i;pl;pi;rl;};tfi(){pl;pl;     EM;};S$             
325 : TNS_NORULECHAIN/NS_NORULE
325 : RESSTATE            
325 :                     -i;pl;pi;rl;};tfi(){pl;pl     M;};S$              
326 : TNS_NORULECHAIN/NS_NORULE
326 : RESSTATE            
326 :                     i-i;pl;pi;rl;};tfi(){pl;p     E;};S$              
327 : TNS_NORULECHAIN/NS_NORULE
327 : RESSTATE            
327 :                     i=i-i;pl;pi;rl;};tfi(){pl     N};S$               
328 : N->i=E;N            i=i-i;pl;pi;rl;};tfi(){pl     N};S$               
328 : SAVESTATE:          19
328 :                     i=i-i;pl;pi;rl;};tfi(){pl     i=E;N};S$           
329 :                     =i-i;pl;pi;rl;};tfi(){pl;     =E;N};S$            
330 :                     i-i;pl;pi;rl;};tfi(){pl;p     E;N};S$             
331 : E->i()              i-i;pl;pi;rl;};tfi(){pl;p     E;N};S$             
331 : SAVESTATE:          20
331 :                     i-i;pl;pi;rl;};tfi(){pl;p     i();N};S$           
332 :                     -i;pl;pi;rl;};tfi(){pl;pl     ();N};S$            
333 : TS_NOK/NS_NORULECHAIN
333 : RESSTATE            
333 :                     i-i;pl;pi;rl;};tfi(){pl;p     E;N};S$             
334 : E->i()M             i-i;pl;pi;rl;};tfi(){pl;p     E;N};S$             
334 : SAVESTATE:          20
334 :                     i-i;pl;pi;rl;};tfi(){pl;p     i()M;N};S$          
335 :                     -i;pl;pi;rl;};tfi(){pl;pl     ()M;N};S$           
336 : TS_NOK/NS_NORULECHAIN
336 : RESSTATE            
336 :                     i-i;pl;pi;rl;};tfi(){pl;p     E;N};S$             
337 : E->i(W)             i-i;pl;pi;rl;};tfi(){pl;p     E;N};S$             
337 : SAVESTATE:          20
337 :                     i-i;pl;pi;rl;};tfi(){pl;p     i(W);N};S$          
338 :                     -i;pl;pi;rl;};tfi(){pl;pl     (W);N};S$           
339 : TS_NOK/NS_NORULECHAIN
339 : RESSTATE            
339 :                     i-i;pl;pi;rl;};tfi(){pl;p     E;N};S$             
340 : E->i(W)M            i-i;pl;pi;rl;};tfi(){pl;p     E;N};S$             
340 : SAVESTATE:          20
340 :                     i-i;pl;pi;rl;};tfi(){pl;p     i(W)M;N};S$         
341 :                     -i;pl;pi;rl;};tfi(){pl;pl     (W)M;N};S$          
342 : TS_NOK/NS_NORULECHAIN
342 : RESSTATE            
342 :                     i-i;pl;pi;rl;};tfi(){pl;p     E;N};S$             
343 : E->i                i-i;pl;pi;rl;};tfi(){pl;p     E;N};S$             
343 : SAVESTATE:          20
343 :                     i-i;pl;pi;rl;};tfi(){pl;p     i;N};S$             
344 :                     -i;pl;pi;rl;};tfi(){pl;pl     ;N};S$              
345 : TS_NOK/NS_NORULECHAIN
345 : RESSTATE            
345 :                     i-i;pl;pi;rl;};tfi(){pl;p     E;N};S$             
346 : E->iM               i-i;pl;pi;rl;};tfi(){pl;p     E;N};S$             
346 : SAVESTATE:          20
346 :                     i-i;pl;pi;rl;};tfi(){pl;p     iM;N};S$            
347 :                     -i;pl;pi;rl;};tfi(){pl;pl     M;N};S$             
348 : M->-E               -i;pl;pi;rl;};tfi(){pl;pl     M;N};S$             
348 : SAVESTATE:          21
348 :                     -i;pl;pi;rl;};tfi(){pl;pl     -E;N};S$            
349 :                     i;pl;pi;rl;};tfi(){pl;pl;     E;N};S$             
350 : E->i()              i;pl;pi;rl;};tfi(){pl;pl;     E;N};S$             
350 : SAVESTATE:          22
350 :                     i;pl;pi;rl;};tfi(){pl;pl;     i();N};S$           
351 :                     ;pl;pi;rl;};tfi(){pl;pl;p     ();N};S$            
352 : TS_NOK/NS_NORULECHAIN
352 : RESSTATE            
352 :                     i;pl;pi;rl;};tfi(){pl;pl;     E;N};S$             
353 : E->i()M             i;pl;pi;rl;};tfi(){pl;pl;     E;N};S$             
353 : SAVESTATE:          22
353 :                     i;pl;pi;rl;};tfi(){pl;pl;     i()M;N};S$          
354 :                     ;pl;pi;rl;};tfi(){pl;pl;p     ()M;N};S$           
355 : TS_NOK/NS_NORULECHAIN
355 : RESSTATE            
355 :                     i;pl;pi;rl;};tfi(){pl;pl;     E;N};S$             
356 : E->i(W)             i;pl;pi;rl;};tfi(){pl;pl;     E;N};S$             
356 : SAVESTATE:          22
356 :                     i;pl;pi;rl;};tfi(){pl;pl;     i(W);N};S$          
357 :                     ;pl;pi;rl;};tfi(){pl;pl;p     (W);N};S$           
358 : TS_NOK/NS_NORULECHAIN
358 : RESSTATE            
358 :                     i;pl;pi;rl;};tfi(){pl;pl;     E;N};S$             
359 : E->i(W)M            i;pl;pi;rl;};tfi(){pl;pl;     E;N};S$             
359 : SAVESTATE:          22
359 :                     i;pl;pi;rl;};tfi(){pl;pl;     i(W)M;N};S$         
360 :                     ;pl;pi;rl;};tfi(){pl;pl;p     (W)M;N};S$          
361 : TS_NOK/NS_NORULECHAIN
361 : RESSTATE            
361 :                     i;pl;pi;rl;};tfi(){pl;pl;     E;N};S$             
362 : E->i                i;pl;pi;rl;};tfi(){pl;pl;     E;N};S$             
362 : SAVESTATE:          22
362 :                     i;pl;pi;rl;};tfi(){pl;pl;     i;N};S$             
363 :                     ;pl;pi;rl;};tfi(){pl;pl;p     ;N};S$              
364 :                     pl;pi;rl;};tfi(){pl;pl;pi     N};S$               
365 : N->pE;              pl;pi;rl;};tfi(){pl;pl;pi     N};S$               
365 : SAVESTATE:          23
365 :                     pl;pi;rl;};tfi(){pl;pl;pi     pE;};S$             
366 :                     l;pi;rl;};tfi(){pl;pl;pi(     E;};S$              
367 : E->l                l;pi;rl;};tfi(){pl;pl;pi(     E;};S$              
367 : SAVESTATE:          24
367 :                     l;pi;rl;};tfi(){pl;pl;pi(     l;};S$              
368 :                     ;pi;rl;};tfi(){pl;pl;pi(l     ;};S$               
369 :                     pi;rl;};tfi(){pl;pl;pi(l,     };S$                
370 : TS_NOK/NS_NORULECHAIN
370 : RESSTATE            
370 :                     l;pi;rl;};tfi(){pl;pl;pi(     E;};S$              
371 : E->lM               l;pi;rl;};tfi(){pl;pl;pi(     E;};S$              
371 : SAVESTATE:          24
371 :                     l;pi;rl;};tfi(){pl;pl;pi(     lM;};S$             
372 :                     ;pi;rl;};tfi(){pl;pl;pi(l     M;};S$              
373 : TNS_NORULECHAIN/NS_NORULE
373 : RESSTATE            
373 :                     l;pi;rl;};tfi(){pl;pl;pi(     E;};S$              
374 : TNS_NORULECHAIN/NS_NORULE
374 : RESSTATE            
374 :                     pl;pi;rl;};tfi(){pl;pl;pi     N};S$               
375 : N->pE;N             pl;pi;rl;};tfi(){pl;pl;pi     N};S$               
375 : SAVESTATE:          23
375 :                     pl;pi;rl;};tfi(){pl;pl;pi     pE;N};S$            
376 :                     l;pi;rl;};tfi(){pl;pl;pi(     E;N};S$             
377 : E->l                l;pi;rl;};tfi(){pl;pl;pi(     E;N};S$             
377 : SAVESTATE:          24
377 :                     l;pi;rl;};tfi(){pl;pl;pi(     l;N};S$             
378 :                     ;pi;rl;};tfi(){pl;pl;pi(l     ;N};S$              
379 :                     pi;rl;};tfi(){pl;pl;pi(l,     N};S$               
380 : N->pE;              pi;rl;};tfi(){pl;pl;pi(l,     N};S$               
380 : SAVESTATE:          25
380 :                     pi;rl;};tfi(){pl;pl;pi(l,     pE;};S$             
381 :                     i;rl;};tfi(){pl;pl;pi(l,l     E;};S$              
382 : E->i()              i;rl;};tfi(){pl;pl;pi(l,l     E;};S$              
382 : SAVESTATE:          26
382 :                     i;rl;};tfi(){pl;pl;pi(l,l     i();};S$            
383 :                     ;rl;};tfi(){pl;pl;pi(l,l)     ();};S$             
384 : TS_NOK/NS_NORULECHAIN
384 : RESSTATE            
384 :                     i;rl;};tfi(){pl;pl;pi(l,l     E;};S$              
385 : E->i()M             i;rl;};tfi(){pl;pl;pi(l,l     E;};S$              
385 : SAVESTATE:          26
385 :                     i;rl;};tfi(){pl;pl;pi(l,l     i()M;};S$           
386 :                     ;rl;};tfi(){pl;pl;pi(l,l)     ()M;};S$            
387 : TS_NOK/NS_NORULECHAIN
387 : RESSTATE            
387 :                     i;rl;};tfi(){pl;pl;pi(l,l     E;};S$              
388 : E->i(W)             i;rl;};tfi(){pl;pl;pi(l,l     E;};S$              
388 : SAVESTATE:          26
388 :                     i;rl;};tfi(){pl;pl;pi(l,l     i(W);};S$           
389 :                     ;rl;};tfi(){pl;pl;pi(l,l)     (W);};S$            
390 : TS_NOK/NS_NORULECHAIN
390 : RESSTATE            
390 :                     i;rl;};tfi(){pl;pl;pi(l,l     E;};S$              
391 : E->i(W)M            i;rl;};tfi(){pl;pl;pi(l,l     E;};S$              
391 : SAVESTATE:          26
391 :                     i;rl;};tfi(){pl;pl;pi(l,l     i(W)M;};S$          
392 :                     ;rl;};tfi(){pl;pl;pi(l,l)     (W)M;};S$           
393 : TS_NOK/NS_NORULECHAIN
393 : RESSTATE            
393 :                     i;rl;};tfi(){pl;pl;pi(l,l     E;};S$              
394 : E->i                i;rl;};tfi(){pl;pl;pi(l,l     E;};S$              
394 : SAVESTATE:          26
394 :                     i;rl;};tfi(){pl;pl;pi(l,l     i;};S$              
395 :                     ;rl;};tfi(){pl;pl;pi(l,l)     ;};S$               
396 :                     rl;};tfi(){pl;pl;pi(l,l);     };S$                
397 : TS_NOK/NS_NORULECHAIN
397 : RESSTATE            
397 :                     i;rl;};tfi(){pl;pl;pi(l,l     E;};S$              
398 : E->iM               i;rl;};tfi(){pl;pl;pi(l,l     E;};S$              
398 : SAVESTATE:          26
398 :                     i;rl;};tfi(){pl;pl;pi(l,l     iM;};S$             
399 :                     ;rl;};tfi(){pl;pl;pi(l,l)     M;};S$              
400 : TNS_NORULECHAIN/NS_NORULE
400 : RESSTATE            
400 :                     i;rl;};tfi(){pl;pl;pi(l,l     E;};S$              
401 : TNS_NORULECHAIN/NS_NORULE
401 : RESSTATE            
401 :                     pi;rl;};tfi(){pl;pl;pi(l,     N};S$               
402 : N->pE;N             pi;rl;};tfi(){pl;pl;pi(l,     N};S$               
402 : SAVESTATE:          25
402 :                     pi;rl;};tfi(){pl;pl;pi(l,     pE;N};S$            
403 :                     i;rl;};tfi(){pl;pl;pi(l,l     E;N};S$             
404 : E->i()              i;rl;};tfi(){pl;pl;pi(l,l     E;N};S$             
404 : SAVESTATE:          26
404 :                     i;rl;};tfi(){pl;pl;pi(l,l     i();N};S$           
405 :                     ;rl;};tfi(){pl;pl;pi(l,l)     ();N};S$            
406 : TS_NOK/NS_NORULECHAIN
406 : RESSTATE            
406 :                     i;rl;};tfi(){pl;pl;pi(l,l     E;N};S$             
407 : E->i()M             i;rl;};tfi(){pl;pl;pi(l,l     E;N};S$             
407 : SAVESTATE:          26
407 :                     i;rl;};tfi(){pl;pl;pi(l,l     i()M;N};S$          
408 :                     ;rl;};tfi(){pl;pl;pi(l,l)     ()M;N};S$           
409 : TS_NOK/NS_NORULECHAIN
409 : RESSTATE            
409 :                     i;rl;};tfi(){pl;pl;pi(l,l     E;N};S$             
410 : E->i(W)             i;rl;};tfi(){pl;pl;pi(l,l     E;N};S$             
410 : SAVESTATE:          26
410 :                     i;rl;};tfi(){pl;pl;pi(l,l     i(W);N};S$          
411 :                     ;rl;};tfi(){pl;pl;pi(l,l)     (W);N};S$           
412 : TS_NOK/NS_NORULECHAIN
412 : RESSTATE            
412 :                     i;rl;};tfi(){pl;pl;pi(l,l     E;N};S$             
413 : E->i(W)M            i;rl;};tfi(){pl;pl;pi(l,l     E;N};S$             
413 : SAVESTATE:          26
413 :                     i;rl;};tfi(){pl;pl;pi(l,l     i(W)M;N};S$         
414 :                     ;rl;};tfi(){pl;pl;pi(l,l)     (W)M;N};S$          
415 : TS_NOK/NS_NORULECHAIN
415 : RESSTATE            
415 :                     i;rl;};tfi(){pl;pl;pi(l,l     E;N};S$             
416 : E->i                i;rl;};tfi(){pl;pl;pi(l,l     E;N};S$             
416 : SAVESTATE:          26
416 :                     i;rl;};tfi(){pl;pl;pi(l,l     i;N};S$             
417 :                     ;rl;};tfi(){pl;pl;pi(l,l)     ;N};S$              
418 :                     rl;};tfi(){pl;pl;pi(l,l);     N};S$               
419 : N->rE;              rl;};tfi(){pl;pl;pi(l,l);     N};S$               
419 : SAVESTATE:          27
419 :                     rl;};tfi(){pl;pl;pi(l,l);     rE;};S$             
420 :                     l;};tfi(){pl;pl;pi(l,l);p     E;};S$              
421 : E->l                l;};tfi(){pl;pl;pi(l,l);p     E;};S$              
421 : SAVESTATE:          28
421 :                     l;};tfi(){pl;pl;pi(l,l);p     l;};S$              
422 :                     ;};tfi(){pl;pl;pi(l,l);pi     ;};S$               
423 :                     };tfi(){pl;pl;pi(l,l);pi(     };S$                
424 :                     ;tfi(){pl;pl;pi(l,l);pi(l     ;S$                 
425 :                     tfi(){pl;pl;pi(l,l);pi(l,     S$                  
426 : S->tfi(){N};S       tfi(){pl;pl;pi(l,l);pi(l,     S$                  
426 : SAVESTATE:          29
426 :                     tfi(){pl;pl;pi(l,l);pi(l,     tfi(){N};S$         
427 :                     fi(){pl;pl;pi(l,l);pi(l,l     fi(){N};S$          
428 :                     i(){pl;pl;pi(l,l);pi(l,l)     i(){N};S$           
429 :                     (){pl;pl;pi(l,l);pi(l,l);     (){N};S$            
430 :                     ){pl;pl;pi(l,l);pi(l,l);p     ){N};S$             
431 :                     {pl;pl;pi(l,l);pi(l,l);pl     {N};S$              
432 :                     pl;pl;pi(l,l);pi(l,l);pl;     N};S$               
433 : N->pE;              pl;pl;pi(l,l);pi(l,l);pl;     N};S$               
433 : SAVESTATE:          30
433 :                     pl;pl;pi(l,l);pi(l,l);pl;     pE;};S$             
434 :                     l;pl;pi(l,l);pi(l,l);pl;p     E;};S$              
435 : E->l                l;pl;pi(l,l);pi(l,l);pl;p     E;};S$              
435 : SAVESTATE:          31
435 :                     l;pl;pi(l,l);pi(l,l);pl;p     l;};S$              
436 :                     ;pl;pi(l,l);pi(l,l);pl;pi     ;};S$               
437 :                     pl;pi(l,l);pi(l,l);pl;pi(     };S$                
438 : TS_NOK/NS_NORULECHAIN
438 : RESSTATE            
438 :                     l;pl;pi(l,l);pi(l,l);pl;p     E;};S$              
439 : E->lM               l;pl;pi(l,l);pi(l,l);pl;p     E;};S$              
439 : SAVESTATE:          31
439 :                     l;pl;pi(l,l);pi(l,l);pl;p     lM;};S$             
440 :                     ;pl;pi(l,l);pi(l,l);pl;pi     M;};S$              
441 : TNS_NORULECHAIN/NS_NORULE
441 : RESSTATE            
441 :                     l;pl;pi(l,l);pi(l,l);pl;p     E;};S$              
442 : TNS_NORULECHAIN/NS_NORULE
442 : RESSTATE            
442 :                     pl;pl;pi(l,l);pi(l,l);pl;     N};S$               
443 : N->pE;N             pl;pl;pi(l,l);pi(l,l);pl;     N};S$               
443 : SAVESTATE:          30
443 :                     pl;pl;pi(l,l);pi(l,l);pl;     pE;N};S$            
444 :                     l;pl;pi(l,l);pi(l,l);pl;p     E;N};S$             
445 : E->l                l;pl;pi(l,l);pi(l,l);pl;p     E;N};S$             
445 : SAVESTATE:          31
445 :                     l;pl;pi(l,l);pi(l,l);pl;p     l;N};S$             
446 :                     ;pl;pi(l,l);pi(l,l);pl;pi     ;N};S$              
447 :                     pl;pi(l,l);pi(l,l);pl;pi(     N};S$               
448 : N->pE;              pl;pi(l,l);pi(l,l);pl;pi(     N};S$               
448 : SAVESTATE:          32
448 :                     pl;pi(l,l);pi(l,l);pl;pi(     pE;};S$             
449 :                     l;pi(l,l);pi(l,l);pl;pi(l     E;};S$              
450 : E->l                l;pi(l,l);pi(l,l);pl;pi(l     E;};S$              
450 : SAVESTATE:          33
450 :                     l;pi(l,l);pi(l,l);pl;pi(l     l;};S$              
451 :                     ;pi(l,l);pi(l,l);pl;pi(l,     ;};S$               
452 :                     pi(l,l);pi(l,l);pl;pi(l,l     };S$                
453 : TS_NOK/NS_NORULECHAIN
453 : RESSTATE            
453 :                     l;pi(l,l);pi(l,l);pl;pi(l     E;};S$              
454 : E->lM               l;pi(l,l);pi(l,l);pl;pi(l     E;};S$              
454 : SAVESTATE:          33
454 :                     l;pi(l,l);pi(l,l);pl;pi(l     lM;};S$             
455 :                     ;pi(l,l);pi(l,l);pl;pi(l,     M;};S$              
456 : TNS_NORULECHAIN/NS_NORULE
456 : RESSTATE            
456 :                     l;pi(l,l);pi(l,l);pl;pi(l     E;};S$              
457 : TNS_NORULECHAIN/NS_NORULE
457 : RESSTATE            
457 :                     pl;pi(l,l);pi(l,l);pl;pi(     N};S$               
458 : N->pE;N             pl;pi(l,l);pi(l,l);pl;pi(     N};S$               
458 : SAVESTATE:          32
458 :                     pl;pi(l,l);pi(l,l);pl;pi(     pE;N};S$            
459 :                     l;pi(l,l);pi(l,l);pl;pi(l     E;N};S$             
460 : E->l                l;pi(l,l);pi(l,l);pl;pi(l     E;N};S$             
460 : SAVESTATE:          33
460 :                     l;pi(l,l);pi(l,l);pl;pi(l     l;N};S$             
461 :                     ;pi(l,l);pi(l,l);pl;pi(l,     ;N};S$              
462 :                     pi(l,l);pi(l,l);pl;pi(l,l     N};S$               
463 : N->pE;              pi(l,l);pi(l,l);pl;pi(l,l     N};S$               
463 : SAVESTATE:          34
463 :                     pi(l,l);pi(l,l);pl;pi(l,l     pE;};S$             
464 :                     i(l,l);pi(l,l);pl;pi(l,l)     E;};S$              
465 : E->i()              i(l,l);pi(l,l);pl;pi(l,l)     E;};S$              
465 : SAVESTATE:          35
465 :                     i(l,l);pi(l,l);pl;pi(l,l)     i();};S$            
466 :                     (l,l);pi(l,l);pl;pi(l,l);     ();};S$             
467 :                     l,l);pi(l,l);pl;pi(l,l);p     );};S$              
468 : TS_NOK/NS_NORULECHAIN
468 : RESSTATE            
468 :                     i(l,l);pi(l,l);pl;pi(l,l)     E;};S$              
469 : E->i()M             i(l,l);pi(l,l);pl;pi(l,l)     E;};S$              
469 : SAVESTATE:          35
469 :                     i(l,l);pi(l,l);pl;pi(l,l)     i()M;};S$           
470 :                     (l,l);pi(l,l);pl;pi(l,l);     ()M;};S$            
471 :                     l,l);pi(l,l);pl;pi(l,l);p     )M;};S$             
472 : TS_NOK/NS_NORULECHAIN
472 : RESSTATE            
472 :                     i(l,l);pi(l,l);pl;pi(l,l)     E;};S$              
473 : E->i(W)             i(l,l);pi(l,l);pl;pi(l,l)     E;};S$              
473 : SAVESTATE:          35
473 :                     i(l,l);pi(l,l);pl;pi(l,l)     i(W);};S$           
474 :                     (l,l);pi(l,l);pl;pi(l,l);     (W);};S$            
475 :                     l,l);pi(l,l);pl;pi(l,l);p     W);};S$             
476 : W->l                l,l);pi(l,l);pl;pi(l,l);p     W);};S$             
476 : SAVESTATE:          36
476 :                     l,l);pi(l,l);pl;pi(l,l);p     l);};S$             
477 :                     ,l);pi(l,l);pl;pi(l,l);pi     );};S$              
478 : TS_NOK/NS_NORULECHAIN
478 : RESSTATE            
478 :                     l,l);pi(l,l);pl;pi(l,l);p     W);};S$             
479 : W->l,W              l,l);pi(l,l);pl;pi(l,l);p     W);};S$             
479 : SAVESTATE:          36
479 :                     l,l);pi(l,l);pl;pi(l,l);p     l,W);};S$           
480 :                     ,l);pi(l,l);pl;pi(l,l);pi     ,W);};S$            
481 :                     l);pi(l,l);pl;pi(l,l);pi(     W);};S$             
482 : W->l                l);pi(l,l);pl;pi(l,l);pi(     W);};S$             
482 : SAVESTATE:          37
482 :                     l);pi(l,l);pl;pi(l,l);pi(     l);};S$             
483 :                     );pi(l,l);pl;pi(l,l);pi(l     );};S$              
484 :                     ;pi(l,l);pl;pi(l,l);pi(l,     ;};S$               
485 :                     pi(l,l);pl;pi(l,l);pi(l,l     };S$                
486 : TS_NOK/NS_NORULECHAIN
486 : RESSTATE            
486 :                     l);pi(l,l);pl;pi(l,l);pi(     W);};S$             
487 : W->l,W              l);pi(l,l);pl;pi(l,l);pi(     W);};S$             
487 : SAVESTATE:          37
487 :                     l);pi(l,l);pl;pi(l,l);pi(     l,W);};S$           
488 :                     );pi(l,l);pl;pi(l,l);pi(l     ,W);};S$            
489 : TS_NOK/NS_NORULECHAIN
489 : RESSTATE            
489 :                     l);pi(l,l);pl;pi(l,l);pi(     W);};S$             
490 : TNS_NORULECHAIN/NS_NORULE
490 : RESSTATE            
490 :                     l,l);pi(l,l);pl;pi(l,l);p     W);};S$             
491 : TNS_NORULECHAIN/NS_NORULE
491 : RESSTATE            
491 :                     i(l,l);pi(l,l);pl;pi(l,l)     E;};S$              
492 : E->i(W)M            i(l,l);pi(l,l);pl;pi(l,l)     E;};S$              
492 : SAVESTATE:          35
492 :                     i(l,l);pi(l,l);pl;pi(l,l)     i(W)M;};S$          
493 :                     (l,l);pi(l,l);pl;pi(l,l);     (W)M;};S$           
494 :                     l,l);pi(l,l);pl;pi(l,l);p     W)M;};S$            
495 : W->l                l,l);pi(l,l);pl;pi(l,l);p     W)M;};S$            
495 : SAVESTATE:          36
495 :                     l,l);pi(l,l);pl;pi(l,l);p     l)M;};S$            
496 :                     ,l);pi(l,l);pl;pi(l,l);pi     )M;};S$             
497 : TS_NOK/NS_NORULECHAIN
497 : RESSTATE            
497 :                     l,l);pi(l,l);pl;pi(l,l);p     W)M;};S$            
498 : W->l,W              l,l);pi(l,l);pl;pi(l,l);p     W)M;};S$            
498 : SAVESTATE:          36
498 :                     l,l);pi(l,l);pl;pi(l,l);p     l,W)M;};S$          
499 :                     ,l);pi(l,l);pl;pi(l,l);pi     ,W)M;};S$           
500 :                     l);pi(l,l);pl;pi(l,l);pi(     W)M;};S$            
501 : W->l                l);pi(l,l);pl;pi(l,l);pi(     W)M;};S$            
501 : SAVESTATE:          37
501 :                     l);pi(l,l);pl;pi(l,l);pi(     l)M;};S$            
502 :                     );pi(l,l);pl;pi(l,l);pi(l     )M;};S$             
503 :                     ;pi(l,l);pl;pi(l,l);pi(l,     M;};S$              
504 : TNS_NORULECHAIN/NS_NORULE
504 : RESSTATE            
504 :                     l);pi(l,l);pl;pi(l,l);pi(     W)M;};S$            
505 : W->l,W              l);pi(l,l);pl;pi(l,l);pi(     W)M;};S$            
505 : SAVESTATE:          37
505 :                     l);pi(l,l);pl;pi(l,l);pi(     l,W)M;};S$          
506 :                     );pi(l,l);pl;pi(l,l);pi(l     ,W)M;};S$           
507 : TS_NOK/NS_NORULECHAIN
507 : RESSTATE            
507 :                     l);pi(l,l);pl;pi(l,l);pi(     W)M;};S$            
508 : TNS_NORULECHAIN/NS_NORULE
508 : RESSTATE            
508 :                     l,l);pi(l,l);pl;pi(l,l);p     W)M;};S$            
509 : TNS_NORULECHAIN/NS_NORULE
509 : RESSTATE            
509 :                     i(l,l);pi(l,l);pl;pi(l,l)     E;};S$              
510 : E->i                i(l,l);pi(l,l);pl;pi(l,l)     E;};S$              
510 : SAVESTATE:          35
510 :                     i(l,l);pi(l,l);pl;pi(l,l)     i;};S$              
511 :                     (l,l);pi(l,l);pl;pi(l,l);     ;};S$               
512 : TS_NOK/NS_NORULECHAIN
512 : RESSTATE            
512 :                     i(l,l);pi(l,l);pl;pi(l,l)     E;};S$              
513 : E->iM               i(l,l);pi(l,l);pl;pi(l,l)     E;};S$              
513 : SAVESTATE:          35
513 :                     i(l,l);pi(l,l);pl;pi(l,l)     iM;};S$             
514 :                     (l,l);pi(l,l);pl;pi(l,l);     M;};S$              
515 : TNS_NORULECHAIN/NS_NORULE
515 : RESSTATE            
515 :                     i(l,l);pi(l,l);pl;pi(l,l)     E;};S$              
516 : TNS_NORULECHAIN/NS_NORULE
516 : RESSTATE            
516 :                     pi(l,l);pi(l,l);pl;pi(l,l     N};S$               
517 : N->pE;N             pi(l,l);pi(l,l);pl;pi(l,l     N};S$               
517 : SAVESTATE:          34
517 :                     pi(l,l);pi(l,l);pl;pi(l,l     pE;N};S$            
518 :                     i(l,l);pi(l,l);pl;pi(l,l)     E;N};S$             
519 : E->i()              i(l,l);pi(l,l);pl;pi(l,l)     E;N};S$             
519 : SAVESTATE:          35
519 :                     i(l,l);pi(l,l);pl;pi(l,l)     i();N};S$           
520 :                     (l,l);pi(l,l);pl;pi(l,l);     ();N};S$            
521 :                     l,l);pi(l,l);pl;pi(l,l);p     );N};S$             
522 : TS_NOK/NS_NORULECHAIN
522 : RESSTATE            
522 :                     i(l,l);pi(l,l);pl;pi(l,l)     E;N};S$             
523 : E->i()M             i(l,l);pi(l,l);pl;pi(l,l)     E;N};S$             
523 : SAVESTATE:          35
523 :                     i(l,l);pi(l,l);pl;pi(l,l)     i()M;N};S$          
524 :                     (l,l);pi(l,l);pl;pi(l,l);     ()M;N};S$           
525 :                     l,l);pi(l,l);pl;pi(l,l);p     )M;N};S$            
526 : TS_NOK/NS_NORULECHAIN
526 : RESSTATE            
526 :                     i(l,l);pi(l,l);pl;pi(l,l)     E;N};S$             
527 : E->i(W)             i(l,l);pi(l,l);pl;pi(l,l)     E;N};S$             
527 : SAVESTATE:          35
527 :                     i(l,l);pi(l,l);pl;pi(l,l)     i(W);N};S$          
528 :                     (l,l);pi(l,l);pl;pi(l,l);     (W);N};S$           
529 :                     l,l);pi(l,l);pl;pi(l,l);p     W);N};S$            
530 : W->l                l,l);pi(l,l);pl;pi(l,l);p     W);N};S$            
530 : SAVESTATE:          36
530 :                     l,l);pi(l,l);pl;pi(l,l);p     l);N};S$            
531 :                     ,l);pi(l,l);pl;pi(l,l);pi     );N};S$             
532 : TS_NOK/NS_NORULECHAIN
532 : RESSTATE            
532 :                     l,l);pi(l,l);pl;pi(l,l);p     W);N};S$            
533 : W->l,W              l,l);pi(l,l);pl;pi(l,l);p     W);N};S$            
533 : SAVESTATE:          36
533 :                     l,l);pi(l,l);pl;pi(l,l);p     l,W);N};S$          
534 :                     ,l);pi(l,l);pl;pi(l,l);pi     ,W);N};S$           
535 :                     l);pi(l,l);pl;pi(l,l);pi(     W);N};S$            
536 : W->l                l);pi(l,l);pl;pi(l,l);pi(     W);N};S$            
536 : SAVESTATE:          37
536 :                     l);pi(l,l);pl;pi(l,l);pi(     l);N};S$            
537 :                     );pi(l,l);pl;pi(l,l);pi(l     );N};S$             
538 :                     ;pi(l,l);pl;pi(l,l);pi(l,     ;N};S$              
539 :                     pi(l,l);pl;pi(l,l);pi(l,l     N};S$               
540 : N->pE;              pi(l,l);pl;pi(l,l);pi(l,l     N};S$               
540 : SAVESTATE:          38
540 :                     pi(l,l);pl;pi(l,l);pi(l,l     pE;};S$             
541 :                     i(l,l);pl;pi(l,l);pi(l,l)     E;};S$              
542 : E->i()              i(l,l);pl;pi(l,l);pi(l,l)     E;};S$              
542 : SAVESTATE:          39
542 :                     i(l,l);pl;pi(l,l);pi(l,l)     i();};S$            
543 :                     (l,l);pl;pi(l,l);pi(l,l);     ();};S$             
544 :                     l,l);pl;pi(l,l);pi(l,l);r     );};S$              
545 : TS_NOK/NS_NORULECHAIN
545 : RESSTATE            
545 :                     i(l,l);pl;pi(l,l);pi(l,l)     E;};S$              
546 : E->i()M             i(l,l);pl;pi(l,l);pi(l,l)     E;};S$              
546 : SAVESTATE:          39
546 :                     i(l,l);pl;pi(l,l);pi(l,l)     i()M;};S$           
547 :                     (l,l);pl;pi(l,l);pi(l,l);     ()M;};S$            
548 :                     l,l);pl;pi(l,l);pi(l,l);r     )M;};S$             
549 : TS_NOK/NS_NORULECHAIN
549 : RESSTATE            
549 :                     i(l,l);pl;pi(l,l);pi(l,l)     E;};S$              
550 : E->i(W)             i(l,l);pl;pi(l,l);pi(l,l)     E;};S$              
550 : SAVESTATE:          39
550 :                     i(l,l);pl;pi(l,l);pi(l,l)     i(W);};S$           
551 :                     (l,l);pl;pi(l,l);pi(l,l);     (W);};S$            
552 :                     l,l);pl;pi(l,l);pi(l,l);r     W);};S$             
553 : W->l                l,l);pl;pi(l,l);pi(l,l);r     W);};S$             
553 : SAVESTATE:          40
553 :                     l,l);pl;pi(l,l);pi(l,l);r     l);};S$             
554 :                     ,l);pl;pi(l,l);pi(l,l);rl     );};S$              
555 : TS_NOK/NS_NORULECHAIN
555 : RESSTATE            
555 :                     l,l);pl;pi(l,l);pi(l,l);r     W);};S$             
556 : W->l,W              l,l);pl;pi(l,l);pi(l,l);r     W);};S$             
556 : SAVESTATE:          40
556 :                     l,l);pl;pi(l,l);pi(l,l);r     l,W);};S$           
557 :                     ,l);pl;pi(l,l);pi(l,l);rl     ,W);};S$            
558 :                     l);pl;pi(l,l);pi(l,l);rl;     W);};S$             
559 : W->l                l);pl;pi(l,l);pi(l,l);rl;     W);};S$             
559 : SAVESTATE:          41
559 :                     l);pl;pi(l,l);pi(l,l);rl;     l);};S$             
560 :                     );pl;pi(l,l);pi(l,l);rl;}     );};S$              
561 :                     ;pl;pi(l,l);pi(l,l);rl;};     ;};S$               
562 :                     pl;pi(l,l);pi(l,l);rl;};t     };S$                
563 : TS_NOK/NS_NORULECHAIN
563 : RESSTATE            
563 :                     l);pl;pi(l,l);pi(l,l);rl;     W);};S$             
564 : W->l,W              l);pl;pi(l,l);pi(l,l);rl;     W);};S$             
564 : SAVESTATE:          41
564 :                     l);pl;pi(l,l);pi(l,l);rl;     l,W);};S$           
565 :                     );pl;pi(l,l);pi(l,l);rl;}     ,W);};S$            
566 : TS_NOK/NS_NORULECHAIN
566 : RESSTATE            
566 :                     l);pl;pi(l,l);pi(l,l);rl;     W);};S$             
567 : TNS_NORULECHAIN/NS_NORULE
567 : RESSTATE            
567 :                     l,l);pl;pi(l,l);pi(l,l);r     W);};S$             
568 : TNS_NORULECHAIN/NS_NORULE
568 : RESSTATE            
568 :                     i(l,l);pl;pi(l,l);pi(l,l)     E;};S$              
569 : E->i(W)M            i(l,l);pl;pi(l,l);pi(l,l)     E;};S$              
569 : SAVESTATE:          39
569 :                     i(l,l);pl;pi(l,l);pi(l,l)     i(W)M;};S$          
570 :                     (l,l);pl;pi(l,l);pi(l,l);     (W)M;};S$           
571 :                     l,l);pl;pi(l,l);pi(l,l);r     W)M;};S$            
572 : W->l                l,l);pl;pi(l,l);pi(l,l);r     W)M;};S$            
572 : SAVESTATE:          40
572 :                     l,l);pl;pi(l,l);pi(l,l);r     l)M;};S$            
573 :                     ,l);pl;pi(l,l);pi(l,l);rl     )M;};S$             
574 : TS_NOK/NS_NORULECHAIN
574 : RESSTATE            
574 :                     l,l);pl;pi(l,l);pi(l,l);r     W)M;};S$            
575 : W->l,W              l,l);pl;pi(l,l);pi(l,l);r     W)M;};S$            
575 : SAVESTATE:          40
575 :                     l,l);pl;pi(l,l);pi(l,l);r     l,W)M;};S$          
576 :                     ,l);pl;pi(l,l);pi(l,l);rl     ,W)M;};S$           
577 :                     l);pl;pi(l,l);pi(l,l);rl;     W)M;};S$            
578 : W->l                l);pl;pi(l,l);pi(l,l);rl;     W)M;};S$            
578 : SAVESTATE:          41
578 :                     l);pl;pi(l,l);pi(l,l);rl;     l)M;};S$            
579 :                     );pl;pi(l,l);pi(l,l);rl;}     )M;};S$             
580 :                     ;pl;pi(l,l);pi(l,l);rl;};     M;};S$              
581 : TNS_NORULECHAIN/NS_NORULE
581 : RESSTATE            
581 :                     l);pl;pi(l,l);pi(l,l);rl;     W)M;};S$            
582 : W->l,W              l);pl;pi(l,l);pi(l,l);rl;     W)M;};S$            
582 : SAVESTATE:          41
582 :                     l);pl;pi(l,l);pi(l,l);rl;     l,W)M;};S$          
583 :                     );pl;pi(l,l);pi(l,l);rl;}     ,W)M;};S$           
584 : TS_NOK/NS_NORULECHAIN
584 : RESSTATE            
584 :                     l);pl;pi(l,l);pi(l,l);rl;     W)M;};S$            
585 : TNS_NORULECHAIN/NS_NORULE
585 : RESSTATE            
585 :                     l,l);pl;pi(l,l);pi(l,l);r     W)M;};S$            
586 : TNS_NORULECHAIN/NS_NORULE
586 : RESSTATE            
586 :                     i(l,l);pl;pi(l,l);pi(l,l)     E;};S$              
587 : E->i                i(l,l);pl;pi(l,l);pi(l,l)     E;};S$              
587 : SAVESTATE:          39
587 :                     i(l,l);pl;pi(l,l);pi(l,l)     i;};S$              
588 :                     (l,l);pl;pi(l,l);pi(l,l);     ;};S$               
589 : TS_NOK/NS_NORULECHAIN
589 : RESSTATE            
589 :                     i(l,l);pl;pi(l,l);pi(l,l)     E;};S$              
590 : E->iM               i(l,l);pl;pi(l,l);pi(l,l)     E;};S$              
590 : SAVESTATE:          39
590 :                     i(l,l);pl;pi(l,l);pi(l,l)     iM;};S$             
591 :                     (l,l);pl;pi(l,l);pi(l,l);     M;};S$              
592 : TNS_NORULECHAIN/NS_NORULE
592 : RESSTATE            
592 :                     i(l,l);pl;pi(l,l);pi(l,l)     E;};S$              
593 : TNS_NORULECHAIN/NS_NORULE
593 : RESSTATE            
593 :                     pi(l,l);pl;pi(l,l);pi(l,l     N};S$               
594 : N->pE;N             pi(l,l);pl;pi(l,l);pi(l,l     N};S$               
594 : SAVESTATE:          38
594 :                     pi(l,l);pl;pi(l,l);pi(l,l     pE;N};S$            
595 :                     i(l,l);pl;pi(l,l);pi(l,l)     E;N};S$             
596 : E->i()              i(l,l);pl;pi(l,l);pi(l,l)     E;N};S$             
596 : SAVESTATE:          39
596 :                     i(l,l);pl;pi(l,l);pi(l,l)     i();N};S$           
597 :                     (l,l);pl;pi(l,l);pi(l,l);     ();N};S$            
598 :                     l,l);pl;pi(l,l);pi(l,l);r     );N};S$             
599 : TS_NOK/NS_NORULECHAIN
599 : RESSTATE            
599 :                     i(l,l);pl;pi(l,l);pi(l,l)     E;N};S$             
600 : E->i()M             i(l,l);pl;pi(l,l);pi(l,l)     E;N};S$             
600 : SAVESTATE:          39
600 :                     i(l,l);pl;pi(l,l);pi(l,l)     i()M;N};S$          
601 :                     (l,l);pl;pi(l,l);pi(l,l);     ()M;N};S$           
602 :                     l,l);pl;pi(l,l);pi(l,l);r     )M;N};S$            
603 : TS_NOK/NS_NORULECHAIN
603 : RESSTATE            
603 :                     i(l,l);pl;pi(l,l);pi(l,l)     E;N};S$             
604 : E->i(W)             i(l,l);pl;pi(l,l);pi(l,l)     E;N};S$             
604 : SAVESTATE:          39
604 :                     i(l,l);pl;pi(l,l);pi(l,l)     i(W);N};S$          
605 :                     (l,l);pl;pi(l,l);pi(l,l);     (W);N};S$           
606 :                     l,l);pl;pi(l,l);pi(l,l);r     W);N};S$            
607 : W->l                l,l);pl;pi(l,l);pi(l,l);r     W);N};S$            
607 : SAVESTATE:          40
607 :                     l,l);pl;pi(l,l);pi(l,l);r     l);N};S$            
608 :                     ,l);pl;pi(l,l);pi(l,l);rl     );N};S$             
609 : TS_NOK/NS_NORULECHAIN
609 : RESSTATE            
609 :                     l,l);pl;pi(l,l);pi(l,l);r     W);N};S$            
610 : W->l,W              l,l);pl;pi(l,l);pi(l,l);r     W);N};S$            
610 : SAVESTATE:          40
610 :                     l,l);pl;pi(l,l);pi(l,l);r     l,W);N};S$          
611 :                     ,l);pl;pi(l,l);pi(l,l);rl     ,W);N};S$           
612 :                     l);pl;pi(l,l);pi(l,l);rl;     W);N};S$            
613 : W->l                l);pl;pi(l,l);pi(l,l);rl;     W);N};S$            
613 : SAVESTATE:          41
613 :                     l);pl;pi(l,l);pi(l,l);rl;     l);N};S$            
614 :                     );pl;pi(l,l);pi(l,l);rl;}     );N};S$             
615 :                     ;pl;pi(l,l);pi(l,l);rl;};     ;N};S$              
616 :                     pl;pi(l,l);pi(l,l);rl;};t     N};S$               
617 : N->pE;              pl;pi(l,l);pi(l,l);rl;};t     N};S$               
617 : SAVESTATE:          42
617 :                     pl;pi(l,l);pi(l,l);rl;};t     pE;};S$             
618 :                     l;pi(l,l);pi(l,l);rl;};tf     E;};S$              
619 : E->l                l;pi(l,l);pi(l,l);rl;};tf     E;};S$              
619 : SAVESTATE:          43
619 :                     l;pi(l,l);pi(l,l);rl;};tf     l;};S$              
620 :                     ;pi(l,l);pi(l,l);rl;};tfi     ;};S$               
621 :                     pi(l,l);pi(l,l);rl;};tfi(     };S$                
622 : TS_NOK/NS_NORULECHAIN
622 : RESSTATE            
622 :                     l;pi(l,l);pi(l,l);rl;};tf     E;};S$              
623 : E->lM               l;pi(l,l);pi(l,l);rl;};tf     E;};S$              
623 : SAVESTATE:          43
623 :                     l;pi(l,l);pi(l,l);rl;};tf     lM;};S$             
624 :                     ;pi(l,l);pi(l,l);rl;};tfi     M;};S$              
625 : TNS_NORULECHAIN/NS_NORULE
625 : RESSTATE            
625 :                     l;pi(l,l);pi(l,l);rl;};tf     E;};S$              
626 : TNS_NORULECHAIN/NS_NORULE
626 : RESSTATE            
626 :                     pl;pi(l,l);pi(l,l);rl;};t     N};S$               
627 : N->pE;N             pl;pi(l,l);pi(l,l);rl;};t     N};S$               
627 : SAVESTATE:          42
627 :                     pl;pi(l,l);pi(l,l);rl;};t     pE;N};S$            
628 :                     l;pi(l,l);pi(l,l);rl;};tf     E;N};S$             
629 : E->l                l;pi(l,l);pi(l,l);rl;};tf     E;N};S$             
629 : SAVESTATE:          43
629 :                     l;pi(l,l);pi(l,l);rl;};tf     l;N};S$             
630 :                     ;pi(l,l);pi(l,l);rl;};tfi     ;N};S$              
631 :                     pi(l,l);pi(l,l);rl;};tfi(     N};S$               
632 : N->pE;              pi(l,l);pi(l,l);rl;};tfi(     N};S$               
632 : SAVESTATE:          44
632 :                     pi(l,l);pi(l,l);rl;};tfi(     pE;};S$             
633 :                     i(l,l);pi(l,l);rl;};tfi(t     E;};S$              
634 : E->i()              i(l,l);pi(l,l);rl;};tfi(t     E;};S$              
634 : SAVESTATE:          45
634 :                     i(l,l);pi(l,l);rl;};tfi(t     i();};S$            
635 :                     (l,l);pi(l,l);rl;};tfi(ti     ();};S$             
636 :                     l,l);pi(l,l);rl;};tfi(ti,     );};S$              
637 : TS_NOK/NS_NORULECHAIN
637 : RESSTATE            
637 :                     i(l,l);pi(l,l);rl;};tfi(t     E;};S$              
638 : E->i()M             i(l,l);pi(l,l);rl;};tfi(t     E;};S$              
638 : SAVESTATE:          45
638 :                     i(l,l);pi(l,l);rl;};tfi(t     i()M;};S$           
639 :                     (l,l);pi(l,l);rl;};tfi(ti     ()M;};S$            
640 :                     l,l);pi(l,l);rl;};tfi(ti,     )M;};S$             
641 : TS_NOK/NS_NORULECHAIN
641 : RESSTATE            
641 :                     i(l,l);pi(l,l);rl;};tfi(t     E;};S$              
642 : E->i(W)             i(l,l);pi(l,l);rl;};tfi(t     E;};S$              
642 : SAVESTATE:          45
642 :                     i(l,l);pi(l,l);rl;};tfi(t     i(W);};S$           
643 :                     (l,l);pi(l,l);rl;};tfi(ti     (W);};S$            
644 :                     l,l);pi(l,l);rl;};tfi(ti,     W);};S$             
645 : W->l                l,l);pi(l,l);rl;};tfi(ti,     W);};S$             
645 : SAVESTATE:          46
645 :                     l,l);pi(l,l);rl;};tfi(ti,     l);};S$             
646 :                     ,l);pi(l,l);rl;};tfi(ti,t     );};S$              
647 : TS_NOK/NS_NORULECHAIN
647 : RESSTATE            
647 :                     l,l);pi(l,l);rl;};tfi(ti,     W);};S$             
648 : W->l,W              l,l);pi(l,l);rl;};tfi(ti,     W);};S$             
648 : SAVESTATE:          46
648 :                     l,l);pi(l,l);rl;};tfi(ti,     l,W);};S$           
649 :                     ,l);pi(l,l);rl;};tfi(ti,t     ,W);};S$            
650 :                     l);pi(l,l);rl;};tfi(ti,ti     W);};S$             
651 : W->l                l);pi(l,l);rl;};tfi(ti,ti     W);};S$             
651 : SAVESTATE:          47
651 :                     l);pi(l,l);rl;};tfi(ti,ti     l);};S$             
652 :                     );pi(l,l);rl;};tfi(ti,ti)     );};S$              
653 :                     ;pi(l,l);rl;};tfi(ti,ti){     ;};S$               
654 :                     pi(l,l);rl;};tfi(ti,ti){w     };S$                
655 : TS_NOK/NS_NORULECHAIN
655 : RESSTATE            
655 :                     l);pi(l,l);rl;};tfi(ti,ti     W);};S$             
656 : W->l,W              l);pi(l,l);rl;};tfi(ti,ti     W);};S$             
656 : SAVESTATE:          47
656 :                     l);pi(l,l);rl;};tfi(ti,ti     l,W);};S$           
657 :                     );pi(l,l);rl;};tfi(ti,ti)     ,W);};S$            
658 : TS_NOK/NS_NORULECHAIN
658 : RESSTATE            
658 :                     l);pi(l,l);rl;};tfi(ti,ti     W);};S$             
659 : TNS_NORULECHAIN/NS_NORULE
659 : RESSTATE            
659 :                     l,l);pi(l,l);rl;};tfi(ti,     W);};S$             
660 : TNS_NORULECHAIN/NS_NORULE
660 : RESSTATE            
660 :                     i(l,l);pi(l,l);rl;};tfi(t     E;};S$              
661 : E->i(W)M            i(l,l);pi(l,l);rl;};tfi(t     E;};S$              
661 : SAVESTATE:          45
661 :                     i(l,l);pi(l,l);rl;};tfi(t     i(W)M;};S$          
662 :                     (l,l);pi(l,l);rl;};tfi(ti     (W)M;};S$           
663 :                     l,l);pi(l,l);rl;};tfi(ti,     W)M;};S$            
664 : W->l                l,l);pi(l,l);rl;};tfi(ti,     W)M;};S$            
664 : SAVESTATE:          46
664 :                     l,l);pi(l,l);rl;};tfi(ti,     l)M;};S$            
665 :                     ,l);pi(l,l);rl;};tfi(ti,t     )M;};S$             
666 : TS_NOK/NS_NORULECHAIN
666 : RESSTATE            
666 :                     l,l);pi(l,l);rl;};tfi(ti,     W)M;};S$            
667 : W->l,W              l,l);pi(l,l);rl;};tfi(ti,     W)M;};S$            
667 : SAVESTATE:          46
667 :                     l,l);pi(l,l);rl;};tfi(ti,     l,W)M;};S$          
668 :                     ,l);pi(l,l);rl;};tfi(ti,t     ,W)M;};S$           
669 :                     l);pi(l,l);rl;};tfi(ti,ti     W)M;};S$            
670 : W->l                l);pi(l,l);rl;};tfi(ti,ti     W)M;};S$            
670 : SAVESTATE:          47
670 :                     l);pi(l,l);rl;};tfi(ti,ti     l)M;};S$            
671 :                     );pi(l,l);rl;};tfi(ti,ti)     )M;};S$             
672 :                     ;pi(l,l);rl;};tfi(ti,ti){     M;};S$              
673 : TNS_NORULECHAIN/NS_NORULE
673 : RESSTATE            
673 :                     l);pi(l,l);rl;};tfi(ti,ti     W)M;};S$            
674 : W->l,W              l);pi(l,l);rl;};tfi(ti,ti     W)M;};S$            
674 : SAVESTATE:          47
674 :                     l);pi(l,l);rl;};tfi(ti,ti     l,W)M;};S$          
675 :                     );pi(l,l);rl;};tfi(ti,ti)     ,W)M;};S$           
676 : TS_NOK/NS_NORULECHAIN
676 : RESSTATE            
676 :                     l);pi(l,l);rl;};tfi(ti,ti     W)M;};S$            
677 : TNS_NORULECHAIN/NS_NORULE
677 : RESSTATE            
677 :                     l,l);pi(l,l);rl;};tfi(ti,     W)M;};S$            
678 : TNS_NORULECHAIN/NS_NORULE
678 : RESSTATE            
678 :                     i(l,l);pi(l,l);rl;};tfi(t     E;};S$              
679 : E->i                i(l,l);pi(l,l);rl;};tfi(t     E;};S$              
679 : SAVESTATE:          45
679 :                     i(l,l);pi(l,l);rl;};tfi(t     i;};S$              
680 :                     (l,l);pi(l,l);rl;};tfi(ti     ;};S$               
681 : TS_NOK/NS_NORULECHAIN
681 : RESSTATE            
681 :                     i(l,l);pi(l,l);rl;};tfi(t     E;};S$              
682 : E->iM               i(l,l);pi(l,l);rl;};tfi(t     E;};S$              
682 : SAVESTATE:          45
682 :                     i(l,l);pi(l,l);rl;};tfi(t     iM;};S$             
683 :                     (l,l);pi(l,l);rl;};tfi(ti     M;};S$              
684 : TNS_NORULECHAIN/NS_NORULE
684 : RESSTATE            
684 :                     i(l,l);pi(l,l);rl;};tfi(t     E;};S$              
685 : TNS_NORULECHAIN/NS_NORULE
685 : RESSTATE            
685 :                     pi(l,l);pi(l,l);rl;};tfi(     N};S$               
686 : N->pE;N             pi(l,l);pi(l,l);rl;};tfi(     N};S$               
686 : SAVESTATE:          44
686 :                     pi(l,l);pi(l,l);rl;};tfi(     pE;N};S$            
687 :                     i(l,l);pi(l,l);rl;};tfi(t     E;N};S$             
688 : E->i()              i(l,l);pi(l,l);rl;};tfi(t     E;N};S$             
688 : SAVESTATE:          45
688 :                     i(l,l);pi(l,l);rl;};tfi(t     i();N};S$           
689 :                     (l,l);pi(l,l);rl;};tfi(ti     ();N};S$            
690 :                     l,l);pi(l,l);rl;};tfi(ti,     );N};S$             
691 : TS_NOK/NS_NORULECHAIN
691 : RESSTATE            
691 :                     i(l,l);pi(l,l);rl;};tfi(t     E;N};S$             
692 : E->i()M             i(l,l);pi(l,l);rl;};tfi(t     E;N};S$             
692 : SAVESTATE:          45
692 :                     i(l,l);pi(l,l);rl;};tfi(t     i()M;N};S$          
693 :                     (l,l);pi(l,l);rl;};tfi(ti     ()M;N};S$           
694 :                     l,l);pi(l,l);rl;};tfi(ti,     )M;N};S$            
695 : TS_NOK/NS_NORULECHAIN
695 : RESSTATE            
695 :                     i(l,l);pi(l,l);rl;};tfi(t     E;N};S$             
696 : E->i(W)             i(l,l);pi(l,l);rl;};tfi(t     E;N};S$             
696 : SAVESTATE:          45
696 :                     i(l,l);pi(l,l);rl;};tfi(t     i(W);N};S$          
697 :                     (l,l);pi(l,l);rl;};tfi(ti     (W);N};S$           
698 :                     l,l);pi(l,l);rl;};tfi(ti,     W);N};S$            
699 : W->l                l,l);pi(l,l);rl;};tfi(ti,     W);N};S$            
699 : SAVESTATE:          46
699 :                     l,l);pi(l,l);rl;};tfi(ti,     l);N};S$            
700 :                     ,l);pi(l,l);rl;};tfi(ti,t     );N};S$             
701 : TS_NOK/NS_NORULECHAIN
701 : RESSTATE            
701 :                     l,l);pi(l,l);rl;};tfi(ti,     W);N};S$            
702 : W->l,W              l,l);pi(l,l);rl;};tfi(ti,     W);N};S$            
702 : SAVESTATE:          46
702 :                     l,l);pi(l,l);rl;};tfi(ti,     l,W);N};S$          
703 :                     ,l);pi(l,l);rl;};tfi(ti,t     ,W);N};S$           
704 :                     l);pi(l,l);rl;};tfi(ti,ti     W);N};S$            
705 : W->l                l);pi(l,l);rl;};tfi(ti,ti     W);N};S$            
705 : SAVESTATE:          47
705 :                     l);pi(l,l);rl;};tfi(ti,ti     l);N};S$            
706 :                     );pi(l,l);rl;};tfi(ti,ti)     );N};S$             
707 :                     ;pi(l,l);rl;};tfi(ti,ti){     ;N};S$              
708 :                     pi(l,l);rl;};tfi(ti,ti){w     N};S$               
709 : N->pE;              pi(l,l);rl;};tfi(ti,ti){w     N};S$               
709 : SAVESTATE:          48
709 :                     pi(l,l);rl;};tfi(ti,ti){w     pE;};S$             
710 :                     i(l,l);rl;};tfi(ti,ti){w(     E;};S$              
711 : E->i()              i(l,l);rl;};tfi(ti,ti){w(     E;};S$              
711 : SAVESTATE:          49
711 :                     i(l,l);rl;};tfi(ti,ti){w(     i();};S$            
712 :                     (l,l);rl;};tfi(ti,ti){w(i     ();};S$             
713 :                     l,l);rl;};tfi(ti,ti){w(i)     );};S$              
714 : TS_NOK/NS_NORULECHAIN
714 : RESSTATE            
714 :                     i(l,l);rl;};tfi(ti,ti){w(     E;};S$              
715 : E->i()M             i(l,l);rl;};tfi(ti,ti){w(     E;};S$              
715 : SAVESTATE:          49
715 :                     i(l,l);rl;};tfi(ti,ti){w(     i()M;};S$           
716 :                     (l,l);rl;};tfi(ti,ti){w(i     ()M;};S$            
717 :                     l,l);rl;};tfi(ti,ti){w(i)     )M;};S$             
718 : TS_NOK/NS_NORULECHAIN
718 : RESSTATE            
718 :                     i(l,l);rl;};tfi(ti,ti){w(     E;};S$              
719 : E->i(W)             i(l,l);rl;};tfi(ti,ti){w(     E;};S$              
719 : SAVESTATE:          49
719 :                     i(l,l);rl;};tfi(ti,ti){w(     i(W);};S$           
720 :                     (l,l);rl;};tfi(ti,ti){w(i     (W);};S$            
721 :                     l,l);rl;};tfi(ti,ti){w(i)     W);};S$             
722 : W->l                l,l);rl;};tfi(ti,ti){w(i)     W);};S$             
722 : SAVESTATE:          50
722 :                     l,l);rl;};tfi(ti,ti){w(i)     l);};S$             
723 :                     ,l);rl;};tfi(ti,ti){w(i){     );};S$              
724 : TS_NOK/NS_NORULECHAIN
724 : RESSTATE            
724 :                     l,l);rl;};tfi(ti,ti){w(i)     W);};S$             
725 : W->l,W              l,l);rl;};tfi(ti,ti){w(i)     W);};S$             
725 : SAVESTATE:          50
725 :                     l,l);rl;};tfi(ti,ti){w(i)     l,W);};S$           
726 :                     ,l);rl;};tfi(ti,ti){w(i){     ,W);};S$            
727 :                     l);rl;};tfi(ti,ti){w(i){k     W);};S$             
728 : W->l                l);rl;};tfi(ti,ti){w(i){k     W);};S$             
728 : SAVESTATE:          51
728 :                     l);rl;};tfi(ti,ti){w(i){k     l);};S$             
729 :                     );rl;};tfi(ti,ti){w(i){kl     );};S$              
730 :                     ;rl;};tfi(ti,ti){w(i){kl:     ;};S$               
731 :                     rl;};tfi(ti,ti){w(i){kl:i     };S$                
732 : TS_NOK/NS_NORULECHAIN
732 : RESSTATE            
732 :                     l);rl;};tfi(ti,ti){w(i){k     W);};S$             
733 : W->l,W              l);rl;};tfi(ti,ti){w(i){k     W);};S$             
733 : SAVESTATE:          51
733 :                     l);rl;};tfi(ti,ti){w(i){k     l,W);};S$           
734 :                     );rl;};tfi(ti,ti){w(i){kl     ,W);};S$            
735 : TS_NOK/NS_NORULECHAIN
735 : RESSTATE            
735 :                     l);rl;};tfi(ti,ti){w(i){k     W);};S$             
736 : TNS_NORULECHAIN/NS_NORULE
736 : RESSTATE            
736 :                     l,l);rl;};tfi(ti,ti){w(i)     W);};S$             
737 : TNS_NORULECHAIN/NS_NORULE
737 : RESSTATE            
737 :                     i(l,l);rl;};tfi(ti,ti){w(     E;};S$              
738 : E->i(W)M            i(l,l);rl;};tfi(ti,ti){w(     E;};S$              
738 : SAVESTATE:          49
738 :                     i(l,l);rl;};tfi(ti,ti){w(     i(W)M;};S$          
739 :                     (l,l);rl;};tfi(ti,ti){w(i     (W)M;};S$           
740 :                     l,l);rl;};tfi(ti,ti){w(i)     W)M;};S$            
741 : W->l                l,l);rl;};tfi(ti,ti){w(i)     W)M;};S$            
741 : SAVESTATE:          50
741 :                     l,l);rl;};tfi(ti,ti){w(i)     l)M;};S$            
742 :                     ,l);rl;};tfi(ti,ti){w(i){     )M;};S$             
743 : TS_NOK/NS_NORULECHAIN
743 : RESSTATE            
743 :                     l,l);rl;};tfi(ti,ti){w(i)     W)M;};S$            
744 : W->l,W              l,l);rl;};tfi(ti,ti){w(i)     W)M;};S$            
744 : SAVESTATE:          50
744 :                     l,l);rl;};tfi(ti,ti){w(i)     l,W)M;};S$          
745 :                     ,l);rl;};tfi(ti,ti){w(i){     ,W)M;};S$           
746 :                     l);rl;};tfi(ti,ti){w(i){k     W)M;};S$            
747 : W->l                l);rl;};tfi(ti,ti){w(i){k     W)M;};S$            
747 : SAVESTATE:          51
747 :                     l);rl;};tfi(ti,ti){w(i){k     l)M;};S$            
748 :                     );rl;};tfi(ti,ti){w(i){kl     )M;};S$             
749 :                     ;rl;};tfi(ti,ti){w(i){kl:     M;};S$              
750 : TNS_NORULECHAIN/NS_NORULE
750 : RESSTATE            
750 :                     l);rl;};tfi(ti,ti){w(i){k     W)M;};S$            
751 : W->l,W              l);rl;};tfi(ti,ti){w(i){k     W)M;};S$            
751 : SAVESTATE:          51
751 :                     l);rl;};tfi(ti,ti){w(i){k     l,W)M;};S$          
752 :                     );rl;};tfi(ti,ti){w(i){kl     ,W)M;};S$           
753 : TS_NOK/NS_NORULECHAIN
753 : RESSTATE            
753 :                     l);rl;};tfi(ti,ti){w(i){k     W)M;};S$            
754 : TNS_NORULECHAIN/NS_NORULE
754 : RESSTATE            
754 :                     l,l);rl;};tfi(ti,ti){w(i)     W)M;};S$            
755 : TNS_NORULECHAIN/NS_NORULE
755 : RESSTATE            
755 :                     i(l,l);rl;};tfi(ti,ti){w(     E;};S$              
756 : E->i                i(l,l);rl;};tfi(ti,ti){w(     E;};S$              
756 : SAVESTATE:          49
756 :                     i(l,l);rl;};tfi(ti,ti){w(     i;};S$              
757 :                     (l,l);rl;};tfi(ti,ti){w(i     ;};S$               
758 : TS_NOK/NS_NORULECHAIN
758 : RESSTATE            
758 :                     i(l,l);rl;};tfi(ti,ti){w(     E;};S$              
759 : E->iM               i(l,l);rl;};tfi(ti,ti){w(     E;};S$              
759 : SAVESTATE:          49
759 :                     i(l,l);rl;};tfi(ti,ti){w(     iM;};S$             
760 :                     (l,l);rl;};tfi(ti,ti){w(i     M;};S$              
761 : TNS_NORULECHAIN/NS_NORULE
761 : RESSTATE            
761 :                     i(l,l);rl;};tfi(ti,ti){w(     E;};S$              
762 : TNS_NORULECHAIN/NS_NORULE
762 : RESSTATE            
762 :                     pi(l,l);rl;};tfi(ti,ti){w     N};S$               
763 : N->pE;N             pi(l,l);rl;};tfi(ti,ti){w     N};S$               
763 : SAVESTATE:          48
763 :                     pi(l,l);rl;};tfi(ti,ti){w     pE;N};S$            
764 :                     i(l,l);rl;};tfi(ti,ti){w(     E;N};S$             
765 : E->i()              i(l,l);rl;};tfi(ti,ti){w(     E;N};S$             
765 : SAVESTATE:          49
765 :                     i(l,l);rl;};tfi(ti,ti){w(     i();N};S$           
766 :                     (l,l);rl;};tfi(ti,ti){w(i     ();N};S$            
767 :                     l,l);rl;};tfi(ti,ti){w(i)     );N};S$             
768 : TS_NOK/NS_NORULECHAIN
768 : RESSTATE            
768 :                     i(l,l);rl;};tfi(ti,ti){w(     E;N};S$             
769 : E->i()M             i(l,l);rl;};tfi(ti,ti){w(     E;N};S$             
769 : SAVESTATE:          49
769 :                     i(l,l);rl;};tfi(ti,ti){w(     i()M;N};S$          
770 :                     (l,l);rl;};tfi(ti,ti){w(i     ()M;N};S$           
771 :                     l,l);rl;};tfi(ti,ti){w(i)     )M;N};S$            
772 : TS_NOK/NS_NORULECHAIN
772 : RESSTATE            
772 :                     i(l,l);rl;};tfi(ti,ti){w(     E;N};S$             
773 : E->i(W)             i(l,l);rl;};tfi(ti,ti){w(     E;N};S$             
773 : SAVESTATE:          49
773 :                     i(l,l);rl;};tfi(ti,ti){w(     i(W);N};S$          
774 :                     (l,l);rl;};tfi(ti,ti){w(i     (W);N};S$           
775 :                     l,l);rl;};tfi(ti,ti){w(i)     W);N};S$            
776 : W->l                l,l);rl;};tfi(ti,ti){w(i)     W);N};S$            
776 : SAVESTATE:          50
776 :                     l,l);rl;};tfi(ti,ti){w(i)     l);N};S$            
777 :                     ,l);rl;};tfi(ti,ti){w(i){     );N};S$             
778 : TS_NOK/NS_NORULECHAIN
778 : RESSTATE            
778 :                     l,l);rl;};tfi(ti,ti){w(i)     W);N};S$            
779 : W->l,W              l,l);rl;};tfi(ti,ti){w(i)     W);N};S$            
779 : SAVESTATE:          50
779 :                     l,l);rl;};tfi(ti,ti){w(i)     l,W);N};S$          
780 :                     ,l);rl;};tfi(ti,ti){w(i){     ,W);N};S$           
781 :                     l);rl;};tfi(ti,ti){w(i){k     W);N};S$            
782 : W->l                l);rl;};tfi(ti,ti){w(i){k     W);N};S$            
782 : SAVESTATE:          51
782 :                     l);rl;};tfi(ti,ti){w(i){k     l);N};S$            
783 :                     );rl;};tfi(ti,ti){w(i){kl     );N};S$             
784 :                     ;rl;};tfi(ti,ti){w(i){kl:     ;N};S$              
785 :                     rl;};tfi(ti,ti){w(i){kl:i     N};S$               
786 : N->rE;              rl;};tfi(ti,ti){w(i){kl:i     N};S$               
786 : SAVESTATE:          52
786 :                     rl;};tfi(ti,ti){w(i){kl:i     rE;};S$             
787 :                     l;};tfi(ti,ti){w(i){kl:i=     E;};S$              
788 : E->l                l;};tfi(ti,ti){w(i){kl:i=     E;};S$              
788 : SAVESTATE:          53
788 :                     l;};tfi(ti,ti){w(i){kl:i=     l;};S$              
789 :                     ;};tfi(ti,ti){w(i){kl:i=i     ;};S$               
790 :                     };tfi(ti,ti){w(i){kl:i=i&     };S$                
791 :                     ;tfi(ti,ti){w(i){kl:i=i&l     ;S$                 
792 :                     tfi(ti,ti){w(i){kl:i=i&l;     S$                  
793 : S->tfi(){N};S       tfi(ti,ti){w(i){kl:i=i&l;     S$                  
793 : SAVESTATE:          54
793 :                     tfi(ti,ti){w(i){kl:i=i&l;     tfi(){N};S$         
794 :                     fi(ti,ti){w(i){kl:i=i&l;b     fi(){N};S$          
795 :                     i(ti,ti){w(i){kl:i=i&l;b;     i(){N};S$           
796 :                     (ti,ti){w(i){kl:i=i&l;b;k     (){N};S$            
797 :                     ti,ti){w(i){kl:i=i&l;b;kl     ){N};S$             
798 : TS_NOK/NS_NORULECHAIN
798 : RESSTATE            
798 :                     tfi(ti,ti){w(i){kl:i=i&l;     S$                  
799 : S->tfi(F){N};S      tfi(ti,ti){w(i){kl:i=i&l;     S$                  
799 : SAVESTATE:          54
799 :                     tfi(ti,ti){w(i){kl:i=i&l;     tfi(F){N};S$        
800 :                     fi(ti,ti){w(i){kl:i=i&l;b     fi(F){N};S$         
801 :                     i(ti,ti){w(i){kl:i=i&l;b;     i(F){N};S$          
802 :                     (ti,ti){w(i){kl:i=i&l;b;k     (F){N};S$           
803 :                     ti,ti){w(i){kl:i=i&l;b;kl     F){N};S$            
804 : F->ti               ti,ti){w(i){kl:i=i&l;b;kl     F){N};S$            
804 : SAVESTATE:          55
804 :                     ti,ti){w(i){kl:i=i&l;b;kl     ti){N};S$           
805 :                     i,ti){w(i){kl:i=i&l;b;kl:     i){N};S$            
806 :                     ,ti){w(i){kl:i=i&l;b;kl:i     ){N};S$             
807 : TS_NOK/NS_NORULECHAIN
807 : RESSTATE            
807 :                     ti,ti){w(i){kl:i=i&l;b;kl     F){N};S$            
808 : F->ti,F             ti,ti){w(i){kl:i=i&l;b;kl     F){N};S$            
808 : SAVESTATE:          55
808 :                     ti,ti){w(i){kl:i=i&l;b;kl     ti,F){N};S$         
809 :                     i,ti){w(i){kl:i=i&l;b;kl:     i,F){N};S$          
810 :                     ,ti){w(i){kl:i=i&l;b;kl:i     ,F){N};S$           
811 :                     ti){w(i){kl:i=i&l;b;kl:i=     F){N};S$            
812 : F->ti               ti){w(i){kl:i=i&l;b;kl:i=     F){N};S$            
812 : SAVESTATE:          56
812 :                     ti){w(i){kl:i=i&l;b;kl:i=     ti){N};S$           
813 :                     i){w(i){kl:i=i&l;b;kl:i=i     i){N};S$            
814 :                     ){w(i){kl:i=i&l;b;kl:i=i|     ){N};S$             
815 :                     {w(i){kl:i=i&l;b;kl:i=i|l     {N};S$              
816 :                     w(i){kl:i=i&l;b;kl:i=i|l;     N};S$               
817 : N->w(E){N};         w(i){kl:i=i&l;b;kl:i=i|l;     N};S$               
817 : SAVESTATE:          57
817 :                     w(i){kl:i=i&l;b;kl:i=i|l;     w(E){N};};S$        
818 :                     (i){kl:i=i&l;b;kl:i=i|l;b     (E){N};};S$         
819 :                     i){kl:i=i&l;b;kl:i=i|l;b;     E){N};};S$          
820 : E->i()              i){kl:i=i&l;b;kl:i=i|l;b;     E){N};};S$          
820 : SAVESTATE:          58
820 :                     i){kl:i=i&l;b;kl:i=i|l;b;     i()){N};};S$        
821 :                     ){kl:i=i&l;b;kl:i=i|l;b;k     ()){N};};S$         
822 : TS_NOK/NS_NORULECHAIN
822 : RESSTATE            
822 :                     i){kl:i=i&l;b;kl:i=i|l;b;     E){N};};S$          
823 : E->i()M             i){kl:i=i&l;b;kl:i=i|l;b;     E){N};};S$          
823 : SAVESTATE:          58
823 :                     i){kl:i=i&l;b;kl:i=i|l;b;     i()M){N};};S$       
824 :                     ){kl:i=i&l;b;kl:i=i|l;b;k     ()M){N};};S$        
825 : TS_NOK/NS_NORULECHAIN
825 : RESSTATE            
825 :                     i){kl:i=i&l;b;kl:i=i|l;b;     E){N};};S$          
826 : E->i(W)             i){kl:i=i&l;b;kl:i=i|l;b;     E){N};};S$          
826 : SAVESTATE:          58
826 :                     i){kl:i=i&l;b;kl:i=i|l;b;     i(W)){N};};S$       
827 :                     ){kl:i=i&l;b;kl:i=i|l;b;k     (W)){N};};S$        
828 : TS_NOK/NS_NORULECHAIN
828 : RESSTATE            
828 :                     i){kl:i=i&l;b;kl:i=i|l;b;     E){N};};S$          
829 : E->i(W)M            i){kl:i=i&l;b;kl:i=i|l;b;     E){N};};S$          
829 : SAVESTATE:          58
829 :                     i){kl:i=i&l;b;kl:i=i|l;b;     i(W)M){N};};S$      
830 :                     ){kl:i=i&l;b;kl:i=i|l;b;k     (W)M){N};};S$       
831 : TS_NOK/NS_NORULECHAIN
831 : RESSTATE            
831 :                     i){kl:i=i&l;b;kl:i=i|l;b;     E){N};};S$          
832 : E->i                i){kl:i=i&l;b;kl:i=i|l;b;     E){N};};S$          
832 : SAVESTATE:          58
832 :                     i){kl:i=i&l;b;kl:i=i|l;b;     i){N};};S$          
833 :                     ){kl:i=i&l;b;kl:i=i|l;b;k     ){N};};S$           
834 :                     {kl:i=i&l;b;kl:i=i|l;b;kl     {N};};S$            
835 :                     kl:i=i&l;b;kl:i=i|l;b;kl:     N};};S$             
836 : N->kl:N             kl:i=i&l;b;kl:i=i|l;b;kl:     N};};S$             
836 : SAVESTATE:          59
836 :                     kl:i=i&l;b;kl:i=i|l;b;kl:     kl:N};};S$          
837 :                     l:i=i&l;b;kl:i=i|l;b;kl:i     l:N};};S$           
838 :                     :i=i&l;b;kl:i=i|l;b;kl:i=     :N};};S$            
839 :                     i=i&l;b;kl:i=i|l;b;kl:i=~     N};};S$             
840 : N->i();             i=i&l;b;kl:i=i|l;b;kl:i=~     N};};S$             
840 : SAVESTATE:          60
840 :                     i=i&l;b;kl:i=i|l;b;kl:i=~     i();};};S$          
841 :                     =i&l;b;kl:i=i|l;b;kl:i=~i     ();};};S$           
842 : TS_NOK/NS_NORULECHAIN
842 : RESSTATE            
842 :                     i=i&l;b;kl:i=i|l;b;kl:i=~     N};};S$             
843 : N->i();N            i=i&l;b;kl:i=i|l;b;kl:i=~     N};};S$             
843 : SAVESTATE:          60
843 :                     i=i&l;b;kl:i=i|l;b;kl:i=~     i();N};};S$         
844 :                     =i&l;b;kl:i=i|l;b;kl:i=~i     ();N};};S$          
845 : TS_NOK/NS_NORULECHAIN
845 : RESSTATE            
845 :                     i=i&l;b;kl:i=i|l;b;kl:i=~     N};};S$             
846 : N->i(W);            i=i&l;b;kl:i=i|l;b;kl:i=~     N};};S$             
846 : SAVESTATE:          60
846 :                     i=i&l;b;kl:i=i|l;b;kl:i=~     i(W);};};S$         
847 :                     =i&l;b;kl:i=i|l;b;kl:i=~i     (W);};};S$          
848 : TS_NOK/NS_NORULECHAIN
848 : RESSTATE            
848 :                     i=i&l;b;kl:i=i|l;b;kl:i=~     N};};S$             
849 : N->i(W);N           i=i&l;b;kl:i=i|l;b;kl:i=~     N};};S$             
849 : SAVESTATE:          60
849 :                     i=i&l;b;kl:i=i|l;b;kl:i=~     i(W);N};};S$        
850 :                     =i&l;b;kl:i=i|l;b;kl:i=~i     (W);N};};S$         
851 : TS_NOK/NS_NORULECHAIN
851 : RESSTATE            
851 :                     i=i&l;b;kl:i=i|l;b;kl:i=~     N};};S$             
852 : N->i()M;            i=i&l;b;kl:i=i|l;b;kl:i=~     N};};S$             
852 : SAVESTATE:          60
852 :                     i=i&l;b;kl:i=i|l;b;kl:i=~     i()M;};};S$         
853 :                     =i&l;b;kl:i=i|l;b;kl:i=~i     ()M;};};S$          
854 : TS_NOK/NS_NORULECHAIN
854 : RESSTATE            
854 :                     i=i&l;b;kl:i=i|l;b;kl:i=~     N};};S$             
855 : N->i()M;N           i=i&l;b;kl:i=i|l;b;kl:i=~     N};};S$             
855 : SAVESTATE:          60
855 :                     i=i&l;b;kl:i=i|l;b;kl:i=~     i()M;N};};S$        
856 :                     =i&l;b;kl:i=i|l;b;kl:i=~i     ()M;N};};S$         
857 : TS_NOK/NS_NORULECHAIN
857 : RESSTATE            
857 :                     i=i&l;b;kl:i=i|l;b;kl:i=~     N};};S$             
858 : N->i(W)M;           i=i&l;b;kl:i=i|l;b;kl:i=~     N};};S$             
858 : SAVESTATE:          60
858 :                     i=i&l;b;kl:i=i|l;b;kl:i=~     i(W)M;};};S$        
859 :                     =i&l;b;kl:i=i|l;b;kl:i=~i     (W)M;};};S$         
860 : TS_NOK/NS_NORULECHAIN
860 : RESSTATE            
860 :                     i=i&l;b;kl:i=i|l;b;kl:i=~     N};};S$             
861 : N->i(W)M;N          i=i&l;b;kl:i=i|l;b;kl:i=~     N};};S$             
861 : SAVESTATE:          60
861 :                     i=i&l;b;kl:i=i|l;b;kl:i=~     i(W)M;N};};S$       
862 :                     =i&l;b;kl:i=i|l;b;kl:i=~i     (W)M;N};};S$        
863 : TS_NOK/NS_NORULECHAIN
863 : RESSTATE            
863 :                     i=i&l;b;kl:i=i|l;b;kl:i=~     N};};S$             
864 : N->i=E;             i=i&l;b;kl:i=i|l;b;kl:i=~     N};};S$             
864 : SAVESTATE:          60
864 :                     i=i&l;b;kl:i=i|l;b;kl:i=~     i=E;};};S$          
865 :                     =i&l;b;kl:i=i|l;b;kl:i=~i     =E;};};S$           
866 :                     i&l;b;kl:i=i|l;b;kl:i=~i;     E;};};S$            
867 : E->i()              i&l;b;kl:i=i|l;b;kl:i=~i;     E;};};S$            
867 : SAVESTATE:          61
867 :                     i&l;b;kl:i=i|l;b;kl:i=~i;     i();};};S$          
868 :                     &l;b;kl:i=i|l;b;kl:i=~i;b     ();};};S$           
869 : TS_NOK/NS_NORULECHAIN
869 : RESSTATE            
869 :                     i&l;b;kl:i=i|l;b;kl:i=~i;     E;};};S$            
870 : E->i()M             i&l;b;kl:i=i|l;b;kl:i=~i;     E;};};S$            
870 : SAVESTATE:          61
870 :                     i&l;b;kl:i=i|l;b;kl:i=~i;     i()M;};};S$         
871 :                     &l;b;kl:i=i|l;b;kl:i=~i;b     ()M;};};S$          
872 : TS_NOK/NS_NORULECHAIN
872 : RESSTATE            
872 :                     i&l;b;kl:i=i|l;b;kl:i=~i;     E;};};S$            
873 : E->i(W)             i&l;b;kl:i=i|l;b;kl:i=~i;     E;};};S$            
873 : SAVESTATE:          61
873 :                     i&l;b;kl:i=i|l;b;kl:i=~i;     i(W);};};S$         
874 :                     &l;b;kl:i=i|l;b;kl:i=~i;b     (W);};};S$          
875 : TS_NOK/NS_NORULECHAIN
875 : RESSTATE            
875 :                     i&l;b;kl:i=i|l;b;kl:i=~i;     E;};};S$            
876 : E->i(W)M            i&l;b;kl:i=i|l;b;kl:i=~i;     E;};};S$            
876 : SAVESTATE:          61
876 :                     i&l;b;kl:i=i|l;b;kl:i=~i;     i(W)M;};};S$        
877 :                     &l;b;kl:i=i|l;b;kl:i=~i;b     (W)M;};};S$         
878 : TS_NOK/NS_NORULECHAIN
878 : RESSTATE            
878 :                     i&l;b;kl:i=i|l;b;kl:i=~i;     E;};};S$            
879 : E->i                i&l;b;kl:i=i|l;b;kl:i=~i;     E;};};S$            
879 : SAVESTATE:          61
879 :                     i&l;b;kl:i=i|l;b;kl:i=~i;     i;};};S$            
880 :                     &l;b;kl:i=i|l;b;kl:i=~i;b     ;};};S$             
881 : TS_NOK/NS_NORULECHAIN
881 : RESSTATE            
881 :                     i&l;b;kl:i=i|l;b;kl:i=~i;     E;};};S$            
882 : E->iM               i&l;b;kl:i=i|l;b;kl:i=~i;     E;};};S$            
882 : SAVESTATE:          61
882 :                     i&l;b;kl:i=i|l;b;kl:i=~i;     iM;};};S$           
883 :                     &l;b;kl:i=i|l;b;kl:i=~i;b     M;};};S$            
884 : M->&E               &l;b;kl:i=i|l;b;kl:i=~i;b     M;};};S$            
884 : SAVESTATE:          62
884 :                     &l;b;kl:i=i|l;b;kl:i=~i;b     &E;};};S$           
885 :                     l;b;kl:i=i|l;b;kl:i=~i;b;     E;};};S$            
886 : E->l                l;b;kl:i=i|l;b;kl:i=~i;b;     E;};};S$            
886 : SAVESTATE:          63
886 :                     l;b;kl:i=i|l;b;kl:i=~i;b;     l;};};S$            
887 :                     ;b;kl:i=i|l;b;kl:i=~i;b;j     ;};};S$             
888 :                     b;kl:i=i|l;b;kl:i=~i;b;j:     };};S$              
889 : TS_NOK/NS_NORULECHAIN
889 : RESSTATE            
889 :                     l;b;kl:i=i|l;b;kl:i=~i;b;     E;};};S$            
890 : E->lM               l;b;kl:i=i|l;b;kl:i=~i;b;     E;};};S$            
890 : SAVESTATE:          63
890 :                     l;b;kl:i=i|l;b;kl:i=~i;b;     lM;};};S$           
891 :                     ;b;kl:i=i|l;b;kl:i=~i;b;j     M;};};S$            
892 : TNS_NORULECHAIN/NS_NORULE
892 : RESSTATE            
892 :                     l;b;kl:i=i|l;b;kl:i=~i;b;     E;};};S$            
893 : TNS_NORULECHAIN/NS_NORULE
893 : RESSTATE            
893 :                     &l;b;kl:i=i|l;b;kl:i=~i;b     M;};};S$            
894 : M->&EM              &l;b;kl:i=i|l;b;kl:i=~i;b     M;};};S$            
894 : SAVESTATE:          62
894 :                     &l;b;kl:i=i|l;b;kl:i=~i;b     &EM;};};S$          
895 :                     l;b;kl:i=i|l;b;kl:i=~i;b;     EM;};};S$           
896 : E->l                l;b;kl:i=i|l;b;kl:i=~i;b;     EM;};};S$           
896 : SAVESTATE:          63
896 :                     l;b;kl:i=i|l;b;kl:i=~i;b;     lM;};};S$           
897 :                     ;b;kl:i=i|l;b;kl:i=~i;b;j     M;};};S$            
898 : TNS_NORULECHAIN/NS_NORULE
898 : RESSTATE            
898 :                     l;b;kl:i=i|l;b;kl:i=~i;b;     EM;};};S$           
899 : E->lM               l;b;kl:i=i|l;b;kl:i=~i;b;     EM;};};S$           
899 : SAVESTATE:          63
899 :                     l;b;kl:i=i|l;b;kl:i=~i;b;     lMM;};};S$          
900 :                     ;b;kl:i=i|l;b;kl:i=~i;b;j     MM;};};S$           
901 : TNS_NORULECHAIN/NS_NORULE
901 : RESSTATE            
901 :                     l;b;kl:i=i|l;b;kl:i=~i;b;     EM;};};S$           
902 : TNS_NORULECHAIN/NS_NORULE
902 : RESSTATE            
902 :                     &l;b;kl:i=i|l;b;kl:i=~i;b     M;};};S$            
903 : TNS_NORULECHAIN/NS_NORULE
903 : RESSTATE            
903 :                     i&l;b;kl:i=i|l;b;kl:i=~i;     E;};};S$            
904 : TNS_NORULECHAIN/NS_NORULE
904 : RESSTATE            
904 :                     i=i&l;b;kl:i=i|l;b;kl:i=~     N};};S$             
905 : N->i=E;N            i=i&l;b;kl:i=i|l;b;kl:i=~     N};};S$             
905 : SAVESTATE:          60
905 :                     i=i&l;b;kl:i=i|l;b;kl:i=~     i=E;N};};S$         
906 :                     =i&l;b;kl:i=i|l;b;kl:i=~i     =E;N};};S$          
907 :                     i&l;b;kl:i=i|l;b;kl:i=~i;     E;N};};S$           
908 : E->i()              i&l;b;kl:i=i|l;b;kl:i=~i;     E;N};};S$           
908 : SAVESTATE:          61
908 :                     i&l;b;kl:i=i|l;b;kl:i=~i;     i();N};};S$         
909 :                     &l;b;kl:i=i|l;b;kl:i=~i;b     ();N};};S$          
910 : TS_NOK/NS_NORULECHAIN
910 : RESSTATE            
910 :                     i&l;b;kl:i=i|l;b;kl:i=~i;     E;N};};S$           
911 : E->i()M             i&l;b;kl:i=i|l;b;kl:i=~i;     E;N};};S$           
911 : SAVESTATE:          61
911 :                     i&l;b;kl:i=i|l;b;kl:i=~i;     i()M;N};};S$        
912 :                     &l;b;kl:i=i|l;b;kl:i=~i;b     ()M;N};};S$         
913 : TS_NOK/NS_NORULECHAIN
913 : RESSTATE            
913 :                     i&l;b;kl:i=i|l;b;kl:i=~i;     E;N};};S$           
914 : E->i(W)             i&l;b;kl:i=i|l;b;kl:i=~i;     E;N};};S$           
914 : SAVESTATE:          61
914 :                     i&l;b;kl:i=i|l;b;kl:i=~i;     i(W);N};};S$        
915 :                     &l;b;kl:i=i|l;b;kl:i=~i;b     (W);N};};S$         
916 : TS_NOK/NS_NORULECHAIN
916 : RESSTATE            
916 :                     i&l;b;kl:i=i|l;b;kl:i=~i;     E;N};};S$           
917 : E->i(W)M            i&l;b;kl:i=i|l;b;kl:i=~i;     E;N};};S$           
917 : SAVESTATE:          61
917 :                     i&l;b;kl:i=i|l;b;kl:i=~i;     i(W)M;N};};S$       
918 :                     &l;b;kl:i=i|l;b;kl:i=~i;b     (W)M;N};};S$        
919 : TS_NOK/NS_NORULECHAIN
919 : RESSTATE            
919 :                     i&l;b;kl:i=i|l;b;kl:i=~i;     E;N};};S$           
920 : E->i                i&l;b;kl:i=i|l;b;kl:i=~i;     E;N};};S$           
920 : SAVESTATE:          61
920 :                     i&l;b;kl:i=i|l;b;kl:i=~i;     i;N};};S$           
921 :                     &l;b;kl:i=i|l;b;kl:i=~i;b     ;N};};S$            
922 : TS_NOK/NS_NORULECHAIN
922 : RESSTATE            
922 :                     i&l;b;kl:i=i|l;b;kl:i=~i;     E;N};};S$           
923 : E->iM               i&l;b;kl:i=i|l;b;kl:i=~i;     E;N};};S$           
923 : SAVESTATE:          61
923 :                     i&l;b;kl:i=i|l;b;kl:i=~i;     iM;N};};S$          
924 :                     &l;b;kl:i=i|l;b;kl:i=~i;b     M;N};};S$           
925 : M->&E               &l;b;kl:i=i|l;b;kl:i=~i;b     M;N};};S$           
925 : SAVESTATE:          62
925 :                     &l;b;kl:i=i|l;b;kl:i=~i;b     &E;N};};S$          
926 :                     l;b;kl:i=i|l;b;kl:i=~i;b;     E;N};};S$           
927 : E->l                l;b;kl:i=i|l;b;kl:i=~i;b;     E;N};};S$           
927 : SAVESTATE:          63
927 :                     l;b;kl:i=i|l;b;kl:i=~i;b;     l;N};};S$           
928 :                     ;b;kl:i=i|l;b;kl:i=~i;b;j     ;N};};S$            
929 :                     b;kl:i=i|l;b;kl:i=~i;b;j:     N};};S$             
930 : N->b;N              b;kl:i=i|l;b;kl:i=~i;b;j:     N};};S$             
930 : SAVESTATE:          64
930 :                     b;kl:i=i|l;b;kl:i=~i;b;j:     b;N};};S$           
931 :                     ;kl:i=i|l;b;kl:i=~i;b;j:i     ;N};};S$            
932 :                     kl:i=i|l;b;kl:i=~i;b;j:i=     N};};S$             
933 : N->kl:N             kl:i=i|l;b;kl:i=~i;b;j:i=     N};};S$             
933 : SAVESTATE:          65
933 :                     kl:i=i|l;b;kl:i=~i;b;j:i=     kl:N};};S$          
934 :                     l:i=i|l;b;kl:i=~i;b;j:i=i     l:N};};S$           
935 :                     :i=i|l;b;kl:i=~i;b;j:i=i*     :N};};S$            
936 :                     i=i|l;b;kl:i=~i;b;j:i=i*l     N};};S$             
937 : N->i();             i=i|l;b;kl:i=~i;b;j:i=i*l     N};};S$             
937 : SAVESTATE:          66
937 :                     i=i|l;b;kl:i=~i;b;j:i=i*l     i();};};S$          
938 :                     =i|l;b;kl:i=~i;b;j:i=i*l;     ();};};S$           
939 : TS_NOK/NS_NORULECHAIN
939 : RESSTATE            
939 :                     i=i|l;b;kl:i=~i;b;j:i=i*l     N};};S$             
940 : N->i();N            i=i|l;b;kl:i=~i;b;j:i=i*l     N};};S$             
940 : SAVESTATE:          66
940 :                     i=i|l;b;kl:i=~i;b;j:i=i*l     i();N};};S$         
941 :                     =i|l;b;kl:i=~i;b;j:i=i*l;     ();N};};S$          
942 : TS_NOK/NS_NORULECHAIN
942 : RESSTATE            
942 :                     i=i|l;b;kl:i=~i;b;j:i=i*l     N};};S$             
943 : N->i(W);            i=i|l;b;kl:i=~i;b;j:i=i*l     N};};S$             
943 : SAVESTATE:          66
943 :                     i=i|l;b;kl:i=~i;b;j:i=i*l     i(W);};};S$         
944 :                     =i|l;b;kl:i=~i;b;j:i=i*l;     (W);};};S$          
945 : TS_NOK/NS_NORULECHAIN
945 : RESSTATE            
945 :                     i=i|l;b;kl:i=~i;b;j:i=i*l     N};};S$             
946 : N->i(W);N           i=i|l;b;kl:i=~i;b;j:i=i*l     N};};S$             
946 : SAVESTATE:          66
946 :                     i=i|l;b;kl:i=~i;b;j:i=i*l     i(W);N};};S$        
947 :                     =i|l;b;kl:i=~i;b;j:i=i*l;     (W);N};};S$         
948 : TS_NOK/NS_NORULECHAIN
948 : RESSTATE            
948 :                     i=i|l;b;kl:i=~i;b;j:i=i*l     N};};S$             
949 : N->i()M;            i=i|l;b;kl:i=~i;b;j:i=i*l     N};};S$             
949 : SAVESTATE:          66
949 :                     i=i|l;b;kl:i=~i;b;j:i=i*l     i()M;};};S$         
950 :                     =i|l;b;kl:i=~i;b;j:i=i*l;     ()M;};};S$          
951 : TS_NOK/NS_NORULECHAIN
951 : RESSTATE            
951 :                     i=i|l;b;kl:i=~i;b;j:i=i*l     N};};S$             
952 : N->i()M;N           i=i|l;b;kl:i=~i;b;j:i=i*l     N};};S$             
952 : SAVESTATE:          66
952 :                     i=i|l;b;kl:i=~i;b;j:i=i*l     i()M;N};};S$        
953 :                     =i|l;b;kl:i=~i;b;j:i=i*l;     ()M;N};};S$         
954 : TS_NOK/NS_NORULECHAIN
954 : RESSTATE            
954 :                     i=i|l;b;kl:i=~i;b;j:i=i*l     N};};S$             
955 : N->i(W)M;           i=i|l;b;kl:i=~i;b;j:i=i*l     N};};S$             
955 : SAVESTATE:          66
955 :                     i=i|l;b;kl:i=~i;b;j:i=i*l     i(W)M;};};S$        
956 :                     =i|l;b;kl:i=~i;b;j:i=i*l;     (W)M;};};S$         
957 : TS_NOK/NS_NORULECHAIN
957 : RESSTATE            
957 :                     i=i|l;b;kl:i=~i;b;j:i=i*l     N};};S$             
958 : N->i(W)M;N          i=i|l;b;kl:i=~i;b;j:i=i*l     N};};S$             
958 : SAVESTATE:          66
958 :                     i=i|l;b;kl:i=~i;b;j:i=i*l     i(W)M;N};};S$       
959 :                     =i|l;b;kl:i=~i;b;j:i=i*l;     (W)M;N};};S$        
960 : TS_NOK/NS_NORULECHAIN
960 : RESSTATE            
960 :                     i=i|l;b;kl:i=~i;b;j:i=i*l     N};};S$             
961 : N->i=E;             i=i|l;b;kl:i=~i;b;j:i=i*l     N};};S$             
961 : SAVESTATE:          66
961 :                     i=i|l;b;kl:i=~i;b;j:i=i*l     i=E;};};S$          
962 :                     =i|l;b;kl:i=~i;b;j:i=i*l;     =E;};};S$           
963 :                     i|l;b;kl:i=~i;b;j:i=i*l;b     E;};};S$            
964 : E->i()              i|l;b;kl:i=~i;b;j:i=i*l;b     E;};};S$            
964 : SAVESTATE:          67
964 :                     i|l;b;kl:i=~i;b;j:i=i*l;b     i();};};S$          
965 :                     |l;b;kl:i=~i;b;j:i=i*l;b;     ();};};S$           
966 : TS_NOK/NS_NORULECHAIN
966 : RESSTATE            
966 :                     i|l;b;kl:i=~i;b;j:i=i*l;b     E;};};S$            
967 : E->i()M             i|l;b;kl:i=~i;b;j:i=i*l;b     E;};};S$            
967 : SAVESTATE:          67
967 :                     i|l;b;kl:i=~i;b;j:i=i*l;b     i()M;};};S$         
968 :                     |l;b;kl:i=~i;b;j:i=i*l;b;     ()M;};};S$          
969 : TS_NOK/NS_NORULECHAIN
969 : RESSTATE            
969 :                     i|l;b;kl:i=~i;b;j:i=i*l;b     E;};};S$            
970 : E->i(W)             i|l;b;kl:i=~i;b;j:i=i*l;b     E;};};S$            
970 : SAVESTATE:          67
970 :                     i|l;b;kl:i=~i;b;j:i=i*l;b     i(W);};};S$         
971 :                     |l;b;kl:i=~i;b;j:i=i*l;b;     (W);};};S$          
972 : TS_NOK/NS_NORULECHAIN
972 : RESSTATE            
972 :                     i|l;b;kl:i=~i;b;j:i=i*l;b     E;};};S$            
973 : E->i(W)M            i|l;b;kl:i=~i;b;j:i=i*l;b     E;};};S$            
973 : SAVESTATE:          67
973 :                     i|l;b;kl:i=~i;b;j:i=i*l;b     i(W)M;};};S$        
974 :                     |l;b;kl:i=~i;b;j:i=i*l;b;     (W)M;};};S$         
975 : TS_NOK/NS_NORULECHAIN
975 : RESSTATE            
975 :                     i|l;b;kl:i=~i;b;j:i=i*l;b     E;};};S$            
976 : E->i                i|l;b;kl:i=~i;b;j:i=i*l;b     E;};};S$            
976 : SAVESTATE:          67
976 :                     i|l;b;kl:i=~i;b;j:i=i*l;b     i;};};S$            
977 :                     |l;b;kl:i=~i;b;j:i=i*l;b;     ;};};S$             
978 : TS_NOK/NS_NORULECHAIN
978 : RESSTATE            
978 :                     i|l;b;kl:i=~i;b;j:i=i*l;b     E;};};S$            
979 : E->iM               i|l;b;kl:i=~i;b;j:i=i*l;b     E;};};S$            
979 : SAVESTATE:          67
979 :                     i|l;b;kl:i=~i;b;j:i=i*l;b     iM;};};S$           
980 :                     |l;b;kl:i=~i;b;j:i=i*l;b;     M;};};S$            
981 : M->|E               |l;b;kl:i=~i;b;j:i=i*l;b;     M;};};S$            
981 : SAVESTATE:          68
981 :                     |l;b;kl:i=~i;b;j:i=i*l;b;     |E;};};S$           
982 :                     l;b;kl:i=~i;b;j:i=i*l;b;}     E;};};S$            
983 : E->l                l;b;kl:i=~i;b;j:i=i*l;b;}     E;};};S$            
983 : SAVESTATE:          69
983 :                     l;b;kl:i=~i;b;j:i=i*l;b;}     l;};};S$            
984 :                     ;b;kl:i=~i;b;j:i=i*l;b;};     ;};};S$             
985 :                     b;kl:i=~i;b;j:i=i*l;b;};t     };};S$              
986 : TS_NOK/NS_NORULECHAIN
986 : RESSTATE            
986 :                     l;b;kl:i=~i;b;j:i=i*l;b;}     E;};};S$            
987 : E->lM               l;b;kl:i=~i;b;j:i=i*l;b;}     E;};};S$            
987 : SAVESTATE:          69
987 :                     l;b;kl:i=~i;b;j:i=i*l;b;}     lM;};};S$           
988 :                     ;b;kl:i=~i;b;j:i=i*l;b;};     M;};};S$            
989 : TNS_NORULECHAIN/NS_NORULE
989 : RESSTATE            
989 :                     l;b;kl:i=~i;b;j:i=i*l;b;}     E;};};S$            
990 : TNS_NORULECHAIN/NS_NORULE
990 : RESSTATE            
990 :                     |l;b;kl:i=~i;b;j:i=i*l;b;     M;};};S$            
991 : M->|EM              |l;b;kl:i=~i;b;j:i=i*l;b;     M;};};S$            
991 : SAVESTATE:          68
991 :                     |l;b;kl:i=~i;b;j:i=i*l;b;     |EM;};};S$          
992 :                     l;b;kl:i=~i;b;j:i=i*l;b;}     EM;};};S$           
993 : E->l                l;b;kl:i=~i;b;j:i=i*l;b;}     EM;};};S$           
993 : SAVESTATE:          69
993 :                     l;b;kl:i=~i;b;j:i=i*l;b;}     lM;};};S$           
994 :                     ;b;kl:i=~i;b;j:i=i*l;b;};     M;};};S$            
995 : TNS_NORULECHAIN/NS_NORULE
995 : RESSTATE            
995 :                     l;b;kl:i=~i;b;j:i=i*l;b;}     EM;};};S$           
996 : E->lM               l;b;kl:i=~i;b;j:i=i*l;b;}     EM;};};S$           
996 : SAVESTATE:          69
996 :                     l;b;kl:i=~i;b;j:i=i*l;b;}     lMM;};};S$          
997 :                     ;b;kl:i=~i;b;j:i=i*l;b;};     MM;};};S$           
998 : TNS_NORULECHAIN/NS_NORULE
998 : RESSTATE            
998 :                     l;b;kl:i=~i;b;j:i=i*l;b;}     EM;};};S$           
999 : TNS_NORULECHAIN/NS_NORULE
999 : RESSTATE            
999 :                     |l;b;kl:i=~i;b;j:i=i*l;b;     M;};};S$            
1000: TNS_NORULECHAIN/NS_NORULE
1000: RESSTATE            
1000:                     i|l;b;kl:i=~i;b;j:i=i*l;b     E;};};S$            
1001: TNS_NORULECHAIN/NS_NORULE
1001: RESSTATE            
1001:                     i=i|l;b;kl:i=~i;b;j:i=i*l     N};};S$             
1002: N->i=E;N            i=i|l;b;kl:i=~i;b;j:i=i*l     N};};S$             
1002: SAVESTATE:          66
1002:                     i=i|l;b;kl:i=~i;b;j:i=i*l     i=E;N};};S$         
1003:                     =i|l;b;kl:i=~i;b;j:i=i*l;     =E;N};};S$          
1004:                     i|l;b;kl:i=~i;b;j:i=i*l;b     E;N};};S$           
1005: E->i()              i|l;b;kl:i=~i;b;j:i=i*l;b     E;N};};S$           
1005: SAVESTATE:          67
1005:                     i|l;b;kl:i=~i;b;j:i=i*l;b     i();N};};S$         
1006:                     |l;b;kl:i=~i;b;j:i=i*l;b;     ();N};};S$          
1007: TS_NOK/NS_NORULECHAIN
1007: RESSTATE            
1007:                     i|l;b;kl:i=~i;b;j:i=i*l;b     E;N};};S$           
1008: E->i()M             i|l;b;kl:i=~i;b;j:i=i*l;b     E;N};};S$           
1008: SAVESTATE:          67
1008:                     i|l;b;kl:i=~i;b;j:i=i*l;b     i()M;N};};S$        
1009:                     |l;b;kl:i=~i;b;j:i=i*l;b;     ()M;N};};S$         
1010: TS_NOK/NS_NORULECHAIN
1010: RESSTATE            
1010:                     i|l;b;kl:i=~i;b;j:i=i*l;b     E;N};};S$           
1011: E->i(W)             i|l;b;kl:i=~i;b;j:i=i*l;b     E;N};};S$           
1011: SAVESTATE:          67
1011:                     i|l;b;kl:i=~i;b;j:i=i*l;b     i(W);N};};S$        
1012:                     |l;b;kl:i=~i;b;j:i=i*l;b;     (W);N};};S$         
1013: TS_NOK/NS_NORULECHAIN
1013: RESSTATE            
1013:                     i|l;b;kl:i=~i;b;j:i=i*l;b     E;N};};S$           
1014: E->i(W)M            i|l;b;kl:i=~i;b;j:i=i*l;b     E;N};};S$           
1014: SAVESTATE:          67
1014:                     i|l;b;kl:i=~i;b;j:i=i*l;b     i(W)M;N};};S$       
1015:                     |l;b;kl:i=~i;b;j:i=i*l;b;     (W)M;N};};S$        
1016: TS_NOK/NS_NORULECHAIN
1016: RESSTATE            
1016:                     i|l;b;kl:i=~i;b;j:i=i*l;b     E;N};};S$           
1017: E->i                i|l;b;kl:i=~i;b;j:i=i*l;b     E;N};};S$           
1017: SAVESTATE:          67
1017:                     i|l;b;kl:i=~i;b;j:i=i*l;b     i;N};};S$           
1018:                     |l;b;kl:i=~i;b;j:i=i*l;b;     ;N};};S$            
1019: TS_NOK/NS_NORULECHAIN
1019: RESSTATE            
1019:                     i|l;b;kl:i=~i;b;j:i=i*l;b     E;N};};S$           
1020: E->iM               i|l;b;kl:i=~i;b;j:i=i*l;b     E;N};};S$           
1020: SAVESTATE:          67
1020:                     i|l;b;kl:i=~i;b;j:i=i*l;b     iM;N};};S$          
1021:                     |l;b;kl:i=~i;b;j:i=i*l;b;     M;N};};S$           
1022: M->|E               |l;b;kl:i=~i;b;j:i=i*l;b;     M;N};};S$           
1022: SAVESTATE:          68
1022:                     |l;b;kl:i=~i;b;j:i=i*l;b;     |E;N};};S$          
1023:                     l;b;kl:i=~i;b;j:i=i*l;b;}     E;N};};S$           
1024: E->l                l;b;kl:i=~i;b;j:i=i*l;b;}     E;N};};S$           
1024: SAVESTATE:          69
1024:                     l;b;kl:i=~i;b;j:i=i*l;b;}     l;N};};S$           
1025:                     ;b;kl:i=~i;b;j:i=i*l;b;};     ;N};};S$            
1026:                     b;kl:i=~i;b;j:i=i*l;b;};t     N};};S$             
1027: N->b;N              b;kl:i=~i;b;j:i=i*l;b;};t     N};};S$             
1027: SAVESTATE:          70
1027:                     b;kl:i=~i;b;j:i=i*l;b;};t     b;N};};S$           
1028:                     ;kl:i=~i;b;j:i=i*l;b;};ti     ;N};};S$            
1029:                     kl:i=~i;b;j:i=i*l;b;};ti;     N};};S$             
1030: N->kl:N             kl:i=~i;b;j:i=i*l;b;};ti;     N};};S$             
1030: SAVESTATE:          71
1030:                     kl:i=~i;b;j:i=i*l;b;};ti;     kl:N};};S$          
1031:                     l:i=~i;b;j:i=i*l;b;};ti;i     l:N};};S$           
1032:                     :i=~i;b;j:i=i*l;b;};ti;i=     :N};};S$            
1033:                     i=~i;b;j:i=i*l;b;};ti;i=l     N};};S$             
1034: N->i();             i=~i;b;j:i=i*l;b;};ti;i=l     N};};S$             
1034: SAVESTATE:          72
1034:                     i=~i;b;j:i=i*l;b;};ti;i=l     i();};};S$          
1035:                     =~i;b;j:i=i*l;b;};ti;i=l;     ();};};S$           
1036: TS_NOK/NS_NORULECHAIN
1036: RESSTATE            
1036:                     i=~i;b;j:i=i*l;b;};ti;i=l     N};};S$             
1037: N->i();N            i=~i;b;j:i=i*l;b;};ti;i=l     N};};S$             
1037: SAVESTATE:          72
1037:                     i=~i;b;j:i=i*l;b;};ti;i=l     i();N};};S$         
1038:                     =~i;b;j:i=i*l;b;};ti;i=l;     ();N};};S$          
1039: TS_NOK/NS_NORULECHAIN
1039: RESSTATE            
1039:                     i=~i;b;j:i=i*l;b;};ti;i=l     N};};S$             
1040: N->i(W);            i=~i;b;j:i=i*l;b;};ti;i=l     N};};S$             
1040: SAVESTATE:          72
1040:                     i=~i;b;j:i=i*l;b;};ti;i=l     i(W);};};S$         
1041:                     =~i;b;j:i=i*l;b;};ti;i=l;     (W);};};S$          
1042: TS_NOK/NS_NORULECHAIN
1042: RESSTATE            
1042:                     i=~i;b;j:i=i*l;b;};ti;i=l     N};};S$             
1043: N->i(W);N           i=~i;b;j:i=i*l;b;};ti;i=l     N};};S$             
1043: SAVESTATE:          72
1043:                     i=~i;b;j:i=i*l;b;};ti;i=l     i(W);N};};S$        
1044:                     =~i;b;j:i=i*l;b;};ti;i=l;     (W);N};};S$         
1045: TS_NOK/NS_NORULECHAIN
1045: RESSTATE            
1045:                     i=~i;b;j:i=i*l;b;};ti;i=l     N};};S$             
1046: N->i()M;            i=~i;b;j:i=i*l;b;};ti;i=l     N};};S$             
1046: SAVESTATE:          72
1046:                     i=~i;b;j:i=i*l;b;};ti;i=l     i()M;};};S$         
1047:                     =~i;b;j:i=i*l;b;};ti;i=l;     ()M;};};S$          
1048: TS_NOK/NS_NORULECHAIN
1048: RESSTATE            
1048:                     i=~i;b;j:i=i*l;b;};ti;i=l     N};};S$             
1049: N->i()M;N           i=~i;b;j:i=i*l;b;};ti;i=l     N};};S$             
1049: SAVESTATE:          72
1049:                     i=~i;b;j:i=i*l;b;};ti;i=l     i()M;N};};S$        
1050:                     =~i;b;j:i=i*l;b;};ti;i=l;     ()M;N};};S$         
1051: TS_NOK/NS_NORULECHAIN
1051: RESSTATE            
1051:                     i=~i;b;j:i=i*l;b;};ti;i=l     N};};S$             
1052: N->i(W)M;           i=~i;b;j:i=i*l;b;};ti;i=l     N};};S$             
1052: SAVESTATE:          72
1052:                     i=~i;b;j:i=i*l;b;};ti;i=l     i(W)M;};};S$        
1053:                     =~i;b;j:i=i*l;b;};ti;i=l;     (W)M;};};S$         
1054: TS_NOK/NS_NORULECHAIN
1054: RESSTATE            
1054:                     i=~i;b;j:i=i*l;b;};ti;i=l     N};};S$             
1055: N->i(W)M;N          i=~i;b;j:i=i*l;b;};ti;i=l     N};};S$             
1055: SAVESTATE:          72
1055:                     i=~i;b;j:i=i*l;b;};ti;i=l     i(W)M;N};};S$       
1056:                     =~i;b;j:i=i*l;b;};ti;i=l;     (W)M;N};};S$        
1057: TS_NOK/NS_NORULECHAIN
1057: RESSTATE            
1057:                     i=~i;b;j:i=i*l;b;};ti;i=l     N};};S$             
1058: N->i=E;             i=~i;b;j:i=i*l;b;};ti;i=l     N};};S$             
1058: SAVESTATE:          72
1058:                     i=~i;b;j:i=i*l;b;};ti;i=l     i=E;};};S$          
1059:                     =~i;b;j:i=i*l;b;};ti;i=l;     =E;};};S$           
1060:                     ~i;b;j:i=i*l;b;};ti;i=l;w     E;};};S$            
1061: E->~E               ~i;b;j:i=i*l;b;};ti;i=l;w     E;};};S$            
1061: SAVESTATE:          73
1061:                     ~i;b;j:i=i*l;b;};ti;i=l;w     ~E;};};S$           
1062:                     i;b;j:i=i*l;b;};ti;i=l;w(     E;};};S$            
1063: E->i()              i;b;j:i=i*l;b;};ti;i=l;w(     E;};};S$            
1063: SAVESTATE:          74
1063:                     i;b;j:i=i*l;b;};ti;i=l;w(     i();};};S$          
1064:                     ;b;j:i=i*l;b;};ti;i=l;w(i     ();};};S$           
1065: TS_NOK/NS_NORULECHAIN
1065: RESSTATE            
1065:                     i;b;j:i=i*l;b;};ti;i=l;w(     E;};};S$            
1066: E->i()M             i;b;j:i=i*l;b;};ti;i=l;w(     E;};};S$            
1066: SAVESTATE:          74
1066:                     i;b;j:i=i*l;b;};ti;i=l;w(     i()M;};};S$         
1067:                     ;b;j:i=i*l;b;};ti;i=l;w(i     ()M;};};S$          
1068: TS_NOK/NS_NORULECHAIN
1068: RESSTATE            
1068:                     i;b;j:i=i*l;b;};ti;i=l;w(     E;};};S$            
1069: E->i(W)             i;b;j:i=i*l;b;};ti;i=l;w(     E;};};S$            
1069: SAVESTATE:          74
1069:                     i;b;j:i=i*l;b;};ti;i=l;w(     i(W);};};S$         
1070:                     ;b;j:i=i*l;b;};ti;i=l;w(i     (W);};};S$          
1071: TS_NOK/NS_NORULECHAIN
1071: RESSTATE            
1071:                     i;b;j:i=i*l;b;};ti;i=l;w(     E;};};S$            
1072: E->i(W)M            i;b;j:i=i*l;b;};ti;i=l;w(     E;};};S$            
1072: SAVESTATE:          74
1072:                     i;b;j:i=i*l;b;};ti;i=l;w(     i(W)M;};};S$        
1073:                     ;b;j:i=i*l;b;};ti;i=l;w(i     (W)M;};};S$         
1074: TS_NOK/NS_NORULECHAIN
1074: RESSTATE            
1074:                     i;b;j:i=i*l;b;};ti;i=l;w(     E;};};S$            
1075: E->i                i;b;j:i=i*l;b;};ti;i=l;w(     E;};};S$            
1075: SAVESTATE:          74
1075:                     i;b;j:i=i*l;b;};ti;i=l;w(     i;};};S$            
1076:                     ;b;j:i=i*l;b;};ti;i=l;w(i     ;};};S$             
1077:                     b;j:i=i*l;b;};ti;i=l;w(i)     };};S$              
1078: TS_NOK/NS_NORULECHAIN
1078: RESSTATE            
1078:                     i;b;j:i=i*l;b;};ti;i=l;w(     E;};};S$            
1079: E->iM               i;b;j:i=i*l;b;};ti;i=l;w(     E;};};S$            
1079: SAVESTATE:          74
1079:                     i;b;j:i=i*l;b;};ti;i=l;w(     iM;};};S$           
1080:                     ;b;j:i=i*l;b;};ti;i=l;w(i     M;};};S$            
1081: TNS_NORULECHAIN/NS_NORULE
1081: RESSTATE            
1081:                     i;b;j:i=i*l;b;};ti;i=l;w(     E;};};S$            
1082: TNS_NORULECHAIN/NS_NORULE
1082: RESSTATE            
1082:                     ~i;b;j:i=i*l;b;};ti;i=l;w     E;};};S$            
1083: TNS_NORULECHAIN/NS_NORULE
1083: RESSTATE            
1083:                     i=~i;b;j:i=i*l;b;};ti;i=l     N};};S$             
1084: N->i=E;N            i=~i;b;j:i=i*l;b;};ti;i=l     N};};S$             
1084: SAVESTATE:          72
1084:                     i=~i;b;j:i=i*l;b;};ti;i=l     i=E;N};};S$         
1085:                     =~i;b;j:i=i*l;b;};ti;i=l;     =E;N};};S$          
1086:                     ~i;b;j:i=i*l;b;};ti;i=l;w     E;N};};S$           
1087: E->~E               ~i;b;j:i=i*l;b;};ti;i=l;w     E;N};};S$           
1087: SAVESTATE:          73
1087:                     ~i;b;j:i=i*l;b;};ti;i=l;w     ~E;N};};S$          
1088:                     i;b;j:i=i*l;b;};ti;i=l;w(     E;N};};S$           
1089: E->i()              i;b;j:i=i*l;b;};ti;i=l;w(     E;N};};S$           
1089: SAVESTATE:          74
1089:                     i;b;j:i=i*l;b;};ti;i=l;w(     i();N};};S$         
1090:                     ;b;j:i=i*l;b;};ti;i=l;w(i     ();N};};S$          
1091: TS_NOK/NS_NORULECHAIN
1091: RESSTATE            
1091:                     i;b;j:i=i*l;b;};ti;i=l;w(     E;N};};S$           
1092: E->i()M             i;b;j:i=i*l;b;};ti;i=l;w(     E;N};};S$           
1092: SAVESTATE:          74
1092:                     i;b;j:i=i*l;b;};ti;i=l;w(     i()M;N};};S$        
1093:                     ;b;j:i=i*l;b;};ti;i=l;w(i     ()M;N};};S$         
1094: TS_NOK/NS_NORULECHAIN
1094: RESSTATE            
1094:                     i;b;j:i=i*l;b;};ti;i=l;w(     E;N};};S$           
1095: E->i(W)             i;b;j:i=i*l;b;};ti;i=l;w(     E;N};};S$           
1095: SAVESTATE:          74
1095:                     i;b;j:i=i*l;b;};ti;i=l;w(     i(W);N};};S$        
1096:                     ;b;j:i=i*l;b;};ti;i=l;w(i     (W);N};};S$         
1097: TS_NOK/NS_NORULECHAIN
1097: RESSTATE            
1097:                     i;b;j:i=i*l;b;};ti;i=l;w(     E;N};};S$           
1098: E->i(W)M            i;b;j:i=i*l;b;};ti;i=l;w(     E;N};};S$           
1098: SAVESTATE:          74
1098:                     i;b;j:i=i*l;b;};ti;i=l;w(     i(W)M;N};};S$       
1099:                     ;b;j:i=i*l;b;};ti;i=l;w(i     (W)M;N};};S$        
1100: TS_NOK/NS_NORULECHAIN
1100: RESSTATE            
1100:                     i;b;j:i=i*l;b;};ti;i=l;w(     E;N};};S$           
1101: E->i                i;b;j:i=i*l;b;};ti;i=l;w(     E;N};};S$           
1101: SAVESTATE:          74
1101:                     i;b;j:i=i*l;b;};ti;i=l;w(     i;N};};S$           
1102:                     ;b;j:i=i*l;b;};ti;i=l;w(i     ;N};};S$            
1103:                     b;j:i=i*l;b;};ti;i=l;w(i)     N};};S$             
1104: N->b;N              b;j:i=i*l;b;};ti;i=l;w(i)     N};};S$             
1104: SAVESTATE:          75
1104:                     b;j:i=i*l;b;};ti;i=l;w(i)     b;N};};S$           
1105:                     ;j:i=i*l;b;};ti;i=l;w(i){     ;N};};S$            
1106:                     j:i=i*l;b;};ti;i=l;w(i){k     N};};S$             
1107: N->j:N              j:i=i*l;b;};ti;i=l;w(i){k     N};};S$             
1107: SAVESTATE:          76
1107:                     j:i=i*l;b;};ti;i=l;w(i){k     j:N};};S$           
1108:                     :i=i*l;b;};ti;i=l;w(i){kl     :N};};S$            
1109:                     i=i*l;b;};ti;i=l;w(i){kl:     N};};S$             
1110: N->i();             i=i*l;b;};ti;i=l;w(i){kl:     N};};S$             
1110: SAVESTATE:          77
1110:                     i=i*l;b;};ti;i=l;w(i){kl:     i();};};S$          
1111:                     =i*l;b;};ti;i=l;w(i){kl:p     ();};};S$           
1112: TS_NOK/NS_NORULECHAIN
1112: RESSTATE            
1112:                     i=i*l;b;};ti;i=l;w(i){kl:     N};};S$             
1113: N->i();N            i=i*l;b;};ti;i=l;w(i){kl:     N};};S$             
1113: SAVESTATE:          77
1113:                     i=i*l;b;};ti;i=l;w(i){kl:     i();N};};S$         
1114:                     =i*l;b;};ti;i=l;w(i){kl:p     ();N};};S$          
1115: TS_NOK/NS_NORULECHAIN
1115: RESSTATE            
1115:                     i=i*l;b;};ti;i=l;w(i){kl:     N};};S$             
1116: N->i(W);            i=i*l;b;};ti;i=l;w(i){kl:     N};};S$             
1116: SAVESTATE:          77
1116:                     i=i*l;b;};ti;i=l;w(i){kl:     i(W);};};S$         
1117:                     =i*l;b;};ti;i=l;w(i){kl:p     (W);};};S$          
1118: TS_NOK/NS_NORULECHAIN
1118: RESSTATE            
1118:                     i=i*l;b;};ti;i=l;w(i){kl:     N};};S$             
1119: N->i(W);N           i=i*l;b;};ti;i=l;w(i){kl:     N};};S$             
1119: SAVESTATE:          77
1119:                     i=i*l;b;};ti;i=l;w(i){kl:     i(W);N};};S$        
1120:                     =i*l;b;};ti;i=l;w(i){kl:p     (W);N};};S$         
1121: TS_NOK/NS_NORULECHAIN
1121: RESSTATE            
1121:                     i=i*l;b;};ti;i=l;w(i){kl:     N};};S$             
1122: N->i()M;            i=i*l;b;};ti;i=l;w(i){kl:     N};};S$             
1122: SAVESTATE:          77
1122:                     i=i*l;b;};ti;i=l;w(i){kl:     i()M;};};S$         
1123:                     =i*l;b;};ti;i=l;w(i){kl:p     ()M;};};S$          
1124: TS_NOK/NS_NORULECHAIN
1124: RESSTATE            
1124:                     i=i*l;b;};ti;i=l;w(i){kl:     N};};S$             
1125: N->i()M;N           i=i*l;b;};ti;i=l;w(i){kl:     N};};S$             
1125: SAVESTATE:          77
1125:                     i=i*l;b;};ti;i=l;w(i){kl:     i()M;N};};S$        
1126:                     =i*l;b;};ti;i=l;w(i){kl:p     ()M;N};};S$         
1127: TS_NOK/NS_NORULECHAIN
1127: RESSTATE            
1127:                     i=i*l;b;};ti;i=l;w(i){kl:     N};};S$             
1128: N->i(W)M;           i=i*l;b;};ti;i=l;w(i){kl:     N};};S$             
1128: SAVESTATE:          77
1128:                     i=i*l;b;};ti;i=l;w(i){kl:     i(W)M;};};S$        
1129:                     =i*l;b;};ti;i=l;w(i){kl:p     (W)M;};};S$         
1130: TS_NOK/NS_NORULECHAIN
1130: RESSTATE            
1130:                     i=i*l;b;};ti;i=l;w(i){kl:     N};};S$             
1131: N->i(W)M;N          i=i*l;b;};ti;i=l;w(i){kl:     N};};S$             
1131: SAVESTATE:          77
1131:                     i=i*l;b;};ti;i=l;w(i){kl:     i(W)M;N};};S$       
1132:                     =i*l;b;};ti;i=l;w(i){kl:p     (W)M;N};};S$        
1133: TS_NOK/NS_NORULECHAIN
1133: RESSTATE            
1133:                     i=i*l;b;};ti;i=l;w(i){kl:     N};};S$             
1134: N->i=E;             i=i*l;b;};ti;i=l;w(i){kl:     N};};S$             
1134: SAVESTATE:          77
1134:                     i=i*l;b;};ti;i=l;w(i){kl:     i=E;};};S$          
1135:                     =i*l;b;};ti;i=l;w(i){kl:p     =E;};};S$           
1136:                     i*l;b;};ti;i=l;w(i){kl:pl     E;};};S$            
1137: E->i()              i*l;b;};ti;i=l;w(i){kl:pl     E;};};S$            
1137: SAVESTATE:          78
1137:                     i*l;b;};ti;i=l;w(i){kl:pl     i();};};S$          
1138:                     *l;b;};ti;i=l;w(i){kl:pl;     ();};};S$           
1139: TS_NOK/NS_NORULECHAIN
1139: RESSTATE            
1139:                     i*l;b;};ti;i=l;w(i){kl:pl     E;};};S$            
1140: E->i()M             i*l;b;};ti;i=l;w(i){kl:pl     E;};};S$            
1140: SAVESTATE:          78
1140:                     i*l;b;};ti;i=l;w(i){kl:pl     i()M;};};S$         
1141:                     *l;b;};ti;i=l;w(i){kl:pl;     ()M;};};S$          
1142: TS_NOK/NS_NORULECHAIN
1142: RESSTATE            
1142:                     i*l;b;};ti;i=l;w(i){kl:pl     E;};};S$            
1143: E->i(W)             i*l;b;};ti;i=l;w(i){kl:pl     E;};};S$            
1143: SAVESTATE:          78
1143:                     i*l;b;};ti;i=l;w(i){kl:pl     i(W);};};S$         
1144:                     *l;b;};ti;i=l;w(i){kl:pl;     (W);};};S$          
1145: TS_NOK/NS_NORULECHAIN
1145: RESSTATE            
1145:                     i*l;b;};ti;i=l;w(i){kl:pl     E;};};S$            
1146: E->i(W)M            i*l;b;};ti;i=l;w(i){kl:pl     E;};};S$            
1146: SAVESTATE:          78
1146:                     i*l;b;};ti;i=l;w(i){kl:pl     i(W)M;};};S$        
1147:                     *l;b;};ti;i=l;w(i){kl:pl;     (W)M;};};S$         
1148: TS_NOK/NS_NORULECHAIN
1148: RESSTATE            
1148:                     i*l;b;};ti;i=l;w(i){kl:pl     E;};};S$            
1149: E->i                i*l;b;};ti;i=l;w(i){kl:pl     E;};};S$            
1149: SAVESTATE:          78
1149:                     i*l;b;};ti;i=l;w(i){kl:pl     i;};};S$            
1150:                     *l;b;};ti;i=l;w(i){kl:pl;     ;};};S$             
1151: TS_NOK/NS_NORULECHAIN
1151: RESSTATE            
1151:                     i*l;b;};ti;i=l;w(i){kl:pl     E;};};S$            
1152: E->iM               i*l;b;};ti;i=l;w(i){kl:pl     E;};};S$            
1152: SAVESTATE:          78
1152:                     i*l;b;};ti;i=l;w(i){kl:pl     iM;};};S$           
1153:                     *l;b;};ti;i=l;w(i){kl:pl;     M;};};S$            
1154: M->*E               *l;b;};ti;i=l;w(i){kl:pl;     M;};};S$            
1154: SAVESTATE:          79
1154:                     *l;b;};ti;i=l;w(i){kl:pl;     *E;};};S$           
1155:                     l;b;};ti;i=l;w(i){kl:pl;b     E;};};S$            
1156: E->l                l;b;};ti;i=l;w(i){kl:pl;b     E;};};S$            
1156: SAVESTATE:          80
1156:                     l;b;};ti;i=l;w(i){kl:pl;b     l;};};S$            
1157:                     ;b;};ti;i=l;w(i){kl:pl;b;     ;};};S$             
1158:                     b;};ti;i=l;w(i){kl:pl;b;k     };};S$              
1159: TS_NOK/NS_NORULECHAIN
1159: RESSTATE            
1159:                     l;b;};ti;i=l;w(i){kl:pl;b     E;};};S$            
1160: E->lM               l;b;};ti;i=l;w(i){kl:pl;b     E;};};S$            
1160: SAVESTATE:          80
1160:                     l;b;};ti;i=l;w(i){kl:pl;b     lM;};};S$           
1161:                     ;b;};ti;i=l;w(i){kl:pl;b;     M;};};S$            
1162: TNS_NORULECHAIN/NS_NORULE
1162: RESSTATE            
1162:                     l;b;};ti;i=l;w(i){kl:pl;b     E;};};S$            
1163: TNS_NORULECHAIN/NS_NORULE
1163: RESSTATE            
1163:                     *l;b;};ti;i=l;w(i){kl:pl;     M;};};S$            
1164: M->*EM              *l;b;};ti;i=l;w(i){kl:pl;     M;};};S$            
1164: SAVESTATE:          79
1164:                     *l;b;};ti;i=l;w(i){kl:pl;     *EM;};};S$          
1165:                     l;b;};ti;i=l;w(i){kl:pl;b     EM;};};S$           
1166: E->l                l;b;};ti;i=l;w(i){kl:pl;b     EM;};};S$           
1166: SAVESTATE:          80
1166:                     l;b;};ti;i=l;w(i){kl:pl;b     lM;};};S$           
1167:                     ;b;};ti;i=l;w(i){kl:pl;b;     M;};};S$            
1168: TNS_NORULECHAIN/NS_NORULE
1168: RESSTATE            
1168:                     l;b;};ti;i=l;w(i){kl:pl;b     EM;};};S$           
1169: E->lM               l;b;};ti;i=l;w(i){kl:pl;b     EM;};};S$           
1169: SAVESTATE:          80
1169:                     l;b;};ti;i=l;w(i){kl:pl;b     lMM;};};S$          
1170:                     ;b;};ti;i=l;w(i){kl:pl;b;     MM;};};S$           
1171: TNS_NORULECHAIN/NS_NORULE
1171: RESSTATE            
1171:                     l;b;};ti;i=l;w(i){kl:pl;b     EM;};};S$           
1172: TNS_NORULECHAIN/NS_NORULE
1172: RESSTATE            
1172:                     *l;b;};ti;i=l;w(i){kl:pl;     M;};};S$            
1173: TNS_NORULECHAIN/NS_NORULE
1173: RESSTATE            
1173:                     i*l;b;};ti;i=l;w(i){kl:pl     E;};};S$            
1174: TNS_NORULECHAIN/NS_NORULE
1174: RESSTATE            
1174:                     i=i*l;b;};ti;i=l;w(i){kl:     N};};S$             
1175: N->i=E;N            i=i*l;b;};ti;i=l;w(i){kl:     N};};S$             
1175: SAVESTATE:          77
1175:                     i=i*l;b;};ti;i=l;w(i){kl:     i=E;N};};S$         
1176:                     =i*l;b;};ti;i=l;w(i){kl:p     =E;N};};S$          
1177:                     i*l;b;};ti;i=l;w(i){kl:pl     E;N};};S$           
1178: E->i()              i*l;b;};ti;i=l;w(i){kl:pl     E;N};};S$           
1178: SAVESTATE:          78
1178:                     i*l;b;};ti;i=l;w(i){kl:pl     i();N};};S$         
1179:                     *l;b;};ti;i=l;w(i){kl:pl;     ();N};};S$          
1180: TS_NOK/NS_NORULECHAIN
1180: RESSTATE            
1180:                     i*l;b;};ti;i=l;w(i){kl:pl     E;N};};S$           
1181: E->i()M             i*l;b;};ti;i=l;w(i){kl:pl     E;N};};S$           
1181: SAVESTATE:          78
1181:                     i*l;b;};ti;i=l;w(i){kl:pl     i()M;N};};S$        
1182:                     *l;b;};ti;i=l;w(i){kl:pl;     ()M;N};};S$         
1183: TS_NOK/NS_NORULECHAIN
1183: RESSTATE            
1183:                     i*l;b;};ti;i=l;w(i){kl:pl     E;N};};S$           
1184: E->i(W)             i*l;b;};ti;i=l;w(i){kl:pl     E;N};};S$           
1184: SAVESTATE:          78
1184:                     i*l;b;};ti;i=l;w(i){kl:pl     i(W);N};};S$        
1185:                     *l;b;};ti;i=l;w(i){kl:pl;     (W);N};};S$         
1186: TS_NOK/NS_NORULECHAIN
1186: RESSTATE            
1186:                     i*l;b;};ti;i=l;w(i){kl:pl     E;N};};S$           
1187: E->i(W)M            i*l;b;};ti;i=l;w(i){kl:pl     E;N};};S$           
1187: SAVESTATE:          78
1187:                     i*l;b;};ti;i=l;w(i){kl:pl     i(W)M;N};};S$       
1188:                     *l;b;};ti;i=l;w(i){kl:pl;     (W)M;N};};S$        
1189: TS_NOK/NS_NORULECHAIN
1189: RESSTATE            
1189:                     i*l;b;};ti;i=l;w(i){kl:pl     E;N};};S$           
1190: E->i                i*l;b;};ti;i=l;w(i){kl:pl     E;N};};S$           
1190: SAVESTATE:          78
1190:                     i*l;b;};ti;i=l;w(i){kl:pl     i;N};};S$           
1191:                     *l;b;};ti;i=l;w(i){kl:pl;     ;N};};S$            
1192: TS_NOK/NS_NORULECHAIN
1192: RESSTATE            
1192:                     i*l;b;};ti;i=l;w(i){kl:pl     E;N};};S$           
1193: E->iM               i*l;b;};ti;i=l;w(i){kl:pl     E;N};};S$           
1193: SAVESTATE:          78
1193:                     i*l;b;};ti;i=l;w(i){kl:pl     iM;N};};S$          
1194:                     *l;b;};ti;i=l;w(i){kl:pl;     M;N};};S$           
1195: M->*E               *l;b;};ti;i=l;w(i){kl:pl;     M;N};};S$           
1195: SAVESTATE:          79
1195:                     *l;b;};ti;i=l;w(i){kl:pl;     *E;N};};S$          
1196:                     l;b;};ti;i=l;w(i){kl:pl;b     E;N};};S$           
1197: E->l                l;b;};ti;i=l;w(i){kl:pl;b     E;N};};S$           
1197: SAVESTATE:          80
1197:                     l;b;};ti;i=l;w(i){kl:pl;b     l;N};};S$           
1198:                     ;b;};ti;i=l;w(i){kl:pl;b;     ;N};};S$            
1199:                     b;};ti;i=l;w(i){kl:pl;b;k     N};};S$             
1200: N->b;N              b;};ti;i=l;w(i){kl:pl;b;k     N};};S$             
1200: SAVESTATE:          81
1200:                     b;};ti;i=l;w(i){kl:pl;b;k     b;N};};S$           
1201:                     ;};ti;i=l;w(i){kl:pl;b;kl     ;N};};S$            
1202:                     };ti;i=l;w(i){kl:pl;b;kl:     N};};S$             
1203: TNS_NORULECHAIN/NS_NORULE
1203: RESSTATE            
1203:                     b;};ti;i=l;w(i){kl:pl;b;k     N};};S$             
1204: N->b;               b;};ti;i=l;w(i){kl:pl;b;k     N};};S$             
1204: SAVESTATE:          81
1204:                     b;};ti;i=l;w(i){kl:pl;b;k     b;};};S$            
1205:                     ;};ti;i=l;w(i){kl:pl;b;kl     ;};};S$             
1206:                     };ti;i=l;w(i){kl:pl;b;kl:     };};S$              
1207:                     ;ti;i=l;w(i){kl:pl;b;kl:p     ;};S$               
1208:                     ti;i=l;w(i){kl:pl;b;kl:pl     };S$                
1209: TS_NOK/NS_NORULECHAIN
1209: RESSTATE            
1209:                     b;};ti;i=l;w(i){kl:pl;b;k     N};};S$             
1210: TNS_NORULECHAIN/NS_NORULE
1210: RESSTATE            
1210:                     l;b;};ti;i=l;w(i){kl:pl;b     E;N};};S$           
1211: E->lM               l;b;};ti;i=l;w(i){kl:pl;b     E;N};};S$           
1211: SAVESTATE:          80
1211:                     l;b;};ti;i=l;w(i){kl:pl;b     lM;N};};S$          
1212:                     ;b;};ti;i=l;w(i){kl:pl;b;     M;N};};S$           
1213: TNS_NORULECHAIN/NS_NORULE
1213: RESSTATE            
1213:                     l;b;};ti;i=l;w(i){kl:pl;b     E;N};};S$           
1214: TNS_NORULECHAIN/NS_NORULE
1214: RESSTATE            
1214:                     *l;b;};ti;i=l;w(i){kl:pl;     M;N};};S$           
1215: M->*EM              *l;b;};ti;i=l;w(i){kl:pl;     M;N};};S$           
1215: SAVESTATE:          79
1215:                     *l;b;};ti;i=l;w(i){kl:pl;     *EM;N};};S$         
1216:                     l;b;};ti;i=l;w(i){kl:pl;b     EM;N};};S$          
1217: E->l                l;b;};ti;i=l;w(i){kl:pl;b     EM;N};};S$          
1217: SAVESTATE:          80
1217:                     l;b;};ti;i=l;w(i){kl:pl;b     lM;N};};S$          
1218:                     ;b;};ti;i=l;w(i){kl:pl;b;     M;N};};S$           
1219: TNS_NORULECHAIN/NS_NORULE
1219: RESSTATE            
1219:                     l;b;};ti;i=l;w(i){kl:pl;b     EM;N};};S$          
1220: E->lM               l;b;};ti;i=l;w(i){kl:pl;b     EM;N};};S$          
1220: SAVESTATE:          80
1220:                     l;b;};ti;i=l;w(i){kl:pl;b     lMM;N};};S$         
1221:                     ;b;};ti;i=l;w(i){kl:pl;b;     MM;N};};S$          
1222: TNS_NORULECHAIN/NS_NORULE
1222: RESSTATE            
1222:                     l;b;};ti;i=l;w(i){kl:pl;b     EM;N};};S$          
1223: TNS_NORULECHAIN/NS_NORULE
1223: RESSTATE            
1223:                     *l;b;};ti;i=l;w(i){kl:pl;     M;N};};S$           
1224: TNS_NORULECHAIN/NS_NORULE
1224: RESSTATE            
1224:                     i*l;b;};ti;i=l;w(i){kl:pl     E;N};};S$           
1225: TNS_NORULECHAIN/NS_NORULE
1225: RESSTATE            
1225:                     i=i*l;b;};ti;i=l;w(i){kl:     N};};S$             
1226: TNS_NORULECHAIN/NS_NORULE
1226: RESSTATE            
1226:                     j:i=i*l;b;};ti;i=l;w(i){k     N};};S$             
1227: N->j:               j:i=i*l;b;};ti;i=l;w(i){k     N};};S$             
1227: SAVESTATE:          76
1227:                     j:i=i*l;b;};ti;i=l;w(i){k     j:};};S$            
1228:                     :i=i*l;b;};ti;i=l;w(i){kl     :};};S$             
1229:                     i=i*l;b;};ti;i=l;w(i){kl:     };};S$              
1230: TS_NOK/NS_NORULECHAIN
1230: RESSTATE            
1230:                     j:i=i*l;b;};ti;i=l;w(i){k     N};};S$             
1231: TNS_NORULECHAIN/NS_NORULE
1231: RESSTATE            
1231:                     b;j:i=i*l;b;};ti;i=l;w(i)     N};};S$             
1232: N->b;               b;j:i=i*l;b;};ti;i=l;w(i)     N};};S$             
1232: SAVESTATE:          75
1232:                     b;j:i=i*l;b;};ti;i=l;w(i)     b;};};S$            
1233:                     ;j:i=i*l;b;};ti;i=l;w(i){     ;};};S$             
1234:                     j:i=i*l;b;};ti;i=l;w(i){k     };};S$              
1235: TS_NOK/NS_NORULECHAIN
1235: RESSTATE            
1235:                     b;j:i=i*l;b;};ti;i=l;w(i)     N};};S$             
1236: TNS_NORULECHAIN/NS_NORULE
1236: RESSTATE            
1236:                     i;b;j:i=i*l;b;};ti;i=l;w(     E;N};};S$           
1237: E->iM               i;b;j:i=i*l;b;};ti;i=l;w(     E;N};};S$           
1237: SAVESTATE:          74
1237:                     i;b;j:i=i*l;b;};ti;i=l;w(     iM;N};};S$          
1238:                     ;b;j:i=i*l;b;};ti;i=l;w(i     M;N};};S$           
1239: TNS_NORULECHAIN/NS_NORULE
1239: RESSTATE            
1239:                     i;b;j:i=i*l;b;};ti;i=l;w(     E;N};};S$           
1240: TNS_NORULECHAIN/NS_NORULE
1240: RESSTATE            
1240:                     ~i;b;j:i=i*l;b;};ti;i=l;w     E;N};};S$           
1241: TNS_NORULECHAIN/NS_NORULE
1241: RESSTATE            
1241:                     i=~i;b;j:i=i*l;b;};ti;i=l     N};};S$             
1242: TNS_NORULECHAIN/NS_NORULE
1242: RESSTATE            
1242:                     kl:i=~i;b;j:i=i*l;b;};ti;     N};};S$             
1243: N->kl:              kl:i=~i;b;j:i=i*l;b;};ti;     N};};S$             
1243: SAVESTATE:          71
1243:                     kl:i=~i;b;j:i=i*l;b;};ti;     kl:};};S$           
1244:                     l:i=~i;b;j:i=i*l;b;};ti;i     l:};};S$            
1245:                     :i=~i;b;j:i=i*l;b;};ti;i=     :};};S$             
1246:                     i=~i;b;j:i=i*l;b;};ti;i=l     };};S$              
1247: TS_NOK/NS_NORULECHAIN
1247: RESSTATE            
1247:                     kl:i=~i;b;j:i=i*l;b;};ti;     N};};S$             
1248: TNS_NORULECHAIN/NS_NORULE
1248: RESSTATE            
1248:                     b;kl:i=~i;b;j:i=i*l;b;};t     N};};S$             
1249: N->b;               b;kl:i=~i;b;j:i=i*l;b;};t     N};};S$             
1249: SAVESTATE:          70
1249:                     b;kl:i=~i;b;j:i=i*l;b;};t     b;};};S$            
1250:                     ;kl:i=~i;b;j:i=i*l;b;};ti     ;};};S$             
1251:                     kl:i=~i;b;j:i=i*l;b;};ti;     };};S$              
1252: TS_NOK/NS_NORULECHAIN
1252: RESSTATE            
1252:                     b;kl:i=~i;b;j:i=i*l;b;};t     N};};S$             
1253: TNS_NORULECHAIN/NS_NORULE
1253: RESSTATE            
1253:                     l;b;kl:i=~i;b;j:i=i*l;b;}     E;N};};S$           
1254: E->lM               l;b;kl:i=~i;b;j:i=i*l;b;}     E;N};};S$           
1254: SAVESTATE:          69
1254:                     l;b;kl:i=~i;b;j:i=i*l;b;}     lM;N};};S$          
1255:                     ;b;kl:i=~i;b;j:i=i*l;b;};     M;N};};S$           
1256: TNS_NORULECHAIN/NS_NORULE
1256: RESSTATE            
1256:                     l;b;kl:i=~i;b;j:i=i*l;b;}     E;N};};S$           
1257: TNS_NORULECHAIN/NS_NORULE
1257: RESSTATE            
1257:                     |l;b;kl:i=~i;b;j:i=i*l;b;     M;N};};S$           
1258: M->|EM              |l;b;kl:i=~i;b;j:i=i*l;b;     M;N};};S$           
1258: SAVESTATE:          68
1258:                     |l;b;kl:i=~i;b;j:i=i*l;b;     |EM;N};};S$         
1259:                     l;b;kl:i=~i;b;j:i=i*l;b;}     EM;N};};S$          
1260: E->l                l;b;kl:i=~i;b;j:i=i*l;b;}     EM;N};};S$          
1260: SAVESTATE:          69
1260:                     l;b;kl:i=~i;b;j:i=i*l;b;}     lM;N};};S$          
1261:                     ;b;kl:i=~i;b;j:i=i*l;b;};     M;N};};S$           
1262: TNS_NORULECHAIN/NS_NORULE
1262: RESSTATE            
1262:                     l;b;kl:i=~i;b;j:i=i*l;b;}     EM;N};};S$          
1263: E->lM               l;b;kl:i=~i;b;j:i=i*l;b;}     EM;N};};S$          
1263: SAVESTATE:          69
1263:                     l;b;kl:i=~i;b;j:i=i*l;b;}     lMM;N};};S$         
1264:                     ;b;kl:i=~i;b;j:i=i*l;b;};     MM;N};};S$          
1265: TNS_NORULECHAIN/NS_NORULE
1265: RESSTATE            
1265:                     l;b;kl:i=~i;b;j:i=i*l;b;}     EM;N};};S$          
1266: TNS_NORULECHAIN/NS_NORULE
1266: RESSTATE            
1266:                     |l;b;kl:i=~i;b;j:i=i*l;b;     M;N};};S$           
1267: TNS_NORULECHAIN/NS_NORULE
1267: RESSTATE            
1267:                     i|l;b;kl:i=~i;b;j:i=i*l;b     E;N};};S$           
1268: TNS_NORULECHAIN/NS_NORULE
1268: RESSTATE            
1268:                     i=i|l;b;kl:i=~i;b;j:i=i*l     N};};S$             
1269: TNS_NORULECHAIN/NS_NORULE
1269: RESSTATE            
1269:                     kl:i=i|l;b;kl:i=~i;b;j:i=     N};};S$             
1270: N->kl:              kl:i=i|l;b;kl:i=~i;b;j:i=     N};};S$             
1270: SAVESTATE:          65
1270:                     kl:i=i|l;b;kl:i=~i;b;j:i=     kl:};};S$           
1271:                     l:i=i|l;b;kl:i=~i;b;j:i=i     l:};};S$            
1272:                     :i=i|l;b;kl:i=~i;b;j:i=i*     :};};S$             
1273:                     i=i|l;b;kl:i=~i;b;j:i=i*l     };};S$              
1274: TS_NOK/NS_NORULECHAIN
1274: RESSTATE            
1274:                     kl:i=i|l;b;kl:i=~i;b;j:i=     N};};S$             
1275: TNS_NORULECHAIN/NS_NORULE
1275: RESSTATE            
1275:                     b;kl:i=i|l;b;kl:i=~i;b;j:     N};};S$             
1276: N->b;               b;kl:i=i|l;b;kl:i=~i;b;j:     N};};S$             
1276: SAVESTATE:          64
1276:                     b;kl:i=i|l;b;kl:i=~i;b;j:     b;};};S$            
1277:                     ;kl:i=i|l;b;kl:i=~i;b;j:i     ;};};S$             
1278:                     kl:i=i|l;b;kl:i=~i;b;j:i=     };};S$              
1279: TS_NOK/NS_NORULECHAIN
1279: RESSTATE            
1279:                     b;kl:i=i|l;b;kl:i=~i;b;j:     N};};S$             
1280: TNS_NORULECHAIN/NS_NORULE
1280: RESSTATE            
1280:                     l;b;kl:i=i|l;b;kl:i=~i;b;     E;N};};S$           
1281: E->lM               l;b;kl:i=i|l;b;kl:i=~i;b;     E;N};};S$           
1281: SAVESTATE:          63
1281:                     l;b;kl:i=i|l;b;kl:i=~i;b;     lM;N};};S$          
1282:                     ;b;kl:i=i|l;b;kl:i=~i;b;j     M;N};};S$           
1283: TNS_NORULECHAIN/NS_NORULE
1283: RESSTATE            
1283:                     l;b;kl:i=i|l;b;kl:i=~i;b;     E;N};};S$           
1284: TNS_NORULECHAIN/NS_NORULE
1284: RESSTATE            
1284:                     &l;b;kl:i=i|l;b;kl:i=~i;b     M;N};};S$           
1285: M->&EM              &l;b;kl:i=i|l;b;kl:i=~i;b     M;N};};S$           
1285: SAVESTATE:          62
1285:                     &l;b;kl:i=i|l;b;kl:i=~i;b     &EM;N};};S$         
1286:                     l;b;kl:i=i|l;b;kl:i=~i;b;     EM;N};};S$          
1287: E->l                l;b;kl:i=i|l;b;kl:i=~i;b;     EM;N};};S$          
1287: SAVESTATE:          63
1287:                     l;b;kl:i=i|l;b;kl:i=~i;b;     lM;N};};S$          
1288:                     ;b;kl:i=i|l;b;kl:i=~i;b;j     M;N};};S$           
1289: TNS_NORULECHAIN/NS_NORULE
1289: RESSTATE            
1289:                     l;b;kl:i=i|l;b;kl:i=~i;b;     EM;N};};S$          
1290: E->lM               l;b;kl:i=i|l;b;kl:i=~i;b;     EM;N};};S$          
1290: SAVESTATE:          63
1290:                     l;b;kl:i=i|l;b;kl:i=~i;b;     lMM;N};};S$         
1291:                     ;b;kl:i=i|l;b;kl:i=~i;b;j     MM;N};};S$          
1292: TNS_NORULECHAIN/NS_NORULE
1292: RESSTATE            
1292:                     l;b;kl:i=i|l;b;kl:i=~i;b;     EM;N};};S$          
1293: TNS_NORULECHAIN/NS_NORULE
1293: RESSTATE            
1293:                     &l;b;kl:i=i|l;b;kl:i=~i;b     M;N};};S$           
1294: TNS_NORULECHAIN/NS_NORULE
1294: RESSTATE            
1294:                     i&l;b;kl:i=i|l;b;kl:i=~i;     E;N};};S$           
1295: TNS_NORULECHAIN/NS_NORULE
1295: RESSTATE            
1295:                     i=i&l;b;kl:i=i|l;b;kl:i=~     N};};S$             
1296: TNS_NORULECHAIN/NS_NORULE
1296: RESSTATE            
1296:                     kl:i=i&l;b;kl:i=i|l;b;kl:     N};};S$             
1297: N->kl:              kl:i=i&l;b;kl:i=i|l;b;kl:     N};};S$             
1297: SAVESTATE:          59
1297:                     kl:i=i&l;b;kl:i=i|l;b;kl:     kl:};};S$           
1298:                     l:i=i&l;b;kl:i=i|l;b;kl:i     l:};};S$            
1299:                     :i=i&l;b;kl:i=i|l;b;kl:i=     :};};S$             
1300:                     i=i&l;b;kl:i=i|l;b;kl:i=~     };};S$              
1301: TS_NOK/NS_NORULECHAIN
1301: RESSTATE            
1301:                     kl:i=i&l;b;kl:i=i|l;b;kl:     N};};S$             
1302: TNS_NORULECHAIN/NS_NORULE
1302: RESSTATE            
1302:                     i){kl:i=i&l;b;kl:i=i|l;b;     E){N};};S$          
1303: E->iM               i){kl:i=i&l;b;kl:i=i|l;b;     E){N};};S$          
1303: SAVESTATE:          58
1303:                     i){kl:i=i&l;b;kl:i=i|l;b;     iM){N};};S$         
1304:                     ){kl:i=i&l;b;kl:i=i|l;b;k     M){N};};S$          
1305: TNS_NORULECHAIN/NS_NORULE
1305: RESSTATE            
1305:                     i){kl:i=i&l;b;kl:i=i|l;b;     E){N};};S$          
1306: TNS_NORULECHAIN/NS_NORULE
1306: RESSTATE            
1306:                     w(i){kl:i=i&l;b;kl:i=i|l;     N};S$               
1307: N->w(E){N};N        w(i){kl:i=i&l;b;kl:i=i|l;     N};S$               
1307: SAVESTATE:          57
1307:                     w(i){kl:i=i&l;b;kl:i=i|l;     w(E){N};N};S$       
1308:                     (i){kl:i=i&l;b;kl:i=i|l;b     (E){N};N};S$        
1309:                     i){kl:i=i&l;b;kl:i=i|l;b;     E){N};N};S$         
1310: E->i()              i){kl:i=i&l;b;kl:i=i|l;b;     E){N};N};S$         
1310: SAVESTATE:          58
1310:                     i){kl:i=i&l;b;kl:i=i|l;b;     i()){N};N};S$       
1311:                     ){kl:i=i&l;b;kl:i=i|l;b;k     ()){N};N};S$        
1312: TS_NOK/NS_NORULECHAIN
1312: RESSTATE            
1312:                     i){kl:i=i&l;b;kl:i=i|l;b;     E){N};N};S$         
1313: E->i()M             i){kl:i=i&l;b;kl:i=i|l;b;     E){N};N};S$         
1313: SAVESTATE:          58
1313:                     i){kl:i=i&l;b;kl:i=i|l;b;     i()M){N};N};S$      
1314:                     ){kl:i=i&l;b;kl:i=i|l;b;k     ()M){N};N};S$       
1315: TS_NOK/NS_NORULECHAIN
1315: RESSTATE            
1315:                     i){kl:i=i&l;b;kl:i=i|l;b;     E){N};N};S$         
1316: E->i(W)             i){kl:i=i&l;b;kl:i=i|l;b;     E){N};N};S$         
1316: SAVESTATE:          58
1316:                     i){kl:i=i&l;b;kl:i=i|l;b;     i(W)){N};N};S$      
1317:                     ){kl:i=i&l;b;kl:i=i|l;b;k     (W)){N};N};S$       
1318: TS_NOK/NS_NORULECHAIN
1318: RESSTATE            
1318:                     i){kl:i=i&l;b;kl:i=i|l;b;     E){N};N};S$         
1319: E->i(W)M            i){kl:i=i&l;b;kl:i=i|l;b;     E){N};N};S$         
1319: SAVESTATE:          58
1319:                     i){kl:i=i&l;b;kl:i=i|l;b;     i(W)M){N};N};S$     
1320:                     ){kl:i=i&l;b;kl:i=i|l;b;k     (W)M){N};N};S$      
1321: TS_NOK/NS_NORULECHAIN
1321: RESSTATE            
1321:                     i){kl:i=i&l;b;kl:i=i|l;b;     E){N};N};S$         
1322: E->i                i){kl:i=i&l;b;kl:i=i|l;b;     E){N};N};S$         
1322: SAVESTATE:          58
1322:                     i){kl:i=i&l;b;kl:i=i|l;b;     i){N};N};S$         
1323:                     ){kl:i=i&l;b;kl:i=i|l;b;k     ){N};N};S$          
1324:                     {kl:i=i&l;b;kl:i=i|l;b;kl     {N};N};S$           
1325:                     kl:i=i&l;b;kl:i=i|l;b;kl:     N};N};S$            
1326: N->kl:N             kl:i=i&l;b;kl:i=i|l;b;kl:     N};N};S$            
1326: SAVESTATE:          59
1326:                     kl:i=i&l;b;kl:i=i|l;b;kl:     kl:N};N};S$         
1327:                     l:i=i&l;b;kl:i=i|l;b;kl:i     l:N};N};S$          
1328:                     :i=i&l;b;kl:i=i|l;b;kl:i=     :N};N};S$           
1329:                     i=i&l;b;kl:i=i|l;b;kl:i=~     N};N};S$            
1330: N->i();             i=i&l;b;kl:i=i|l;b;kl:i=~     N};N};S$            
1330: SAVESTATE:          60
1330:                     i=i&l;b;kl:i=i|l;b;kl:i=~     i();};N};S$         
1331:                     =i&l;b;kl:i=i|l;b;kl:i=~i     ();};N};S$          
1332: TS_NOK/NS_NORULECHAIN
1332: RESSTATE            
1332:                     i=i&l;b;kl:i=i|l;b;kl:i=~     N};N};S$            
1333: N->i();N            i=i&l;b;kl:i=i|l;b;kl:i=~     N};N};S$            
1333: SAVESTATE:          60
1333:                     i=i&l;b;kl:i=i|l;b;kl:i=~     i();N};N};S$        
1334:                     =i&l;b;kl:i=i|l;b;kl:i=~i     ();N};N};S$         
1335: TS_NOK/NS_NORULECHAIN
1335: RESSTATE            
1335:                     i=i&l;b;kl:i=i|l;b;kl:i=~     N};N};S$            
1336: N->i(W);            i=i&l;b;kl:i=i|l;b;kl:i=~     N};N};S$            
1336: SAVESTATE:          60
1336:                     i=i&l;b;kl:i=i|l;b;kl:i=~     i(W);};N};S$        
1337:                     =i&l;b;kl:i=i|l;b;kl:i=~i     (W);};N};S$         
1338: TS_NOK/NS_NORULECHAIN
1338: RESSTATE            
1338:                     i=i&l;b;kl:i=i|l;b;kl:i=~     N};N};S$            
1339: N->i(W);N           i=i&l;b;kl:i=i|l;b;kl:i=~     N};N};S$            
1339: SAVESTATE:          60
1339:                     i=i&l;b;kl:i=i|l;b;kl:i=~     i(W);N};N};S$       
1340:                     =i&l;b;kl:i=i|l;b;kl:i=~i     (W);N};N};S$        
1341: TS_NOK/NS_NORULECHAIN
1341: RESSTATE            
1341:                     i=i&l;b;kl:i=i|l;b;kl:i=~     N};N};S$            
1342: N->i()M;            i=i&l;b;kl:i=i|l;b;kl:i=~     N};N};S$            
1342: SAVESTATE:          60
1342:                     i=i&l;b;kl:i=i|l;b;kl:i=~     i()M;};N};S$        
1343:                     =i&l;b;kl:i=i|l;b;kl:i=~i     ()M;};N};S$         
1344: TS_NOK/NS_NORULECHAIN
1344: RESSTATE            
1344:                     i=i&l;b;kl:i=i|l;b;kl:i=~     N};N};S$            
1345: N->i()M;N           i=i&l;b;kl:i=i|l;b;kl:i=~     N};N};S$            
1345: SAVESTATE:          60
1345:                     i=i&l;b;kl:i=i|l;b;kl:i=~     i()M;N};N};S$       
1346:                     =i&l;b;kl:i=i|l;b;kl:i=~i     ()M;N};N};S$        
1347: TS_NOK/NS_NORULECHAIN
1347: RESSTATE            
1347:                     i=i&l;b;kl:i=i|l;b;kl:i=~     N};N};S$            
1348: N->i(W)M;           i=i&l;b;kl:i=i|l;b;kl:i=~     N};N};S$            
1348: SAVESTATE:          60
1348:                     i=i&l;b;kl:i=i|l;b;kl:i=~     i(W)M;};N};S$       
1349:                     =i&l;b;kl:i=i|l;b;kl:i=~i     (W)M;};N};S$        
1350: TS_NOK/NS_NORULECHAIN
1350: RESSTATE            
1350:                     i=i&l;b;kl:i=i|l;b;kl:i=~     N};N};S$            
1351: N->i(W)M;N          i=i&l;b;kl:i=i|l;b;kl:i=~     N};N};S$            
1351: SAVESTATE:          60
1351:                     i=i&l;b;kl:i=i|l;b;kl:i=~     i(W)M;N};N};S$      
1352:                     =i&l;b;kl:i=i|l;b;kl:i=~i     (W)M;N};N};S$       
1353: TS_NOK/NS_NORULECHAIN
1353: RESSTATE            
1353:                     i=i&l;b;kl:i=i|l;b;kl:i=~     N};N};S$            
1354: N->i=E;             i=i&l;b;kl:i=i|l;b;kl:i=~     N};N};S$            
1354: SAVESTATE:          60
1354:                     i=i&l;b;kl:i=i|l;b;kl:i=~     i=E;};N};S$         
1355:                     =i&l;b;kl:i=i|l;b;kl:i=~i     =E;};N};S$          
1356:                     i&l;b;kl:i=i|l;b;kl:i=~i;     E;};N};S$           
1357: E->i()              i&l;b;kl:i=i|l;b;kl:i=~i;     E;};N};S$           
1357: SAVESTATE:          61
1357:                     i&l;b;kl:i=i|l;b;kl:i=~i;     i();};N};S$         
1358:                     &l;b;kl:i=i|l;b;kl:i=~i;b     ();};N};S$          
1359: TS_NOK/NS_NORULECHAIN
1359: RESSTATE            
1359:                     i&l;b;kl:i=i|l;b;kl:i=~i;     E;};N};S$           
1360: E->i()M             i&l;b;kl:i=i|l;b;kl:i=~i;     E;};N};S$           
1360: SAVESTATE:          61
1360:                     i&l;b;kl:i=i|l;b;kl:i=~i;     i()M;};N};S$        
1361:                     &l;b;kl:i=i|l;b;kl:i=~i;b     ()M;};N};S$         
1362: TS_NOK/NS_NORULECHAIN
1362: RESSTATE            
1362:                     i&l;b;kl:i=i|l;b;kl:i=~i;     E;};N};S$           
1363: E->i(W)             i&l;b;kl:i=i|l;b;kl:i=~i;     E;};N};S$           
1363: SAVESTATE:          61
1363:                     i&l;b;kl:i=i|l;b;kl:i=~i;     i(W);};N};S$        
1364:                     &l;b;kl:i=i|l;b;kl:i=~i;b     (W);};N};S$         
1365: TS_NOK/NS_NORULECHAIN
1365: RESSTATE            
1365:                     i&l;b;kl:i=i|l;b;kl:i=~i;     E;};N};S$           
1366: E->i(W)M            i&l;b;kl:i=i|l;b;kl:i=~i;     E;};N};S$           
1366: SAVESTATE:          61
1366:                     i&l;b;kl:i=i|l;b;kl:i=~i;     i(W)M;};N};S$       
1367:                     &l;b;kl:i=i|l;b;kl:i=~i;b     (W)M;};N};S$        
1368: TS_NOK/NS_NORULECHAIN
1368: RESSTATE            
1368:                     i&l;b;kl:i=i|l;b;kl:i=~i;     E;};N};S$           
1369: E->i                i&l;b;kl:i=i|l;b;kl:i=~i;     E;};N};S$           
1369: SAVESTATE:          61
1369:                     i&l;b;kl:i=i|l;b;kl:i=~i;     i;};N};S$           
1370:                     &l;b;kl:i=i|l;b;kl:i=~i;b     ;};N};S$            
1371: TS_NOK/NS_NORULECHAIN
1371: RESSTATE            
1371:                     i&l;b;kl:i=i|l;b;kl:i=~i;     E;};N};S$           
1372: E->iM               i&l;b;kl:i=i|l;b;kl:i=~i;     E;};N};S$           
1372: SAVESTATE:          61
1372:                     i&l;b;kl:i=i|l;b;kl:i=~i;     iM;};N};S$          
1373:                     &l;b;kl:i=i|l;b;kl:i=~i;b     M;};N};S$           
1374: M->&E               &l;b;kl:i=i|l;b;kl:i=~i;b     M;};N};S$           
1374: SAVESTATE:          62
1374:                     &l;b;kl:i=i|l;b;kl:i=~i;b     &E;};N};S$          
1375:                     l;b;kl:i=i|l;b;kl:i=~i;b;     E;};N};S$           
1376: E->l                l;b;kl:i=i|l;b;kl:i=~i;b;     E;};N};S$           
1376: SAVESTATE:          63
1376:                     l;b;kl:i=i|l;b;kl:i=~i;b;     l;};N};S$           
1377:                     ;b;kl:i=i|l;b;kl:i=~i;b;j     ;};N};S$            
1378:                     b;kl:i=i|l;b;kl:i=~i;b;j:     };N};S$             
1379: TS_NOK/NS_NORULECHAIN
1379: RESSTATE            
1379:                     l;b;kl:i=i|l;b;kl:i=~i;b;     E;};N};S$           
1380: E->lM               l;b;kl:i=i|l;b;kl:i=~i;b;     E;};N};S$           
1380: SAVESTATE:          63
1380:                     l;b;kl:i=i|l;b;kl:i=~i;b;     lM;};N};S$          
1381:                     ;b;kl:i=i|l;b;kl:i=~i;b;j     M;};N};S$           
1382: TNS_NORULECHAIN/NS_NORULE
1382: RESSTATE            
1382:                     l;b;kl:i=i|l;b;kl:i=~i;b;     E;};N};S$           
1383: TNS_NORULECHAIN/NS_NORULE
1383: RESSTATE            
1383:                     &l;b;kl:i=i|l;b;kl:i=~i;b     M;};N};S$           
1384: M->&EM              &l;b;kl:i=i|l;b;kl:i=~i;b     M;};N};S$           
1384: SAVESTATE:          62
1384:                     &l;b;kl:i=i|l;b;kl:i=~i;b     &EM;};N};S$         
1385:                     l;b;kl:i=i|l;b;kl:i=~i;b;     EM;};N};S$          
1386: E->l                l;b;kl:i=i|l;b;kl:i=~i;b;     EM;};N};S$          
1386: SAVESTATE:          63
1386:                     l;b;kl:i=i|l;b;kl:i=~i;b;     lM;};N};S$          
1387:                     ;b;kl:i=i|l;b;kl:i=~i;b;j     M;};N};S$           
1388: TNS_NORULECHAIN/NS_NORULE
1388: RESSTATE            
1388:                     l;b;kl:i=i|l;b;kl:i=~i;b;     EM;};N};S$          
1389: E->lM               l;b;kl:i=i|l;b;kl:i=~i;b;     EM;};N};S$          
1389: SAVESTATE:          63
1389:                     l;b;kl:i=i|l;b;kl:i=~i;b;     lMM;};N};S$         
1390:                     ;b;kl:i=i|l;b;kl:i=~i;b;j     MM;};N};S$          
1391: TNS_NORULECHAIN/NS_NORULE
1391: RESSTATE            
1391:                     l;b;kl:i=i|l;b;kl:i=~i;b;     EM;};N};S$          
1392: TNS_NORULECHAIN/NS_NORULE
1392: RESSTATE            
1392:                     &l;b;kl:i=i|l;b;kl:i=~i;b     M;};N};S$           
1393: TNS_NORULECHAIN/NS_NORULE
1393: RESSTATE            
1393:                     i&l;b;kl:i=i|l;b;kl:i=~i;     E;};N};S$           
1394: TNS_NORULECHAIN/NS_NORULE
1394: RESSTATE            
1394:                     i=i&l;b;kl:i=i|l;b;kl:i=~     N};N};S$            
1395: N->i=E;N            i=i&l;b;kl:i=i|l;b;kl:i=~     N};N};S$            
1395: SAVESTATE:          60
1395:                     i=i&l;b;kl:i=i|l;b;kl:i=~     i=E;N};N};S$        
1396:                     =i&l;b;kl:i=i|l;b;kl:i=~i     =E;N};N};S$         
1397:                     i&l;b;kl:i=i|l;b;kl:i=~i;     E;N};N};S$          
1398: E->i()              i&l;b;kl:i=i|l;b;kl:i=~i;     E;N};N};S$          
1398: SAVESTATE:          61
1398:                     i&l;b;kl:i=i|l;b;kl:i=~i;     i();N};N};S$        
1399:                     &l;b;kl:i=i|l;b;kl:i=~i;b     ();N};N};S$         
1400: TS_NOK/NS_NORULECHAIN
1400: RESSTATE            
1400:                     i&l;b;kl:i=i|l;b;kl:i=~i;     E;N};N};S$          
1401: E->i()M             i&l;b;kl:i=i|l;b;kl:i=~i;     E;N};N};S$          
1401: SAVESTATE:          61
1401:                     i&l;b;kl:i=i|l;b;kl:i=~i;     i()M;N};N};S$       
1402:                     &l;b;kl:i=i|l;b;kl:i=~i;b     ()M;N};N};S$        
1403: TS_NOK/NS_NORULECHAIN
1403: RESSTATE            
1403:                     i&l;b;kl:i=i|l;b;kl:i=~i;     E;N};N};S$          
1404: E->i(W)             i&l;b;kl:i=i|l;b;kl:i=~i;     E;N};N};S$          
1404: SAVESTATE:          61
1404:                     i&l;b;kl:i=i|l;b;kl:i=~i;     i(W);N};N};S$       
1405:                     &l;b;kl:i=i|l;b;kl:i=~i;b     (W);N};N};S$        
1406: TS_NOK/NS_NORULECHAIN
1406: RESSTATE            
1406:                     i&l;b;kl:i=i|l;b;kl:i=~i;     E;N};N};S$          
1407: E->i(W)M            i&l;b;kl:i=i|l;b;kl:i=~i;     E;N};N};S$          
1407: SAVESTATE:          61
1407:                     i&l;b;kl:i=i|l;b;kl:i=~i;     i(W)M;N};N};S$      
1408:                     &l;b;kl:i=i|l;b;kl:i=~i;b     (W)M;N};N};S$       
1409: TS_NOK/NS_NORULECHAIN
1409: RESSTATE            
1409:                     i&l;b;kl:i=i|l;b;kl:i=~i;     E;N};N};S$          
1410: E->i                i&l;b;kl:i=i|l;b;kl:i=~i;     E;N};N};S$          
1410: SAVESTATE:          61
1410:                     i&l;b;kl:i=i|l;b;kl:i=~i;     i;N};N};S$          
1411:                     &l;b;kl:i=i|l;b;kl:i=~i;b     ;N};N};S$           
1412: TS_NOK/NS_NORULECHAIN
1412: RESSTATE            
1412:                     i&l;b;kl:i=i|l;b;kl:i=~i;     E;N};N};S$          
1413: E->iM               i&l;b;kl:i=i|l;b;kl:i=~i;     E;N};N};S$          
1413: SAVESTATE:          61
1413:                     i&l;b;kl:i=i|l;b;kl:i=~i;     iM;N};N};S$         
1414:                     &l;b;kl:i=i|l;b;kl:i=~i;b     M;N};N};S$          
1415: M->&E               &l;b;kl:i=i|l;b;kl:i=~i;b     M;N};N};S$          
1415: SAVESTATE:          62
1415:                     &l;b;kl:i=i|l;b;kl:i=~i;b     &E;N};N};S$         
1416:                     l;b;kl:i=i|l;b;kl:i=~i;b;     E;N};N};S$          
1417: E->l                l;b;kl:i=i|l;b;kl:i=~i;b;     E;N};N};S$          
1417: SAVESTATE:          63
1417:                     l;b;kl:i=i|l;b;kl:i=~i;b;     l;N};N};S$          
1418:                     ;b;kl:i=i|l;b;kl:i=~i;b;j     ;N};N};S$           
1419:                     b;kl:i=i|l;b;kl:i=~i;b;j:     N};N};S$            
1420: N->b;N              b;kl:i=i|l;b;kl:i=~i;b;j:     N};N};S$            
1420: SAVESTATE:          64
1420:                     b;kl:i=i|l;b;kl:i=~i;b;j:     b;N};N};S$          
1421:                     ;kl:i=i|l;b;kl:i=~i;b;j:i     ;N};N};S$           
1422:                     kl:i=i|l;b;kl:i=~i;b;j:i=     N};N};S$            
1423: N->kl:N             kl:i=i|l;b;kl:i=~i;b;j:i=     N};N};S$            
1423: SAVESTATE:          65
1423:                     kl:i=i|l;b;kl:i=~i;b;j:i=     kl:N};N};S$         
1424:                     l:i=i|l;b;kl:i=~i;b;j:i=i     l:N};N};S$          
1425:                     :i=i|l;b;kl:i=~i;b;j:i=i*     :N};N};S$           
1426:                     i=i|l;b;kl:i=~i;b;j:i=i*l     N};N};S$            
1427: N->i();             i=i|l;b;kl:i=~i;b;j:i=i*l     N};N};S$            
1427: SAVESTATE:          66
1427:                     i=i|l;b;kl:i=~i;b;j:i=i*l     i();};N};S$         
1428:                     =i|l;b;kl:i=~i;b;j:i=i*l;     ();};N};S$          
1429: TS_NOK/NS_NORULECHAIN
1429: RESSTATE            
1429:                     i=i|l;b;kl:i=~i;b;j:i=i*l     N};N};S$            
1430: N->i();N            i=i|l;b;kl:i=~i;b;j:i=i*l     N};N};S$            
1430: SAVESTATE:          66
1430:                     i=i|l;b;kl:i=~i;b;j:i=i*l     i();N};N};S$        
1431:                     =i|l;b;kl:i=~i;b;j:i=i*l;     ();N};N};S$         
1432: TS_NOK/NS_NORULECHAIN
1432: RESSTATE            
1432:                     i=i|l;b;kl:i=~i;b;j:i=i*l     N};N};S$            
1433: N->i(W);            i=i|l;b;kl:i=~i;b;j:i=i*l     N};N};S$            
1433: SAVESTATE:          66
1433:                     i=i|l;b;kl:i=~i;b;j:i=i*l     i(W);};N};S$        
1434:                     =i|l;b;kl:i=~i;b;j:i=i*l;     (W);};N};S$         
1435: TS_NOK/NS_NORULECHAIN
1435: RESSTATE            
1435:                     i=i|l;b;kl:i=~i;b;j:i=i*l     N};N};S$            
1436: N->i(W);N           i=i|l;b;kl:i=~i;b;j:i=i*l     N};N};S$            
1436: SAVESTATE:          66
1436:                     i=i|l;b;kl:i=~i;b;j:i=i*l     i(W);N};N};S$       
1437:                     =i|l;b;kl:i=~i;b;j:i=i*l;     (W);N};N};S$        
1438: TS_NOK/NS_NORULECHAIN
1438: RESSTATE            
1438:                     i=i|l;b;kl:i=~i;b;j:i=i*l     N};N};S$            
1439: N->i()M;            i=i|l;b;kl:i=~i;b;j:i=i*l     N};N};S$            
1439: SAVESTATE:          66
1439:                     i=i|l;b;kl:i=~i;b;j:i=i*l     i()M;};N};S$        
1440:                     =i|l;b;kl:i=~i;b;j:i=i*l;     ()M;};N};S$         
1441: TS_NOK/NS_NORULECHAIN
1441: RESSTATE            
1441:                     i=i|l;b;kl:i=~i;b;j:i=i*l     N};N};S$            
1442: N->i()M;N           i=i|l;b;kl:i=~i;b;j:i=i*l     N};N};S$            
1442: SAVESTATE:          66
1442:                     i=i|l;b;kl:i=~i;b;j:i=i*l     i()M;N};N};S$       
1443:                     =i|l;b;kl:i=~i;b;j:i=i*l;     ()M;N};N};S$        
1444: TS_NOK/NS_NORULECHAIN
1444: RESSTATE            
1444:                     i=i|l;b;kl:i=~i;b;j:i=i*l     N};N};S$            
1445: N->i(W)M;           i=i|l;b;kl:i=~i;b;j:i=i*l     N};N};S$            
1445: SAVESTATE:          66
1445:                     i=i|l;b;kl:i=~i;b;j:i=i*l     i(W)M;};N};S$       
1446:                     =i|l;b;kl:i=~i;b;j:i=i*l;     (W)M;};N};S$        
1447: TS_NOK/NS_NORULECHAIN
1447: RESSTATE            
1447:                     i=i|l;b;kl:i=~i;b;j:i=i*l     N};N};S$            
1448: N->i(W)M;N          i=i|l;b;kl:i=~i;b;j:i=i*l     N};N};S$            
1448: SAVESTATE:          66
1448:                     i=i|l;b;kl:i=~i;b;j:i=i*l     i(W)M;N};N};S$      
1449:                     =i|l;b;kl:i=~i;b;j:i=i*l;     (W)M;N};N};S$       
1450: TS_NOK/NS_NORULECHAIN
1450: RESSTATE            
1450:                     i=i|l;b;kl:i=~i;b;j:i=i*l     N};N};S$            
1451: N->i=E;             i=i|l;b;kl:i=~i;b;j:i=i*l     N};N};S$            
1451: SAVESTATE:          66
1451:                     i=i|l;b;kl:i=~i;b;j:i=i*l     i=E;};N};S$         
1452:                     =i|l;b;kl:i=~i;b;j:i=i*l;     =E;};N};S$          
1453:                     i|l;b;kl:i=~i;b;j:i=i*l;b     E;};N};S$           
1454: E->i()              i|l;b;kl:i=~i;b;j:i=i*l;b     E;};N};S$           
1454: SAVESTATE:          67
1454:                     i|l;b;kl:i=~i;b;j:i=i*l;b     i();};N};S$         
1455:                     |l;b;kl:i=~i;b;j:i=i*l;b;     ();};N};S$          
1456: TS_NOK/NS_NORULECHAIN
1456: RESSTATE            
1456:                     i|l;b;kl:i=~i;b;j:i=i*l;b     E;};N};S$           
1457: E->i()M             i|l;b;kl:i=~i;b;j:i=i*l;b     E;};N};S$           
1457: SAVESTATE:          67
1457:                     i|l;b;kl:i=~i;b;j:i=i*l;b     i()M;};N};S$        
1458:                     |l;b;kl:i=~i;b;j:i=i*l;b;     ()M;};N};S$         
1459: TS_NOK/NS_NORULECHAIN
1459: RESSTATE            
1459:                     i|l;b;kl:i=~i;b;j:i=i*l;b     E;};N};S$           
1460: E->i(W)             i|l;b;kl:i=~i;b;j:i=i*l;b     E;};N};S$           
1460: SAVESTATE:          67
1460:                     i|l;b;kl:i=~i;b;j:i=i*l;b     i(W);};N};S$        
1461:                     |l;b;kl:i=~i;b;j:i=i*l;b;     (W);};N};S$         
1462: TS_NOK/NS_NORULECHAIN
1462: RESSTATE            
1462:                     i|l;b;kl:i=~i;b;j:i=i*l;b     E;};N};S$           
1463: E->i(W)M            i|l;b;kl:i=~i;b;j:i=i*l;b     E;};N};S$           
1463: SAVESTATE:          67
1463:                     i|l;b;kl:i=~i;b;j:i=i*l;b     i(W)M;};N};S$       
1464:                     |l;b;kl:i=~i;b;j:i=i*l;b;     (W)M;};N};S$        
1465: TS_NOK/NS_NORULECHAIN
1465: RESSTATE            
1465:                     i|l;b;kl:i=~i;b;j:i=i*l;b     E;};N};S$           
1466: E->i                i|l;b;kl:i=~i;b;j:i=i*l;b     E;};N};S$           
1466: SAVESTATE:          67
1466:                     i|l;b;kl:i=~i;b;j:i=i*l;b     i;};N};S$           
1467:                     |l;b;kl:i=~i;b;j:i=i*l;b;     ;};N};S$            
1468: TS_NOK/NS_NORULECHAIN
1468: RESSTATE            
1468:                     i|l;b;kl:i=~i;b;j:i=i*l;b     E;};N};S$           
1469: E->iM               i|l;b;kl:i=~i;b;j:i=i*l;b     E;};N};S$           
1469: SAVESTATE:          67
1469:                     i|l;b;kl:i=~i;b;j:i=i*l;b     iM;};N};S$          
1470:                     |l;b;kl:i=~i;b;j:i=i*l;b;     M;};N};S$           
1471: M->|E               |l;b;kl:i=~i;b;j:i=i*l;b;     M;};N};S$           
1471: SAVESTATE:          68
1471:                     |l;b;kl:i=~i;b;j:i=i*l;b;     |E;};N};S$          
1472:                     l;b;kl:i=~i;b;j:i=i*l;b;}     E;};N};S$           
1473: E->l                l;b;kl:i=~i;b;j:i=i*l;b;}     E;};N};S$           
1473: SAVESTATE:          69
1473:                     l;b;kl:i=~i;b;j:i=i*l;b;}     l;};N};S$           
1474:                     ;b;kl:i=~i;b;j:i=i*l;b;};     ;};N};S$            
1475:                     b;kl:i=~i;b;j:i=i*l;b;};t     };N};S$             
1476: TS_NOK/NS_NORULECHAIN
1476: RESSTATE            
1476:                     l;b;kl:i=~i;b;j:i=i*l;b;}     E;};N};S$           
1477: E->lM               l;b;kl:i=~i;b;j:i=i*l;b;}     E;};N};S$           
1477: SAVESTATE:          69
1477:                     l;b;kl:i=~i;b;j:i=i*l;b;}     lM;};N};S$          
1478:                     ;b;kl:i=~i;b;j:i=i*l;b;};     M;};N};S$           
1479: TNS_NORULECHAIN/NS_NORULE
1479: RESSTATE            
1479:                     l;b;kl:i=~i;b;j:i=i*l;b;}     E;};N};S$           
1480: TNS_NORULECHAIN/NS_NORULE
1480: RESSTATE            
1480:                     |l;b;kl:i=~i;b;j:i=i*l;b;     M;};N};S$           
1481: M->|EM              |l;b;kl:i=~i;b;j:i=i*l;b;     M;};N};S$           
1481: SAVESTATE:          68
1481:                     |l;b;kl:i=~i;b;j:i=i*l;b;     |EM;};N};S$         
1482:                     l;b;kl:i=~i;b;j:i=i*l;b;}     EM;};N};S$          
1483: E->l                l;b;kl:i=~i;b;j:i=i*l;b;}     EM;};N};S$          
1483: SAVESTATE:          69
1483:                     l;b;kl:i=~i;b;j:i=i*l;b;}     lM;};N};S$          
1484:                     ;b;kl:i=~i;b;j:i=i*l;b;};     M;};N};S$           
1485: TNS_NORULECHAIN/NS_NORULE
1485: RESSTATE            
1485:                     l;b;kl:i=~i;b;j:i=i*l;b;}     EM;};N};S$          
1486: E->lM               l;b;kl:i=~i;b;j:i=i*l;b;}     EM;};N};S$          
1486: SAVESTATE:          69
1486:                     l;b;kl:i=~i;b;j:i=i*l;b;}     lMM;};N};S$         
1487:                     ;b;kl:i=~i;b;j:i=i*l;b;};     MM;};N};S$          
1488: TNS_NORULECHAIN/NS_NORULE
1488: RESSTATE            
1488:                     l;b;kl:i=~i;b;j:i=i*l;b;}     EM;};N};S$          
1489: TNS_NORULECHAIN/NS_NORULE
1489: RESSTATE            
1489:                     |l;b;kl:i=~i;b;j:i=i*l;b;     M;};N};S$           
1490: TNS_NORULECHAIN/NS_NORULE
1490: RESSTATE            
1490:                     i|l;b;kl:i=~i;b;j:i=i*l;b     E;};N};S$           
1491: TNS_NORULECHAIN/NS_NORULE
1491: RESSTATE            
1491:                     i=i|l;b;kl:i=~i;b;j:i=i*l     N};N};S$            
1492: N->i=E;N            i=i|l;b;kl:i=~i;b;j:i=i*l     N};N};S$            
1492: SAVESTATE:          66
1492:                     i=i|l;b;kl:i=~i;b;j:i=i*l     i=E;N};N};S$        
1493:                     =i|l;b;kl:i=~i;b;j:i=i*l;     =E;N};N};S$         
1494:                     i|l;b;kl:i=~i;b;j:i=i*l;b     E;N};N};S$          
1495: E->i()              i|l;b;kl:i=~i;b;j:i=i*l;b     E;N};N};S$          
1495: SAVESTATE:          67
1495:                     i|l;b;kl:i=~i;b;j:i=i*l;b     i();N};N};S$        
1496:                     |l;b;kl:i=~i;b;j:i=i*l;b;     ();N};N};S$         
1497: TS_NOK/NS_NORULECHAIN
1497: RESSTATE            
1497:                     i|l;b;kl:i=~i;b;j:i=i*l;b     E;N};N};S$          
1498: E->i()M             i|l;b;kl:i=~i;b;j:i=i*l;b     E;N};N};S$          
1498: SAVESTATE:          67
1498:                     i|l;b;kl:i=~i;b;j:i=i*l;b     i()M;N};N};S$       
1499:                     |l;b;kl:i=~i;b;j:i=i*l;b;     ()M;N};N};S$        
1500: TS_NOK/NS_NORULECHAIN
1500: RESSTATE            
1500:                     i|l;b;kl:i=~i;b;j:i=i*l;b     E;N};N};S$          
1501: E->i(W)             i|l;b;kl:i=~i;b;j:i=i*l;b     E;N};N};S$          
1501: SAVESTATE:          67
1501:                     i|l;b;kl:i=~i;b;j:i=i*l;b     i(W);N};N};S$       
1502:                     |l;b;kl:i=~i;b;j:i=i*l;b;     (W);N};N};S$        
1503: TS_NOK/NS_NORULECHAIN
1503: RESSTATE            
1503:                     i|l;b;kl:i=~i;b;j:i=i*l;b     E;N};N};S$          
1504: E->i(W)M            i|l;b;kl:i=~i;b;j:i=i*l;b     E;N};N};S$          
1504: SAVESTATE:          67
1504:                     i|l;b;kl:i=~i;b;j:i=i*l;b     i(W)M;N};N};S$      
1505:                     |l;b;kl:i=~i;b;j:i=i*l;b;     (W)M;N};N};S$       
1506: TS_NOK/NS_NORULECHAIN
1506: RESSTATE            
1506:                     i|l;b;kl:i=~i;b;j:i=i*l;b     E;N};N};S$          
1507: E->i                i|l;b;kl:i=~i;b;j:i=i*l;b     E;N};N};S$          
1507: SAVESTATE:          67
1507:                     i|l;b;kl:i=~i;b;j:i=i*l;b     i;N};N};S$          
1508:                     |l;b;kl:i=~i;b;j:i=i*l;b;     ;N};N};S$           
1509: TS_NOK/NS_NORULECHAIN
1509: RESSTATE            
1509:                     i|l;b;kl:i=~i;b;j:i=i*l;b     E;N};N};S$          
1510: E->iM               i|l;b;kl:i=~i;b;j:i=i*l;b     E;N};N};S$          
1510: SAVESTATE:          67
1510:                     i|l;b;kl:i=~i;b;j:i=i*l;b     iM;N};N};S$         
1511:                     |l;b;kl:i=~i;b;j:i=i*l;b;     M;N};N};S$          
1512: M->|E               |l;b;kl:i=~i;b;j:i=i*l;b;     M;N};N};S$          
1512: SAVESTATE:          68
1512:                     |l;b;kl:i=~i;b;j:i=i*l;b;     |E;N};N};S$         
1513:                     l;b;kl:i=~i;b;j:i=i*l;b;}     E;N};N};S$          
1514: E->l                l;b;kl:i=~i;b;j:i=i*l;b;}     E;N};N};S$          
1514: SAVESTATE:          69
1514:                     l;b;kl:i=~i;b;j:i=i*l;b;}     l;N};N};S$          
1515:                     ;b;kl:i=~i;b;j:i=i*l;b;};     ;N};N};S$           
1516:                     b;kl:i=~i;b;j:i=i*l;b;};t     N};N};S$            
1517: N->b;N              b;kl:i=~i;b;j:i=i*l;b;};t     N};N};S$            
1517: SAVESTATE:          70
1517:                     b;kl:i=~i;b;j:i=i*l;b;};t     b;N};N};S$          
1518:                     ;kl:i=~i;b;j:i=i*l;b;};ti     ;N};N};S$           
1519:                     kl:i=~i;b;j:i=i*l;b;};ti;     N};N};S$            
1520: N->kl:N             kl:i=~i;b;j:i=i*l;b;};ti;     N};N};S$            
1520: SAVESTATE:          71
1520:                     kl:i=~i;b;j:i=i*l;b;};ti;     kl:N};N};S$         
1521:                     l:i=~i;b;j:i=i*l;b;};ti;i     l:N};N};S$          
1522:                     :i=~i;b;j:i=i*l;b;};ti;i=     :N};N};S$           
1523:                     i=~i;b;j:i=i*l;b;};ti;i=l     N};N};S$            
1524: N->i();             i=~i;b;j:i=i*l;b;};ti;i=l     N};N};S$            
1524: SAVESTATE:          72
1524:                     i=~i;b;j:i=i*l;b;};ti;i=l     i();};N};S$         
1525:                     =~i;b;j:i=i*l;b;};ti;i=l;     ();};N};S$          
1526: TS_NOK/NS_NORULECHAIN
1526: RESSTATE            
1526:                     i=~i;b;j:i=i*l;b;};ti;i=l     N};N};S$            
1527: N->i();N            i=~i;b;j:i=i*l;b;};ti;i=l     N};N};S$            
1527: SAVESTATE:          72
1527:                     i=~i;b;j:i=i*l;b;};ti;i=l     i();N};N};S$        
1528:                     =~i;b;j:i=i*l;b;};ti;i=l;     ();N};N};S$         
1529: TS_NOK/NS_NORULECHAIN
1529: RESSTATE            
1529:                     i=~i;b;j:i=i*l;b;};ti;i=l     N};N};S$            
1530: N->i(W);            i=~i;b;j:i=i*l;b;};ti;i=l     N};N};S$            
1530: SAVESTATE:          72
1530:                     i=~i;b;j:i=i*l;b;};ti;i=l     i(W);};N};S$        
1531:                     =~i;b;j:i=i*l;b;};ti;i=l;     (W);};N};S$         
1532: TS_NOK/NS_NORULECHAIN
1532: RESSTATE            
1532:                     i=~i;b;j:i=i*l;b;};ti;i=l     N};N};S$            
1533: N->i(W);N           i=~i;b;j:i=i*l;b;};ti;i=l     N};N};S$            
1533: SAVESTATE:          72
1533:                     i=~i;b;j:i=i*l;b;};ti;i=l     i(W);N};N};S$       
1534:                     =~i;b;j:i=i*l;b;};ti;i=l;     (W);N};N};S$        
1535: TS_NOK/NS_NORULECHAIN
1535: RESSTATE            
1535:                     i=~i;b;j:i=i*l;b;};ti;i=l     N};N};S$            
1536: N->i()M;            i=~i;b;j:i=i*l;b;};ti;i=l     N};N};S$            
1536: SAVESTATE:          72
1536:                     i=~i;b;j:i=i*l;b;};ti;i=l     i()M;};N};S$        
1537:                     =~i;b;j:i=i*l;b;};ti;i=l;     ()M;};N};S$         
1538: TS_NOK/NS_NORULECHAIN
1538: RESSTATE            
1538:                     i=~i;b;j:i=i*l;b;};ti;i=l     N};N};S$            
1539: N->i()M;N           i=~i;b;j:i=i*l;b;};ti;i=l     N};N};S$            
1539: SAVESTATE:          72
1539:                     i=~i;b;j:i=i*l;b;};ti;i=l     i()M;N};N};S$       
1540:                     =~i;b;j:i=i*l;b;};ti;i=l;     ()M;N};N};S$        
1541: TS_NOK/NS_NORULECHAIN
1541: RESSTATE            
1541:                     i=~i;b;j:i=i*l;b;};ti;i=l     N};N};S$            
1542: N->i(W)M;           i=~i;b;j:i=i*l;b;};ti;i=l     N};N};S$            
1542: SAVESTATE:          72
1542:                     i=~i;b;j:i=i*l;b;};ti;i=l     i(W)M;};N};S$       
1543:                     =~i;b;j:i=i*l;b;};ti;i=l;     (W)M;};N};S$        
1544: TS_NOK/NS_NORULECHAIN
1544: RESSTATE            
1544:                     i=~i;b;j:i=i*l;b;};ti;i=l     N};N};S$            
1545: N->i(W)M;N          i=~i;b;j:i=i*l;b;};ti;i=l     N};N};S$            
1545: SAVESTATE:          72
1545:                     i=~i;b;j:i=i*l;b;};ti;i=l     i(W)M;N};N};S$      
1546:                     =~i;b;j:i=i*l;b;};ti;i=l;     (W)M;N};N};S$       
1547: TS_NOK/NS_NORULECHAIN
1547: RESSTATE            
1547:                     i=~i;b;j:i=i*l;b;};ti;i=l     N};N};S$            
1548: N->i=E;             i=~i;b;j:i=i*l;b;};ti;i=l     N};N};S$            
1548: SAVESTATE:          72
1548:                     i=~i;b;j:i=i*l;b;};ti;i=l     i=E;};N};S$         
1549:                     =~i;b;j:i=i*l;b;};ti;i=l;     =E;};N};S$          
1550:                     ~i;b;j:i=i*l;b;};ti;i=l;w     E;};N};S$           
1551: E->~E               ~i;b;j:i=i*l;b;};ti;i=l;w     E;};N};S$           
1551: SAVESTATE:          73
1551:                     ~i;b;j:i=i*l;b;};ti;i=l;w     ~E;};N};S$          
1552:                     i;b;j:i=i*l;b;};ti;i=l;w(     E;};N};S$           
1553: E->i()              i;b;j:i=i*l;b;};ti;i=l;w(     E;};N};S$           
1553: SAVESTATE:          74
1553:                     i;b;j:i=i*l;b;};ti;i=l;w(     i();};N};S$         
1554:                     ;b;j:i=i*l;b;};ti;i=l;w(i     ();};N};S$          
1555: TS_NOK/NS_NORULECHAIN
1555: RESSTATE            
1555:                     i;b;j:i=i*l;b;};ti;i=l;w(     E;};N};S$           
1556: E->i()M             i;b;j:i=i*l;b;};ti;i=l;w(     E;};N};S$           
1556: SAVESTATE:          74
1556:                     i;b;j:i=i*l;b;};ti;i=l;w(     i()M;};N};S$        
1557:                     ;b;j:i=i*l;b;};ti;i=l;w(i     ()M;};N};S$         
1558: TS_NOK/NS_NORULECHAIN
1558: RESSTATE            
1558:                     i;b;j:i=i*l;b;};ti;i=l;w(     E;};N};S$           
1559: E->i(W)             i;b;j:i=i*l;b;};ti;i=l;w(     E;};N};S$           
1559: SAVESTATE:          74
1559:                     i;b;j:i=i*l;b;};ti;i=l;w(     i(W);};N};S$        
1560:                     ;b;j:i=i*l;b;};ti;i=l;w(i     (W);};N};S$         
1561: TS_NOK/NS_NORULECHAIN
1561: RESSTATE            
1561:                     i;b;j:i=i*l;b;};ti;i=l;w(     E;};N};S$           
1562: E->i(W)M            i;b;j:i=i*l;b;};ti;i=l;w(     E;};N};S$           
1562: SAVESTATE:          74
1562:                     i;b;j:i=i*l;b;};ti;i=l;w(     i(W)M;};N};S$       
1563:                     ;b;j:i=i*l;b;};ti;i=l;w(i     (W)M;};N};S$        
1564: TS_NOK/NS_NORULECHAIN
1564: RESSTATE            
1564:                     i;b;j:i=i*l;b;};ti;i=l;w(     E;};N};S$           
1565: E->i                i;b;j:i=i*l;b;};ti;i=l;w(     E;};N};S$           
1565: SAVESTATE:          74
1565:                     i;b;j:i=i*l;b;};ti;i=l;w(     i;};N};S$           
1566:                     ;b;j:i=i*l;b;};ti;i=l;w(i     ;};N};S$            
1567:                     b;j:i=i*l;b;};ti;i=l;w(i)     };N};S$             
1568: TS_NOK/NS_NORULECHAIN
1568: RESSTATE            
1568:                     i;b;j:i=i*l;b;};ti;i=l;w(     E;};N};S$           
1569: E->iM               i;b;j:i=i*l;b;};ti;i=l;w(     E;};N};S$           
1569: SAVESTATE:          74
1569:                     i;b;j:i=i*l;b;};ti;i=l;w(     iM;};N};S$          
1570:                     ;b;j:i=i*l;b;};ti;i=l;w(i     M;};N};S$           
1571: TNS_NORULECHAIN/NS_NORULE
1571: RESSTATE            
1571:                     i;b;j:i=i*l;b;};ti;i=l;w(     E;};N};S$           
1572: TNS_NORULECHAIN/NS_NORULE
1572: RESSTATE            
1572:                     ~i;b;j:i=i*l;b;};ti;i=l;w     E;};N};S$           
1573: TNS_NORULECHAIN/NS_NORULE
1573: RESSTATE            
1573:                     i=~i;b;j:i=i*l;b;};ti;i=l     N};N};S$            
1574: N->i=E;N            i=~i;b;j:i=i*l;b;};ti;i=l     N};N};S$            
1574: SAVESTATE:          72
1574:                     i=~i;b;j:i=i*l;b;};ti;i=l     i=E;N};N};S$        
1575:                     =~i;b;j:i=i*l;b;};ti;i=l;     =E;N};N};S$         
1576:                     ~i;b;j:i=i*l;b;};ti;i=l;w     E;N};N};S$          
1577: E->~E               ~i;b;j:i=i*l;b;};ti;i=l;w     E;N};N};S$          
1577: SAVESTATE:          73
1577:                     ~i;b;j:i=i*l;b;};ti;i=l;w     ~E;N};N};S$         
1578:                     i;b;j:i=i*l;b;};ti;i=l;w(     E;N};N};S$          
1579: E->i()              i;b;j:i=i*l;b;};ti;i=l;w(     E;N};N};S$          
1579: SAVESTATE:          74
1579:                     i;b;j:i=i*l;b;};ti;i=l;w(     i();N};N};S$        
1580:                     ;b;j:i=i*l;b;};ti;i=l;w(i     ();N};N};S$         
1581: TS_NOK/NS_NORULECHAIN
1581: RESSTATE            
1581:                     i;b;j:i=i*l;b;};ti;i=l;w(     E;N};N};S$          
1582: E->i()M             i;b;j:i=i*l;b;};ti;i=l;w(     E;N};N};S$          
1582: SAVESTATE:          74
1582:                     i;b;j:i=i*l;b;};ti;i=l;w(     i()M;N};N};S$       
1583:                     ;b;j:i=i*l;b;};ti;i=l;w(i     ()M;N};N};S$        
1584: TS_NOK/NS_NORULECHAIN
1584: RESSTATE            
1584:                     i;b;j:i=i*l;b;};ti;i=l;w(     E;N};N};S$          
1585: E->i(W)             i;b;j:i=i*l;b;};ti;i=l;w(     E;N};N};S$          
1585: SAVESTATE:          74
1585:                     i;b;j:i=i*l;b;};ti;i=l;w(     i(W);N};N};S$       
1586:                     ;b;j:i=i*l;b;};ti;i=l;w(i     (W);N};N};S$        
1587: TS_NOK/NS_NORULECHAIN
1587: RESSTATE            
1587:                     i;b;j:i=i*l;b;};ti;i=l;w(     E;N};N};S$          
1588: E->i(W)M            i;b;j:i=i*l;b;};ti;i=l;w(     E;N};N};S$          
1588: SAVESTATE:          74
1588:                     i;b;j:i=i*l;b;};ti;i=l;w(     i(W)M;N};N};S$      
1589:                     ;b;j:i=i*l;b;};ti;i=l;w(i     (W)M;N};N};S$       
1590: TS_NOK/NS_NORULECHAIN
1590: RESSTATE            
1590:                     i;b;j:i=i*l;b;};ti;i=l;w(     E;N};N};S$          
1591: E->i                i;b;j:i=i*l;b;};ti;i=l;w(     E;N};N};S$          
1591: SAVESTATE:          74
1591:                     i;b;j:i=i*l;b;};ti;i=l;w(     i;N};N};S$          
1592:                     ;b;j:i=i*l;b;};ti;i=l;w(i     ;N};N};S$           
1593:                     b;j:i=i*l;b;};ti;i=l;w(i)     N};N};S$            
1594: N->b;N              b;j:i=i*l;b;};ti;i=l;w(i)     N};N};S$            
1594: SAVESTATE:          75
1594:                     b;j:i=i*l;b;};ti;i=l;w(i)     b;N};N};S$          
1595:                     ;j:i=i*l;b;};ti;i=l;w(i){     ;N};N};S$           
1596:                     j:i=i*l;b;};ti;i=l;w(i){k     N};N};S$            
1597: N->j:N              j:i=i*l;b;};ti;i=l;w(i){k     N};N};S$            
1597: SAVESTATE:          76
1597:                     j:i=i*l;b;};ti;i=l;w(i){k     j:N};N};S$          
1598:                     :i=i*l;b;};ti;i=l;w(i){kl     :N};N};S$           
1599:                     i=i*l;b;};ti;i=l;w(i){kl:     N};N};S$            
1600: N->i();             i=i*l;b;};ti;i=l;w(i){kl:     N};N};S$            
1600: SAVESTATE:          77
1600:                     i=i*l;b;};ti;i=l;w(i){kl:     i();};N};S$         
1601:                     =i*l;b;};ti;i=l;w(i){kl:p     ();};N};S$          
1602: TS_NOK/NS_NORULECHAIN
1602: RESSTATE            
1602:                     i=i*l;b;};ti;i=l;w(i){kl:     N};N};S$            
1603: N->i();N            i=i*l;b;};ti;i=l;w(i){kl:     N};N};S$            
1603: SAVESTATE:          77
1603:                     i=i*l;b;};ti;i=l;w(i){kl:     i();N};N};S$        
1604:                     =i*l;b;};ti;i=l;w(i){kl:p     ();N};N};S$         
1605: TS_NOK/NS_NORULECHAIN
1605: RESSTATE            
1605:                     i=i*l;b;};ti;i=l;w(i){kl:     N};N};S$            
1606: N->i(W);            i=i*l;b;};ti;i=l;w(i){kl:     N};N};S$            
1606: SAVESTATE:          77
1606:                     i=i*l;b;};ti;i=l;w(i){kl:     i(W);};N};S$        
1607:                     =i*l;b;};ti;i=l;w(i){kl:p     (W);};N};S$         
1608: TS_NOK/NS_NORULECHAIN
1608: RESSTATE            
1608:                     i=i*l;b;};ti;i=l;w(i){kl:     N};N};S$            
1609: N->i(W);N           i=i*l;b;};ti;i=l;w(i){kl:     N};N};S$            
1609: SAVESTATE:          77
1609:                     i=i*l;b;};ti;i=l;w(i){kl:     i(W);N};N};S$       
1610:                     =i*l;b;};ti;i=l;w(i){kl:p     (W);N};N};S$        
1611: TS_NOK/NS_NORULECHAIN
1611: RESSTATE            
1611:                     i=i*l;b;};ti;i=l;w(i){kl:     N};N};S$            
1612: N->i()M;            i=i*l;b;};ti;i=l;w(i){kl:     N};N};S$            
1612: SAVESTATE:          77
1612:                     i=i*l;b;};ti;i=l;w(i){kl:     i()M;};N};S$        
1613:                     =i*l;b;};ti;i=l;w(i){kl:p     ()M;};N};S$         
1614: TS_NOK/NS_NORULECHAIN
1614: RESSTATE            
1614:                     i=i*l;b;};ti;i=l;w(i){kl:     N};N};S$            
1615: N->i()M;N           i=i*l;b;};ti;i=l;w(i){kl:     N};N};S$            
1615: SAVESTATE:          77
1615:                     i=i*l;b;};ti;i=l;w(i){kl:     i()M;N};N};S$       
1616:                     =i*l;b;};ti;i=l;w(i){kl:p     ()M;N};N};S$        
1617: TS_NOK/NS_NORULECHAIN
1617: RESSTATE            
1617:                     i=i*l;b;};ti;i=l;w(i){kl:     N};N};S$            
1618: N->i(W)M;           i=i*l;b;};ti;i=l;w(i){kl:     N};N};S$            
1618: SAVESTATE:          77
1618:                     i=i*l;b;};ti;i=l;w(i){kl:     i(W)M;};N};S$       
1619:                     =i*l;b;};ti;i=l;w(i){kl:p     (W)M;};N};S$        
1620: TS_NOK/NS_NORULECHAIN
1620: RESSTATE            
1620:                     i=i*l;b;};ti;i=l;w(i){kl:     N};N};S$            
1621: N->i(W)M;N          i=i*l;b;};ti;i=l;w(i){kl:     N};N};S$            
1621: SAVESTATE:          77
1621:                     i=i*l;b;};ti;i=l;w(i){kl:     i(W)M;N};N};S$      
1622:                     =i*l;b;};ti;i=l;w(i){kl:p     (W)M;N};N};S$       
1623: TS_NOK/NS_NORULECHAIN
1623: RESSTATE            
1623:                     i=i*l;b;};ti;i=l;w(i){kl:     N};N};S$            
1624: N->i=E;             i=i*l;b;};ti;i=l;w(i){kl:     N};N};S$            
1624: SAVESTATE:          77
1624:                     i=i*l;b;};ti;i=l;w(i){kl:     i=E;};N};S$         
1625:                     =i*l;b;};ti;i=l;w(i){kl:p     =E;};N};S$          
1626:                     i*l;b;};ti;i=l;w(i){kl:pl     E;};N};S$           
1627: E->i()              i*l;b;};ti;i=l;w(i){kl:pl     E;};N};S$           
1627: SAVESTATE:          78
1627:                     i*l;b;};ti;i=l;w(i){kl:pl     i();};N};S$         
1628:                     *l;b;};ti;i=l;w(i){kl:pl;     ();};N};S$          
1629: TS_NOK/NS_NORULECHAIN
1629: RESSTATE            
1629:                     i*l;b;};ti;i=l;w(i){kl:pl     E;};N};S$           
1630: E->i()M             i*l;b;};ti;i=l;w(i){kl:pl     E;};N};S$           
1630: SAVESTATE:          78
1630:                     i*l;b;};ti;i=l;w(i){kl:pl     i()M;};N};S$        
1631:                     *l;b;};ti;i=l;w(i){kl:pl;     ()M;};N};S$         
1632: TS_NOK/NS_NORULECHAIN
1632: RESSTATE            
1632:                     i*l;b;};ti;i=l;w(i){kl:pl     E;};N};S$           
1633: E->i(W)             i*l;b;};ti;i=l;w(i){kl:pl     E;};N};S$           
1633: SAVESTATE:          78
1633:                     i*l;b;};ti;i=l;w(i){kl:pl     i(W);};N};S$        
1634:                     *l;b;};ti;i=l;w(i){kl:pl;     (W);};N};S$         
1635: TS_NOK/NS_NORULECHAIN
1635: RESSTATE            
1635:                     i*l;b;};ti;i=l;w(i){kl:pl     E;};N};S$           
1636: E->i(W)M            i*l;b;};ti;i=l;w(i){kl:pl     E;};N};S$           
1636: SAVESTATE:          78
1636:                     i*l;b;};ti;i=l;w(i){kl:pl     i(W)M;};N};S$       
1637:                     *l;b;};ti;i=l;w(i){kl:pl;     (W)M;};N};S$        
1638: TS_NOK/NS_NORULECHAIN
1638: RESSTATE            
1638:                     i*l;b;};ti;i=l;w(i){kl:pl     E;};N};S$           
1639: E->i                i*l;b;};ti;i=l;w(i){kl:pl     E;};N};S$           
1639: SAVESTATE:          78
1639:                     i*l;b;};ti;i=l;w(i){kl:pl     i;};N};S$           
1640:                     *l;b;};ti;i=l;w(i){kl:pl;     ;};N};S$            
1641: TS_NOK/NS_NORULECHAIN
1641: RESSTATE            
1641:                     i*l;b;};ti;i=l;w(i){kl:pl     E;};N};S$           
1642: E->iM               i*l;b;};ti;i=l;w(i){kl:pl     E;};N};S$           
1642: SAVESTATE:          78
1642:                     i*l;b;};ti;i=l;w(i){kl:pl     iM;};N};S$          
1643:                     *l;b;};ti;i=l;w(i){kl:pl;     M;};N};S$           
1644: M->*E               *l;b;};ti;i=l;w(i){kl:pl;     M;};N};S$           
1644: SAVESTATE:          79
1644:                     *l;b;};ti;i=l;w(i){kl:pl;     *E;};N};S$          
1645:                     l;b;};ti;i=l;w(i){kl:pl;b     E;};N};S$           
1646: E->l                l;b;};ti;i=l;w(i){kl:pl;b     E;};N};S$           
1646: SAVESTATE:          80
1646:                     l;b;};ti;i=l;w(i){kl:pl;b     l;};N};S$           
1647:                     ;b;};ti;i=l;w(i){kl:pl;b;     ;};N};S$            
1648:                     b;};ti;i=l;w(i){kl:pl;b;k     };N};S$             
1649: TS_NOK/NS_NORULECHAIN
1649: RESSTATE            
1649:                     l;b;};ti;i=l;w(i){kl:pl;b     E;};N};S$           
1650: E->lM               l;b;};ti;i=l;w(i){kl:pl;b     E;};N};S$           
1650: SAVESTATE:          80
1650:                     l;b;};ti;i=l;w(i){kl:pl;b     lM;};N};S$          
1651:                     ;b;};ti;i=l;w(i){kl:pl;b;     M;};N};S$           
1652: TNS_NORULECHAIN/NS_NORULE
1652: RESSTATE            
1652:                     l;b;};ti;i=l;w(i){kl:pl;b     E;};N};S$           
1653: TNS_NORULECHAIN/NS_NORULE
1653: RESSTATE            
1653:                     *l;b;};ti;i=l;w(i){kl:pl;     M;};N};S$           
1654: M->*EM              *l;b;};ti;i=l;w(i){kl:pl;     M;};N};S$           
1654: SAVESTATE:          79
1654:                     *l;b;};ti;i=l;w(i){kl:pl;     *EM;};N};S$         
1655:                     l;b;};ti;i=l;w(i){kl:pl;b     EM;};N};S$          
1656: E->l                l;b;};ti;i=l;w(i){kl:pl;b     EM;};N};S$          
1656: SAVESTATE:          80
1656:                     l;b;};ti;i=l;w(i){kl:pl;b     lM;};N};S$          
1657:                     ;b;};ti;i=l;w(i){kl:pl;b;     M;};N};S$           
1658: TNS_NORULECHAIN/NS_NORULE
1658: RESSTATE            
1658:                     l;b;};ti;i=l;w(i){kl:pl;b     EM;};N};S$          
1659: E->lM               l;b;};ti;i=l;w(i){kl:pl;b     EM;};N};S$          
1659: SAVESTATE:          80
1659:                     l;b;};ti;i=l;w(i){kl:pl;b     lMM;};N};S$         
1660:                     ;b;};ti;i=l;w(i){kl:pl;b;     MM;};N};S$          
1661: TNS_NORULECHAIN/NS_NORULE
1661: RESSTATE            
1661:                     l;b;};ti;i=l;w(i){kl:pl;b     EM;};N};S$          
1662: TNS_NORULECHAIN/NS_NORULE
1662: RESSTATE            
1662:                     *l;b;};ti;i=l;w(i){kl:pl;     M;};N};S$           
1663: TNS_NORULECHAIN/NS_NORULE
1663: RESSTATE            
1663:                     i*l;b;};ti;i=l;w(i){kl:pl     E;};N};S$           
1664: TNS_NORULECHAIN/NS_NORULE
1664: RESSTATE            
1664:                     i=i*l;b;};ti;i=l;w(i){kl:     N};N};S$            
1665: N->i=E;N            i=i*l;b;};ti;i=l;w(i){kl:     N};N};S$            
1665: SAVESTATE:          77
1665:                     i=i*l;b;};ti;i=l;w(i){kl:     i=E;N};N};S$        
1666:                     =i*l;b;};ti;i=l;w(i){kl:p     =E;N};N};S$         
1667:                     i*l;b;};ti;i=l;w(i){kl:pl     E;N};N};S$          
1668: E->i()              i*l;b;};ti;i=l;w(i){kl:pl     E;N};N};S$          
1668: SAVESTATE:          78
1668:                     i*l;b;};ti;i=l;w(i){kl:pl     i();N};N};S$        
1669:                     *l;b;};ti;i=l;w(i){kl:pl;     ();N};N};S$         
1670: TS_NOK/NS_NORULECHAIN
1670: RESSTATE            
1670:                     i*l;b;};ti;i=l;w(i){kl:pl     E;N};N};S$          
1671: E->i()M             i*l;b;};ti;i=l;w(i){kl:pl     E;N};N};S$          
1671: SAVESTATE:          78
1671:                     i*l;b;};ti;i=l;w(i){kl:pl     i()M;N};N};S$       
1672:                     *l;b;};ti;i=l;w(i){kl:pl;     ()M;N};N};S$        
1673: TS_NOK/NS_NORULECHAIN
1673: RESSTATE            
1673:                     i*l;b;};ti;i=l;w(i){kl:pl     E;N};N};S$          
1674: E->i(W)             i*l;b;};ti;i=l;w(i){kl:pl     E;N};N};S$          
1674: SAVESTATE:          78
1674:                     i*l;b;};ti;i=l;w(i){kl:pl     i(W);N};N};S$       
1675:                     *l;b;};ti;i=l;w(i){kl:pl;     (W);N};N};S$        
1676: TS_NOK/NS_NORULECHAIN
1676: RESSTATE            
1676:                     i*l;b;};ti;i=l;w(i){kl:pl     E;N};N};S$          
1677: E->i(W)M            i*l;b;};ti;i=l;w(i){kl:pl     E;N};N};S$          
1677: SAVESTATE:          78
1677:                     i*l;b;};ti;i=l;w(i){kl:pl     i(W)M;N};N};S$      
1678:                     *l;b;};ti;i=l;w(i){kl:pl;     (W)M;N};N};S$       
1679: TS_NOK/NS_NORULECHAIN
1679: RESSTATE            
1679:                     i*l;b;};ti;i=l;w(i){kl:pl     E;N};N};S$          
1680: E->i                i*l;b;};ti;i=l;w(i){kl:pl     E;N};N};S$          
1680: SAVESTATE:          78
1680:                     i*l;b;};ti;i=l;w(i){kl:pl     i;N};N};S$          
1681:                     *l;b;};ti;i=l;w(i){kl:pl;     ;N};N};S$           
1682: TS_NOK/NS_NORULECHAIN
1682: RESSTATE            
1682:                     i*l;b;};ti;i=l;w(i){kl:pl     E;N};N};S$          
1683: E->iM               i*l;b;};ti;i=l;w(i){kl:pl     E;N};N};S$          
1683: SAVESTATE:          78
1683:                     i*l;b;};ti;i=l;w(i){kl:pl     iM;N};N};S$         
1684:                     *l;b;};ti;i=l;w(i){kl:pl;     M;N};N};S$          
1685: M->*E               *l;b;};ti;i=l;w(i){kl:pl;     M;N};N};S$          
1685: SAVESTATE:          79
1685:                     *l;b;};ti;i=l;w(i){kl:pl;     *E;N};N};S$         
1686:                     l;b;};ti;i=l;w(i){kl:pl;b     E;N};N};S$          
1687: E->l                l;b;};ti;i=l;w(i){kl:pl;b     E;N};N};S$          
1687: SAVESTATE:          80
1687:                     l;b;};ti;i=l;w(i){kl:pl;b     l;N};N};S$          
1688:                     ;b;};ti;i=l;w(i){kl:pl;b;     ;N};N};S$           
1689:                     b;};ti;i=l;w(i){kl:pl;b;k     N};N};S$            
1690: N->b;N              b;};ti;i=l;w(i){kl:pl;b;k     N};N};S$            
1690: SAVESTATE:          81
1690:                     b;};ti;i=l;w(i){kl:pl;b;k     b;N};N};S$          
1691:                     ;};ti;i=l;w(i){kl:pl;b;kl     ;N};N};S$           
1692:                     };ti;i=l;w(i){kl:pl;b;kl:     N};N};S$            
1693: TNS_NORULECHAIN/NS_NORULE
1693: RESSTATE            
1693:                     b;};ti;i=l;w(i){kl:pl;b;k     N};N};S$            
1694: N->b;               b;};ti;i=l;w(i){kl:pl;b;k     N};N};S$            
1694: SAVESTATE:          81
1694:                     b;};ti;i=l;w(i){kl:pl;b;k     b;};N};S$           
1695:                     ;};ti;i=l;w(i){kl:pl;b;kl     ;};N};S$            
1696:                     };ti;i=l;w(i){kl:pl;b;kl:     };N};S$             
1697:                     ;ti;i=l;w(i){kl:pl;b;kl:p     ;N};S$              
1698:                     ti;i=l;w(i){kl:pl;b;kl:pl     N};S$               
1699: N->ti;              ti;i=l;w(i){kl:pl;b;kl:pl     N};S$               
1699: SAVESTATE:          82
1699:                     ti;i=l;w(i){kl:pl;b;kl:pl     ti;};S$             
1700:                     i;i=l;w(i){kl:pl;b;kl:pl;     i;};S$              
1701:                     ;i=l;w(i){kl:pl;b;kl:pl;b     ;};S$               
1702:                     i=l;w(i){kl:pl;b;kl:pl;b;     };S$                
1703: TS_NOK/NS_NORULECHAIN
1703: RESSTATE            
1703:                     ti;i=l;w(i){kl:pl;b;kl:pl     N};S$               
1704: N->ti;N             ti;i=l;w(i){kl:pl;b;kl:pl     N};S$               
1704: SAVESTATE:          82
1704:                     ti;i=l;w(i){kl:pl;b;kl:pl     ti;N};S$            
1705:                     i;i=l;w(i){kl:pl;b;kl:pl;     i;N};S$             
1706:                     ;i=l;w(i){kl:pl;b;kl:pl;b     ;N};S$              
1707:                     i=l;w(i){kl:pl;b;kl:pl;b;     N};S$               
1708: N->i();             i=l;w(i){kl:pl;b;kl:pl;b;     N};S$               
1708: SAVESTATE:          83
1708:                     i=l;w(i){kl:pl;b;kl:pl;b;     i();};S$            
1709:                     =l;w(i){kl:pl;b;kl:pl;b;}     ();};S$             
1710: TS_NOK/NS_NORULECHAIN
1710: RESSTATE            
1710:                     i=l;w(i){kl:pl;b;kl:pl;b;     N};S$               
1711: N->i();N            i=l;w(i){kl:pl;b;kl:pl;b;     N};S$               
1711: SAVESTATE:          83
1711:                     i=l;w(i){kl:pl;b;kl:pl;b;     i();N};S$           
1712:                     =l;w(i){kl:pl;b;kl:pl;b;}     ();N};S$            
1713: TS_NOK/NS_NORULECHAIN
1713: RESSTATE            
1713:                     i=l;w(i){kl:pl;b;kl:pl;b;     N};S$               
1714: N->i(W);            i=l;w(i){kl:pl;b;kl:pl;b;     N};S$               
1714: SAVESTATE:          83
1714:                     i=l;w(i){kl:pl;b;kl:pl;b;     i(W);};S$           
1715:                     =l;w(i){kl:pl;b;kl:pl;b;}     (W);};S$            
1716: TS_NOK/NS_NORULECHAIN
1716: RESSTATE            
1716:                     i=l;w(i){kl:pl;b;kl:pl;b;     N};S$               
1717: N->i(W);N           i=l;w(i){kl:pl;b;kl:pl;b;     N};S$               
1717: SAVESTATE:          83
1717:                     i=l;w(i){kl:pl;b;kl:pl;b;     i(W);N};S$          
1718:                     =l;w(i){kl:pl;b;kl:pl;b;}     (W);N};S$           
1719: TS_NOK/NS_NORULECHAIN
1719: RESSTATE            
1719:                     i=l;w(i){kl:pl;b;kl:pl;b;     N};S$               
1720: N->i()M;            i=l;w(i){kl:pl;b;kl:pl;b;     N};S$               
1720: SAVESTATE:          83
1720:                     i=l;w(i){kl:pl;b;kl:pl;b;     i()M;};S$           
1721:                     =l;w(i){kl:pl;b;kl:pl;b;}     ()M;};S$            
1722: TS_NOK/NS_NORULECHAIN
1722: RESSTATE            
1722:                     i=l;w(i){kl:pl;b;kl:pl;b;     N};S$               
1723: N->i()M;N           i=l;w(i){kl:pl;b;kl:pl;b;     N};S$               
1723: SAVESTATE:          83
1723:                     i=l;w(i){kl:pl;b;kl:pl;b;     i()M;N};S$          
1724:                     =l;w(i){kl:pl;b;kl:pl;b;}     ()M;N};S$           
1725: TS_NOK/NS_NORULECHAIN
1725: RESSTATE            
1725:                     i=l;w(i){kl:pl;b;kl:pl;b;     N};S$               
1726: N->i(W)M;           i=l;w(i){kl:pl;b;kl:pl;b;     N};S$               
1726: SAVESTATE:          83
1726:                     i=l;w(i){kl:pl;b;kl:pl;b;     i(W)M;};S$          
1727:                     =l;w(i){kl:pl;b;kl:pl;b;}     (W)M;};S$           
1728: TS_NOK/NS_NORULECHAIN
1728: RESSTATE            
1728:                     i=l;w(i){kl:pl;b;kl:pl;b;     N};S$               
1729: N->i(W)M;N          i=l;w(i){kl:pl;b;kl:pl;b;     N};S$               
1729: SAVESTATE:          83
1729:                     i=l;w(i){kl:pl;b;kl:pl;b;     i(W)M;N};S$         
1730:                     =l;w(i){kl:pl;b;kl:pl;b;}     (W)M;N};S$          
1731: TS_NOK/NS_NORULECHAIN
1731: RESSTATE            
1731:                     i=l;w(i){kl:pl;b;kl:pl;b;     N};S$               
1732: N->i=E;             i=l;w(i){kl:pl;b;kl:pl;b;     N};S$               
1732: SAVESTATE:          83
1732:                     i=l;w(i){kl:pl;b;kl:pl;b;     i=E;};S$            
1733:                     =l;w(i){kl:pl;b;kl:pl;b;}     =E;};S$             
1734:                     l;w(i){kl:pl;b;kl:pl;b;};     E;};S$              
1735: E->l                l;w(i){kl:pl;b;kl:pl;b;};     E;};S$              
1735: SAVESTATE:          84
1735:                     l;w(i){kl:pl;b;kl:pl;b;};     l;};S$              
1736:                     ;w(i){kl:pl;b;kl:pl;b;};t     ;};S$               
1737:                     w(i){kl:pl;b;kl:pl;b;};ti     };S$                
1738: TS_NOK/NS_NORULECHAIN
1738: RESSTATE            
1738:                     l;w(i){kl:pl;b;kl:pl;b;};     E;};S$              
1739: E->lM               l;w(i){kl:pl;b;kl:pl;b;};     E;};S$              
1739: SAVESTATE:          84
1739:                     l;w(i){kl:pl;b;kl:pl;b;};     lM;};S$             
1740:                     ;w(i){kl:pl;b;kl:pl;b;};t     M;};S$              
1741: TNS_NORULECHAIN/NS_NORULE
1741: RESSTATE            
1741:                     l;w(i){kl:pl;b;kl:pl;b;};     E;};S$              
1742: TNS_NORULECHAIN/NS_NORULE
1742: RESSTATE            
1742:                     i=l;w(i){kl:pl;b;kl:pl;b;     N};S$               
1743: N->i=E;N            i=l;w(i){kl:pl;b;kl:pl;b;     N};S$               
1743: SAVESTATE:          83
1743:                     i=l;w(i){kl:pl;b;kl:pl;b;     i=E;N};S$           
1744:                     =l;w(i){kl:pl;b;kl:pl;b;}     =E;N};S$            
1745:                     l;w(i){kl:pl;b;kl:pl;b;};     E;N};S$             
1746: E->l                l;w(i){kl:pl;b;kl:pl;b;};     E;N};S$             
1746: SAVESTATE:          84
1746:                     l;w(i){kl:pl;b;kl:pl;b;};     l;N};S$             
1747:                     ;w(i){kl:pl;b;kl:pl;b;};t     ;N};S$              
1748:                     w(i){kl:pl;b;kl:pl;b;};ti     N};S$               
1749: N->w(E){N};         w(i){kl:pl;b;kl:pl;b;};ti     N};S$               
1749: SAVESTATE:          85
1749:                     w(i){kl:pl;b;kl:pl;b;};ti     w(E){N};};S$        
1750:                     (i){kl:pl;b;kl:pl;b;};ti;     (E){N};};S$         
1751:                     i){kl:pl;b;kl:pl;b;};ti;i     E){N};};S$          
1752: E->i()              i){kl:pl;b;kl:pl;b;};ti;i     E){N};};S$          
1752: SAVESTATE:          86
1752:                     i){kl:pl;b;kl:pl;b;};ti;i     i()){N};};S$        
1753:                     ){kl:pl;b;kl:pl;b;};ti;i=     ()){N};};S$         
1754: TS_NOK/NS_NORULECHAIN
1754: RESSTATE            
1754:                     i){kl:pl;b;kl:pl;b;};ti;i     E){N};};S$          
1755: E->i()M             i){kl:pl;b;kl:pl;b;};ti;i     E){N};};S$          
1755: SAVESTATE:          86
1755:                     i){kl:pl;b;kl:pl;b;};ti;i     i()M){N};};S$       
1756:                     ){kl:pl;b;kl:pl;b;};ti;i=     ()M){N};};S$        
1757: TS_NOK/NS_NORULECHAIN
1757: RESSTATE            
1757:                     i){kl:pl;b;kl:pl;b;};ti;i     E){N};};S$          
1758: E->i(W)             i){kl:pl;b;kl:pl;b;};ti;i     E){N};};S$          
1758: SAVESTATE:          86
1758:                     i){kl:pl;b;kl:pl;b;};ti;i     i(W)){N};};S$       
1759:                     ){kl:pl;b;kl:pl;b;};ti;i=     (W)){N};};S$        
1760: TS_NOK/NS_NORULECHAIN
1760: RESSTATE            
1760:                     i){kl:pl;b;kl:pl;b;};ti;i     E){N};};S$          
1761: E->i(W)M            i){kl:pl;b;kl:pl;b;};ti;i     E){N};};S$          
1761: SAVESTATE:          86
1761:                     i){kl:pl;b;kl:pl;b;};ti;i     i(W)M){N};};S$      
1762:                     ){kl:pl;b;kl:pl;b;};ti;i=     (W)M){N};};S$       
1763: TS_NOK/NS_NORULECHAIN
1763: RESSTATE            
1763:                     i){kl:pl;b;kl:pl;b;};ti;i     E){N};};S$          
1764: E->i                i){kl:pl;b;kl:pl;b;};ti;i     E){N};};S$          
1764: SAVESTATE:          86
1764:                     i){kl:pl;b;kl:pl;b;};ti;i     i){N};};S$          
1765:                     ){kl:pl;b;kl:pl;b;};ti;i=     ){N};};S$           
1766:                     {kl:pl;b;kl:pl;b;};ti;i=l     {N};};S$            
1767:                     kl:pl;b;kl:pl;b;};ti;i=l;     N};};S$             
1768: N->kl:N             kl:pl;b;kl:pl;b;};ti;i=l;     N};};S$             
1768: SAVESTATE:          87
1768:                     kl:pl;b;kl:pl;b;};ti;i=l;     kl:N};};S$          
1769:                     l:pl;b;kl:pl;b;};ti;i=l;w     l:N};};S$           
1770:                     :pl;b;kl:pl;b;};ti;i=l;w(     :N};};S$            
1771:                     pl;b;kl:pl;b;};ti;i=l;w(i     N};};S$             
1772: N->pE;              pl;b;kl:pl;b;};ti;i=l;w(i     N};};S$             
1772: SAVESTATE:          88
1772:                     pl;b;kl:pl;b;};ti;i=l;w(i     pE;};};S$           
1773:                     l;b;kl:pl;b;};ti;i=l;w(i)     E;};};S$            
1774: E->l                l;b;kl:pl;b;};ti;i=l;w(i)     E;};};S$            
1774: SAVESTATE:          89
1774:                     l;b;kl:pl;b;};ti;i=l;w(i)     l;};};S$            
1775:                     ;b;kl:pl;b;};ti;i=l;w(i){     ;};};S$             
1776:                     b;kl:pl;b;};ti;i=l;w(i){k     };};S$              
1777: TS_NOK/NS_NORULECHAIN
1777: RESSTATE            
1777:                     l;b;kl:pl;b;};ti;i=l;w(i)     E;};};S$            
1778: E->lM               l;b;kl:pl;b;};ti;i=l;w(i)     E;};};S$            
1778: SAVESTATE:          89
1778:                     l;b;kl:pl;b;};ti;i=l;w(i)     lM;};};S$           
1779:                     ;b;kl:pl;b;};ti;i=l;w(i){     M;};};S$            
1780: TNS_NORULECHAIN/NS_NORULE
1780: RESSTATE            
1780:                     l;b;kl:pl;b;};ti;i=l;w(i)     E;};};S$            
1781: TNS_NORULECHAIN/NS_NORULE
1781: RESSTATE            
1781:                     pl;b;kl:pl;b;};ti;i=l;w(i     N};};S$             
1782: N->pE;N             pl;b;kl:pl;b;};ti;i=l;w(i     N};};S$             
1782: SAVESTATE:          88
1782:                     pl;b;kl:pl;b;};ti;i=l;w(i     pE;N};};S$          
1783:                     l;b;kl:pl;b;};ti;i=l;w(i)     E;N};};S$           
1784: E->l                l;b;kl:pl;b;};ti;i=l;w(i)     E;N};};S$           
1784: SAVESTATE:          89
1784:                     l;b;kl:pl;b;};ti;i=l;w(i)     l;N};};S$           
1785:                     ;b;kl:pl;b;};ti;i=l;w(i){     ;N};};S$            
1786:                     b;kl:pl;b;};ti;i=l;w(i){k     N};};S$             
1787: N->b;N              b;kl:pl;b;};ti;i=l;w(i){k     N};};S$             
1787: SAVESTATE:          90
1787:                     b;kl:pl;b;};ti;i=l;w(i){k     b;N};};S$           
1788:                     ;kl:pl;b;};ti;i=l;w(i){kl     ;N};};S$            
1789:                     kl:pl;b;};ti;i=l;w(i){kl:     N};};S$             
1790: N->kl:N             kl:pl;b;};ti;i=l;w(i){kl:     N};};S$             
1790: SAVESTATE:          91
1790:                     kl:pl;b;};ti;i=l;w(i){kl:     kl:N};};S$          
1791:                     l:pl;b;};ti;i=l;w(i){kl:p     l:N};};S$           
1792:                     :pl;b;};ti;i=l;w(i){kl:pl     :N};};S$            
1793:                     pl;b;};ti;i=l;w(i){kl:pl;     N};};S$             
1794: N->pE;              pl;b;};ti;i=l;w(i){kl:pl;     N};};S$             
1794: SAVESTATE:          92
1794:                     pl;b;};ti;i=l;w(i){kl:pl;     pE;};};S$           
1795:                     l;b;};ti;i=l;w(i){kl:pl;b     E;};};S$            
1796: E->l                l;b;};ti;i=l;w(i){kl:pl;b     E;};};S$            
1796: SAVESTATE:          93
1796:                     l;b;};ti;i=l;w(i){kl:pl;b     l;};};S$            
1797:                     ;b;};ti;i=l;w(i){kl:pl;b;     ;};};S$             
1798:                     b;};ti;i=l;w(i){kl:pl;b;k     };};S$              
1799: TS_NOK/NS_NORULECHAIN
1799: RESSTATE            
1799:                     l;b;};ti;i=l;w(i){kl:pl;b     E;};};S$            
1800: E->lM               l;b;};ti;i=l;w(i){kl:pl;b     E;};};S$            
1800: SAVESTATE:          93
1800:                     l;b;};ti;i=l;w(i){kl:pl;b     lM;};};S$           
1801:                     ;b;};ti;i=l;w(i){kl:pl;b;     M;};};S$            
1802: TNS_NORULECHAIN/NS_NORULE
1802: RESSTATE            
1802:                     l;b;};ti;i=l;w(i){kl:pl;b     E;};};S$            
1803: TNS_NORULECHAIN/NS_NORULE
1803: RESSTATE            
1803:                     pl;b;};ti;i=l;w(i){kl:pl;     N};};S$             
1804: N->pE;N             pl;b;};ti;i=l;w(i){kl:pl;     N};};S$             
1804: SAVESTATE:          92
1804:                     pl;b;};ti;i=l;w(i){kl:pl;     pE;N};};S$          
1805:                     l;b;};ti;i=l;w(i){kl:pl;b     E;N};};S$           
1806: E->l                l;b;};ti;i=l;w(i){kl:pl;b     E;N};};S$           
1806: SAVESTATE:          93
1806:                     l;b;};ti;i=l;w(i){kl:pl;b     l;N};};S$           
1807:                     ;b;};ti;i=l;w(i){kl:pl;b;     ;N};};S$            
1808:                     b;};ti;i=l;w(i){kl:pl;b;k     N};};S$             
1809: N->b;N              b;};ti;i=l;w(i){kl:pl;b;k     N};};S$             
1809: SAVESTATE:          94
1809:                     b;};ti;i=l;w(i){kl:pl;b;k     b;N};};S$           
1810:                     ;};ti;i=l;w(i){kl:pl;b;kl     ;N};};S$            
1811:                     };ti;i=l;w(i){kl:pl;b;kl:     N};};S$             
1812: TNS_NORULECHAIN/NS_NORULE
1812: RESSTATE            
1812:                     b;};ti;i=l;w(i){kl:pl;b;k     N};};S$             
1813: N->b;               b;};ti;i=l;w(i){kl:pl;b;k     N};};S$             
1813: SAVESTATE:          94
1813:                     b;};ti;i=l;w(i){kl:pl;b;k     b;};};S$            
1814:                     ;};ti;i=l;w(i){kl:pl;b;kl     ;};};S$             
1815:                     };ti;i=l;w(i){kl:pl;b;kl:     };};S$              
1816:                     ;ti;i=l;w(i){kl:pl;b;kl:p     ;};S$               
1817:                     ti;i=l;w(i){kl:pl;b;kl:pl     };S$                
1818: TS_NOK/NS_NORULECHAIN
1818: RESSTATE            
1818:                     b;};ti;i=l;w(i){kl:pl;b;k     N};};S$             
1819: TNS_NORULECHAIN/NS_NORULE
1819: RESSTATE            
1819:                     l;b;};ti;i=l;w(i){kl:pl;b     E;N};};S$           
1820: E->lM               l;b;};ti;i=l;w(i){kl:pl;b     E;N};};S$           
1820: SAVESTATE:          93
1820:                     l;b;};ti;i=l;w(i){kl:pl;b     lM;N};};S$          
1821:                     ;b;};ti;i=l;w(i){kl:pl;b;     M;N};};S$           
1822: TNS_NORULECHAIN/NS_NORULE
1822: RESSTATE            
1822:                     l;b;};ti;i=l;w(i){kl:pl;b     E;N};};S$           
1823: TNS_NORULECHAIN/NS_NORULE
1823: RESSTATE            
1823:                     pl;b;};ti;i=l;w(i){kl:pl;     N};};S$             
1824: TNS_NORULECHAIN/NS_NORULE
1824: RESSTATE            
1824:                     kl:pl;b;};ti;i=l;w(i){kl:     N};};S$             
1825: N->kl:              kl:pl;b;};ti;i=l;w(i){kl:     N};};S$             
1825: SAVESTATE:          91
1825:                     kl:pl;b;};ti;i=l;w(i){kl:     kl:};};S$           
1826:                     l:pl;b;};ti;i=l;w(i){kl:p     l:};};S$            
1827:                     :pl;b;};ti;i=l;w(i){kl:pl     :};};S$             
1828:                     pl;b;};ti;i=l;w(i){kl:pl;     };};S$              
1829: TS_NOK/NS_NORULECHAIN
1829: RESSTATE            
1829:                     kl:pl;b;};ti;i=l;w(i){kl:     N};};S$             
1830: TNS_NORULECHAIN/NS_NORULE
1830: RESSTATE            
1830:                     b;kl:pl;b;};ti;i=l;w(i){k     N};};S$             
1831: N->b;               b;kl:pl;b;};ti;i=l;w(i){k     N};};S$             
1831: SAVESTATE:          90
1831:                     b;kl:pl;b;};ti;i=l;w(i){k     b;};};S$            
1832:                     ;kl:pl;b;};ti;i=l;w(i){kl     ;};};S$             
1833:                     kl:pl;b;};ti;i=l;w(i){kl:     };};S$              
1834: TS_NOK/NS_NORULECHAIN
1834: RESSTATE            
1834:                     b;kl:pl;b;};ti;i=l;w(i){k     N};};S$             
1835: TNS_NORULECHAIN/NS_NORULE
1835: RESSTATE            
1835:                     l;b;kl:pl;b;};ti;i=l;w(i)     E;N};};S$           
1836: E->lM               l;b;kl:pl;b;};ti;i=l;w(i)     E;N};};S$           
1836: SAVESTATE:          89
1836:                     l;b;kl:pl;b;};ti;i=l;w(i)     lM;N};};S$          
1837:                     ;b;kl:pl;b;};ti;i=l;w(i){     M;N};};S$           
1838: TNS_NORULECHAIN/NS_NORULE
1838: RESSTATE            
1838:                     l;b;kl:pl;b;};ti;i=l;w(i)     E;N};};S$           
1839: TNS_NORULECHAIN/NS_NORULE
1839: RESSTATE            
1839:                     pl;b;kl:pl;b;};ti;i=l;w(i     N};};S$             
1840: TNS_NORULECHAIN/NS_NORULE
1840: RESSTATE            
1840:                     kl:pl;b;kl:pl;b;};ti;i=l;     N};};S$             
1841: N->kl:              kl:pl;b;kl:pl;b;};ti;i=l;     N};};S$             
1841: SAVESTATE:          87
1841:                     kl:pl;b;kl:pl;b;};ti;i=l;     kl:};};S$           
1842:                     l:pl;b;kl:pl;b;};ti;i=l;w     l:};};S$            
1843:                     :pl;b;kl:pl;b;};ti;i=l;w(     :};};S$             
1844:                     pl;b;kl:pl;b;};ti;i=l;w(i     };};S$              
1845: TS_NOK/NS_NORULECHAIN
1845: RESSTATE            
1845:                     kl:pl;b;kl:pl;b;};ti;i=l;     N};};S$             
1846: TNS_NORULECHAIN/NS_NORULE
1846: RESSTATE            
1846:                     i){kl:pl;b;kl:pl;b;};ti;i     E){N};};S$          
1847: E->iM               i){kl:pl;b;kl:pl;b;};ti;i     E){N};};S$          
1847: SAVESTATE:          86
1847:                     i){kl:pl;b;kl:pl;b;};ti;i     iM){N};};S$         
1848:                     ){kl:pl;b;kl:pl;b;};ti;i=     M){N};};S$          
1849: TNS_NORULECHAIN/NS_NORULE
1849: RESSTATE            
1849:                     i){kl:pl;b;kl:pl;b;};ti;i     E){N};};S$          
1850: TNS_NORULECHAIN/NS_NORULE
1850: RESSTATE            
1850:                     w(i){kl:pl;b;kl:pl;b;};ti     N};S$               
1851: N->w(E){N};N        w(i){kl:pl;b;kl:pl;b;};ti     N};S$               
1851: SAVESTATE:          85
1851:                     w(i){kl:pl;b;kl:pl;b;};ti     w(E){N};N};S$       
1852:                     (i){kl:pl;b;kl:pl;b;};ti;     (E){N};N};S$        
1853:                     i){kl:pl;b;kl:pl;b;};ti;i     E){N};N};S$         
1854: E->i()              i){kl:pl;b;kl:pl;b;};ti;i     E){N};N};S$         
1854: SAVESTATE:          86
1854:                     i){kl:pl;b;kl:pl;b;};ti;i     i()){N};N};S$       
1855:                     ){kl:pl;b;kl:pl;b;};ti;i=     ()){N};N};S$        
1856: TS_NOK/NS_NORULECHAIN
1856: RESSTATE            
1856:                     i){kl:pl;b;kl:pl;b;};ti;i     E){N};N};S$         
1857: E->i()M             i){kl:pl;b;kl:pl;b;};ti;i     E){N};N};S$         
1857: SAVESTATE:          86
1857:                     i){kl:pl;b;kl:pl;b;};ti;i     i()M){N};N};S$      
1858:                     ){kl:pl;b;kl:pl;b;};ti;i=     ()M){N};N};S$       
1859: TS_NOK/NS_NORULECHAIN
1859: RESSTATE            
1859:                     i){kl:pl;b;kl:pl;b;};ti;i     E){N};N};S$         
1860: E->i(W)             i){kl:pl;b;kl:pl;b;};ti;i     E){N};N};S$         
1860: SAVESTATE:          86
1860:                     i){kl:pl;b;kl:pl;b;};ti;i     i(W)){N};N};S$      
1861:                     ){kl:pl;b;kl:pl;b;};ti;i=     (W)){N};N};S$       
1862: TS_NOK/NS_NORULECHAIN
1862: RESSTATE            
1862:                     i){kl:pl;b;kl:pl;b;};ti;i     E){N};N};S$         
1863: E->i(W)M            i){kl:pl;b;kl:pl;b;};ti;i     E){N};N};S$         
1863: SAVESTATE:          86
1863:                     i){kl:pl;b;kl:pl;b;};ti;i     i(W)M){N};N};S$     
1864:                     ){kl:pl;b;kl:pl;b;};ti;i=     (W)M){N};N};S$      
1865: TS_NOK/NS_NORULECHAIN
1865: RESSTATE            
1865:                     i){kl:pl;b;kl:pl;b;};ti;i     E){N};N};S$         
1866: E->i                i){kl:pl;b;kl:pl;b;};ti;i     E){N};N};S$         
1866: SAVESTATE:          86
1866:                     i){kl:pl;b;kl:pl;b;};ti;i     i){N};N};S$         
1867:                     ){kl:pl;b;kl:pl;b;};ti;i=     ){N};N};S$          
1868:                     {kl:pl;b;kl:pl;b;};ti;i=l     {N};N};S$           
1869:                     kl:pl;b;kl:pl;b;};ti;i=l;     N};N};S$            
1870: N->kl:N             kl:pl;b;kl:pl;b;};ti;i=l;     N};N};S$            
1870: SAVESTATE:          87
1870:                     kl:pl;b;kl:pl;b;};ti;i=l;     kl:N};N};S$         
1871:                     l:pl;b;kl:pl;b;};ti;i=l;w     l:N};N};S$          
1872:                     :pl;b;kl:pl;b;};ti;i=l;w(     :N};N};S$           
1873:                     pl;b;kl:pl;b;};ti;i=l;w(i     N};N};S$            
1874: N->pE;              pl;b;kl:pl;b;};ti;i=l;w(i     N};N};S$            
1874: SAVESTATE:          88
1874:                     pl;b;kl:pl;b;};ti;i=l;w(i     pE;};N};S$          
1875:                     l;b;kl:pl;b;};ti;i=l;w(i)     E;};N};S$           
1876: E->l                l;b;kl:pl;b;};ti;i=l;w(i)     E;};N};S$           
1876: SAVESTATE:          89
1876:                     l;b;kl:pl;b;};ti;i=l;w(i)     l;};N};S$           
1877:                     ;b;kl:pl;b;};ti;i=l;w(i){     ;};N};S$            
1878:                     b;kl:pl;b;};ti;i=l;w(i){k     };N};S$             
1879: TS_NOK/NS_NORULECHAIN
1879: RESSTATE            
1879:                     l;b;kl:pl;b;};ti;i=l;w(i)     E;};N};S$           
1880: E->lM               l;b;kl:pl;b;};ti;i=l;w(i)     E;};N};S$           
1880: SAVESTATE:          89
1880:                     l;b;kl:pl;b;};ti;i=l;w(i)     lM;};N};S$          
1881:                     ;b;kl:pl;b;};ti;i=l;w(i){     M;};N};S$           
1882: TNS_NORULECHAIN/NS_NORULE
1882: RESSTATE            
1882:                     l;b;kl:pl;b;};ti;i=l;w(i)     E;};N};S$           
1883: TNS_NORULECHAIN/NS_NORULE
1883: RESSTATE            
1883:                     pl;b;kl:pl;b;};ti;i=l;w(i     N};N};S$            
1884: N->pE;N             pl;b;kl:pl;b;};ti;i=l;w(i     N};N};S$            
1884: SAVESTATE:          88
1884:                     pl;b;kl:pl;b;};ti;i=l;w(i     pE;N};N};S$         
1885:                     l;b;kl:pl;b;};ti;i=l;w(i)     E;N};N};S$          
1886: E->l                l;b;kl:pl;b;};ti;i=l;w(i)     E;N};N};S$          
1886: SAVESTATE:          89
1886:                     l;b;kl:pl;b;};ti;i=l;w(i)     l;N};N};S$          
1887:                     ;b;kl:pl;b;};ti;i=l;w(i){     ;N};N};S$           
1888:                     b;kl:pl;b;};ti;i=l;w(i){k     N};N};S$            
1889: N->b;N              b;kl:pl;b;};ti;i=l;w(i){k     N};N};S$            
1889: SAVESTATE:          90
1889:                     b;kl:pl;b;};ti;i=l;w(i){k     b;N};N};S$          
1890:                     ;kl:pl;b;};ti;i=l;w(i){kl     ;N};N};S$           
1891:                     kl:pl;b;};ti;i=l;w(i){kl:     N};N};S$            
1892: N->kl:N             kl:pl;b;};ti;i=l;w(i){kl:     N};N};S$            
1892: SAVESTATE:          91
1892:                     kl:pl;b;};ti;i=l;w(i){kl:     kl:N};N};S$         
1893:                     l:pl;b;};ti;i=l;w(i){kl:p     l:N};N};S$          
1894:                     :pl;b;};ti;i=l;w(i){kl:pl     :N};N};S$           
1895:                     pl;b;};ti;i=l;w(i){kl:pl;     N};N};S$            
1896: N->pE;              pl;b;};ti;i=l;w(i){kl:pl;     N};N};S$            
1896: SAVESTATE:          92
1896:                     pl;b;};ti;i=l;w(i){kl:pl;     pE;};N};S$          
1897:                     l;b;};ti;i=l;w(i){kl:pl;b     E;};N};S$           
1898: E->l                l;b;};ti;i=l;w(i){kl:pl;b     E;};N};S$           
1898: SAVESTATE:          93
1898:                     l;b;};ti;i=l;w(i){kl:pl;b     l;};N};S$           
1899:                     ;b;};ti;i=l;w(i){kl:pl;b;     ;};N};S$            
1900:                     b;};ti;i=l;w(i){kl:pl;b;k     };N};S$             
1901: TS_NOK/NS_NORULECHAIN
1901: RESSTATE            
1901:                     l;b;};ti;i=l;w(i){kl:pl;b     E;};N};S$           
1902: E->lM               l;b;};ti;i=l;w(i){kl:pl;b     E;};N};S$           
1902: SAVESTATE:          93
1902:                     l;b;};ti;i=l;w(i){kl:pl;b     lM;};N};S$          
1903:                     ;b;};ti;i=l;w(i){kl:pl;b;     M;};N};S$           
1904: TNS_NORULECHAIN/NS_NORULE
1904: RESSTATE            
1904:                     l;b;};ti;i=l;w(i){kl:pl;b     E;};N};S$           
1905: TNS_NORULECHAIN/NS_NORULE
1905: RESSTATE            
1905:                     pl;b;};ti;i=l;w(i){kl:pl;     N};N};S$            
1906: N->pE;N             pl;b;};ti;i=l;w(i){kl:pl;     N};N};S$            
1906: SAVESTATE:          92
1906:                     pl;b;};ti;i=l;w(i){kl:pl;     pE;N};N};S$         
1907:                     l;b;};ti;i=l;w(i){kl:pl;b     E;N};N};S$          
1908: E->l                l;b;};ti;i=l;w(i){kl:pl;b     E;N};N};S$          
1908: SAVESTATE:          93
1908:                     l;b;};ti;i=l;w(i){kl:pl;b     l;N};N};S$          
1909:                     ;b;};ti;i=l;w(i){kl:pl;b;     ;N};N};S$           
1910:                     b;};ti;i=l;w(i){kl:pl;b;k     N};N};S$            
1911: N->b;N              b;};ti;i=l;w(i){kl:pl;b;k     N};N};S$            
1911: SAVESTATE:          94
1911:                     b;};ti;i=l;w(i){kl:pl;b;k     b;N};N};S$          
1912:                     ;};ti;i=l;w(i){kl:pl;b;kl     ;N};N};S$           
1913:                     };ti;i=l;w(i){kl:pl;b;kl:     N};N};S$            
1914: TNS_NORULECHAIN/NS_NORULE
1914: RESSTATE            
1914:                     b;};ti;i=l;w(i){kl:pl;b;k     N};N};S$            
1915: N->b;               b;};ti;i=l;w(i){kl:pl;b;k     N};N};S$            
1915: SAVESTATE:          94
1915:                     b;};ti;i=l;w(i){kl:pl;b;k     b;};N};S$           
1916:                     ;};ti;i=l;w(i){kl:pl;b;kl     ;};N};S$            
1917:                     };ti;i=l;w(i){kl:pl;b;kl:     };N};S$             
1918:                     ;ti;i=l;w(i){kl:pl;b;kl:p     ;N};S$              
1919:                     ti;i=l;w(i){kl:pl;b;kl:pl     N};S$               
1920: N->ti;              ti;i=l;w(i){kl:pl;b;kl:pl     N};S$               
1920: SAVESTATE:          95
1920:                     ti;i=l;w(i){kl:pl;b;kl:pl     ti;};S$             
1921:                     i;i=l;w(i){kl:pl;b;kl:pl;     i;};S$              
1922:                     ;i=l;w(i){kl:pl;b;kl:pl;b     ;};S$               
1923:                     i=l;w(i){kl:pl;b;kl:pl;b;     };S$                
1924: TS_NOK/NS_NORULECHAIN
1924: RESSTATE            
1924:                     ti;i=l;w(i){kl:pl;b;kl:pl     N};S$               
1925: N->ti;N             ti;i=l;w(i){kl:pl;b;kl:pl     N};S$               
1925: SAVESTATE:          95
1925:                     ti;i=l;w(i){kl:pl;b;kl:pl     ti;N};S$            
1926:                     i;i=l;w(i){kl:pl;b;kl:pl;     i;N};S$             
1927:                     ;i=l;w(i){kl:pl;b;kl:pl;b     ;N};S$              
1928:                     i=l;w(i){kl:pl;b;kl:pl;b;     N};S$               
1929: N->i();             i=l;w(i){kl:pl;b;kl:pl;b;     N};S$               
1929: SAVESTATE:          96
1929:                     i=l;w(i){kl:pl;b;kl:pl;b;     i();};S$            
1930:                     =l;w(i){kl:pl;b;kl:pl;b;}     ();};S$             
1931: TS_NOK/NS_NORULECHAIN
1931: RESSTATE            
1931:                     i=l;w(i){kl:pl;b;kl:pl;b;     N};S$               
1932: N->i();N            i=l;w(i){kl:pl;b;kl:pl;b;     N};S$               
1932: SAVESTATE:          96
1932:                     i=l;w(i){kl:pl;b;kl:pl;b;     i();N};S$           
1933:                     =l;w(i){kl:pl;b;kl:pl;b;}     ();N};S$            
1934: TS_NOK/NS_NORULECHAIN
1934: RESSTATE            
1934:                     i=l;w(i){kl:pl;b;kl:pl;b;     N};S$               
1935: N->i(W);            i=l;w(i){kl:pl;b;kl:pl;b;     N};S$               
1935: SAVESTATE:          96
1935:                     i=l;w(i){kl:pl;b;kl:pl;b;     i(W);};S$           
1936:                     =l;w(i){kl:pl;b;kl:pl;b;}     (W);};S$            
1937: TS_NOK/NS_NORULECHAIN
1937: RESSTATE            
1937:                     i=l;w(i){kl:pl;b;kl:pl;b;     N};S$               
1938: N->i(W);N           i=l;w(i){kl:pl;b;kl:pl;b;     N};S$               
1938: SAVESTATE:          96
1938:                     i=l;w(i){kl:pl;b;kl:pl;b;     i(W);N};S$          
1939:                     =l;w(i){kl:pl;b;kl:pl;b;}     (W);N};S$           
1940: TS_NOK/NS_NORULECHAIN
1940: RESSTATE            
1940:                     i=l;w(i){kl:pl;b;kl:pl;b;     N};S$               
1941: N->i()M;            i=l;w(i){kl:pl;b;kl:pl;b;     N};S$               
1941: SAVESTATE:          96
1941:                     i=l;w(i){kl:pl;b;kl:pl;b;     i()M;};S$           
1942:                     =l;w(i){kl:pl;b;kl:pl;b;}     ()M;};S$            
1943: TS_NOK/NS_NORULECHAIN
1943: RESSTATE            
1943:                     i=l;w(i){kl:pl;b;kl:pl;b;     N};S$               
1944: N->i()M;N           i=l;w(i){kl:pl;b;kl:pl;b;     N};S$               
1944: SAVESTATE:          96
1944:                     i=l;w(i){kl:pl;b;kl:pl;b;     i()M;N};S$          
1945:                     =l;w(i){kl:pl;b;kl:pl;b;}     ()M;N};S$           
1946: TS_NOK/NS_NORULECHAIN
1946: RESSTATE            
1946:                     i=l;w(i){kl:pl;b;kl:pl;b;     N};S$               
1947: N->i(W)M;           i=l;w(i){kl:pl;b;kl:pl;b;     N};S$               
1947: SAVESTATE:          96
1947:                     i=l;w(i){kl:pl;b;kl:pl;b;     i(W)M;};S$          
1948:                     =l;w(i){kl:pl;b;kl:pl;b;}     (W)M;};S$           
1949: TS_NOK/NS_NORULECHAIN
1949: RESSTATE            
1949:                     i=l;w(i){kl:pl;b;kl:pl;b;     N};S$               
1950: N->i(W)M;N          i=l;w(i){kl:pl;b;kl:pl;b;     N};S$               
1950: SAVESTATE:          96
1950:                     i=l;w(i){kl:pl;b;kl:pl;b;     i(W)M;N};S$         
1951:                     =l;w(i){kl:pl;b;kl:pl;b;}     (W)M;N};S$          
1952: TS_NOK/NS_NORULECHAIN
1952: RESSTATE            
1952:                     i=l;w(i){kl:pl;b;kl:pl;b;     N};S$               
1953: N->i=E;             i=l;w(i){kl:pl;b;kl:pl;b;     N};S$               
1953: SAVESTATE:          96
1953:                     i=l;w(i){kl:pl;b;kl:pl;b;     i=E;};S$            
1954:                     =l;w(i){kl:pl;b;kl:pl;b;}     =E;};S$             
1955:                     l;w(i){kl:pl;b;kl:pl;b;};     E;};S$              
1956: E->l                l;w(i){kl:pl;b;kl:pl;b;};     E;};S$              
1956: SAVESTATE:          97
1956:                     l;w(i){kl:pl;b;kl:pl;b;};     l;};S$              
1957:                     ;w(i){kl:pl;b;kl:pl;b;};r     ;};S$               
1958:                     w(i){kl:pl;b;kl:pl;b;};ri     };S$                
1959: TS_NOK/NS_NORULECHAIN
1959: RESSTATE            
1959:                     l;w(i){kl:pl;b;kl:pl;b;};     E;};S$              
1960: E->lM               l;w(i){kl:pl;b;kl:pl;b;};     E;};S$              
1960: SAVESTATE:          97
1960:                     l;w(i){kl:pl;b;kl:pl;b;};     lM;};S$             
1961:                     ;w(i){kl:pl;b;kl:pl;b;};r     M;};S$              
1962: TNS_NORULECHAIN/NS_NORULE
1962: RESSTATE            
1962:                     l;w(i){kl:pl;b;kl:pl;b;};     E;};S$              
1963: TNS_NORULECHAIN/NS_NORULE
1963: RESSTATE            
1963:                     i=l;w(i){kl:pl;b;kl:pl;b;     N};S$               
1964: N->i=E;N            i=l;w(i){kl:pl;b;kl:pl;b;     N};S$               
1964: SAVESTATE:          96
1964:                     i=l;w(i){kl:pl;b;kl:pl;b;     i=E;N};S$           
1965:                     =l;w(i){kl:pl;b;kl:pl;b;}     =E;N};S$            
1966:                     l;w(i){kl:pl;b;kl:pl;b;};     E;N};S$             
1967: E->l                l;w(i){kl:pl;b;kl:pl;b;};     E;N};S$             
1967: SAVESTATE:          97
1967:                     l;w(i){kl:pl;b;kl:pl;b;};     l;N};S$             
1968:                     ;w(i){kl:pl;b;kl:pl;b;};r     ;N};S$              
1969:                     w(i){kl:pl;b;kl:pl;b;};ri     N};S$               
1970: N->w(E){N};         w(i){kl:pl;b;kl:pl;b;};ri     N};S$               
1970: SAVESTATE:          98
1970:                     w(i){kl:pl;b;kl:pl;b;};ri     w(E){N};};S$        
1971:                     (i){kl:pl;b;kl:pl;b;};ri;     (E){N};};S$         
1972:                     i){kl:pl;b;kl:pl;b;};ri;}     E){N};};S$          
1973: E->i()              i){kl:pl;b;kl:pl;b;};ri;}     E){N};};S$          
1973: SAVESTATE:          99
1973:                     i){kl:pl;b;kl:pl;b;};ri;}     i()){N};};S$        
1974:                     ){kl:pl;b;kl:pl;b;};ri;};     ()){N};};S$         
1975: TS_NOK/NS_NORULECHAIN
1975: RESSTATE            
1975:                     i){kl:pl;b;kl:pl;b;};ri;}     E){N};};S$          
1976: E->i()M             i){kl:pl;b;kl:pl;b;};ri;}     E){N};};S$          
1976: SAVESTATE:          99
1976:                     i){kl:pl;b;kl:pl;b;};ri;}     i()M){N};};S$       
1977:                     ){kl:pl;b;kl:pl;b;};ri;};     ()M){N};};S$        
1978: TS_NOK/NS_NORULECHAIN
1978: RESSTATE            
1978:                     i){kl:pl;b;kl:pl;b;};ri;}     E){N};};S$          
1979: E->i(W)             i){kl:pl;b;kl:pl;b;};ri;}     E){N};};S$          
1979: SAVESTATE:          99
1979:                     i){kl:pl;b;kl:pl;b;};ri;}     i(W)){N};};S$       
1980:                     ){kl:pl;b;kl:pl;b;};ri;};     (W)){N};};S$        
1981: TS_NOK/NS_NORULECHAIN
1981: RESSTATE            
1981:                     i){kl:pl;b;kl:pl;b;};ri;}     E){N};};S$          
1982: E->i(W)M            i){kl:pl;b;kl:pl;b;};ri;}     E){N};};S$          
1982: SAVESTATE:          99
1982:                     i){kl:pl;b;kl:pl;b;};ri;}     i(W)M){N};};S$      
1983:                     ){kl:pl;b;kl:pl;b;};ri;};     (W)M){N};};S$       
1984: TS_NOK/NS_NORULECHAIN
1984: RESSTATE            
1984:                     i){kl:pl;b;kl:pl;b;};ri;}     E){N};};S$          
1985: E->i                i){kl:pl;b;kl:pl;b;};ri;}     E){N};};S$          
1985: SAVESTATE:          99
1985:                     i){kl:pl;b;kl:pl;b;};ri;}     i){N};};S$          
1986:                     ){kl:pl;b;kl:pl;b;};ri;};     ){N};};S$           
1987:                     {kl:pl;b;kl:pl;b;};ri;};m     {N};};S$            
1988:                     kl:pl;b;kl:pl;b;};ri;};m{     N};};S$             
1989: N->kl:N             kl:pl;b;kl:pl;b;};ri;};m{     N};};S$             
1989: SAVESTATE:          100
1989:                     kl:pl;b;kl:pl;b;};ri;};m{     kl:N};};S$          
1990:                     l:pl;b;kl:pl;b;};ri;};m{t     l:N};};S$           
1991:                     :pl;b;kl:pl;b;};ri;};m{ti     :N};};S$            
1992:                     pl;b;kl:pl;b;};ri;};m{ti;     N};};S$             
1993: N->pE;              pl;b;kl:pl;b;};ri;};m{ti;     N};};S$             
1993: SAVESTATE:          101
1993:                     pl;b;kl:pl;b;};ri;};m{ti;     pE;};};S$           
1994:                     l;b;kl:pl;b;};ri;};m{ti;t     E;};};S$            
1995: E->l                l;b;kl:pl;b;};ri;};m{ti;t     E;};};S$            
1995: SAVESTATE:          102
1995:                     l;b;kl:pl;b;};ri;};m{ti;t     l;};};S$            
1996:                     ;b;kl:pl;b;};ri;};m{ti;ti     ;};};S$             
1997:                     b;kl:pl;b;};ri;};m{ti;ti;     };};S$              
1998: TS_NOK/NS_NORULECHAIN
1998: RESSTATE            
1998:                     l;b;kl:pl;b;};ri;};m{ti;t     E;};};S$            
1999: E->lM               l;b;kl:pl;b;};ri;};m{ti;t     E;};};S$            
1999: SAVESTATE:          102
1999:                     l;b;kl:pl;b;};ri;};m{ti;t     lM;};};S$           
2000:                     ;b;kl:pl;b;};ri;};m{ti;ti     M;};};S$            
2001: TNS_NORULECHAIN/NS_NORULE
2001: RESSTATE            
2001:                     l;b;kl:pl;b;};ri;};m{ti;t     E;};};S$            
2002: TNS_NORULECHAIN/NS_NORULE
2002: RESSTATE            
2002:                     pl;b;kl:pl;b;};ri;};m{ti;     N};};S$             
2003: N->pE;N             pl;b;kl:pl;b;};ri;};m{ti;     N};};S$             
2003: SAVESTATE:          101
2003:                     pl;b;kl:pl;b;};ri;};m{ti;     pE;N};};S$          
2004:                     l;b;kl:pl;b;};ri;};m{ti;t     E;N};};S$           
2005: E->l                l;b;kl:pl;b;};ri;};m{ti;t     E;N};};S$           
2005: SAVESTATE:          102
2005:                     l;b;kl:pl;b;};ri;};m{ti;t     l;N};};S$           
2006:                     ;b;kl:pl;b;};ri;};m{ti;ti     ;N};};S$            
2007:                     b;kl:pl;b;};ri;};m{ti;ti;     N};};S$             
2008: N->b;N              b;kl:pl;b;};ri;};m{ti;ti;     N};};S$             
2008: SAVESTATE:          103
2008:                     b;kl:pl;b;};ri;};m{ti;ti;     b;N};};S$           
2009:                     ;kl:pl;b;};ri;};m{ti;ti;t     ;N};};S$            
2010:                     kl:pl;b;};ri;};m{ti;ti;ti     N};};S$             
2011: N->kl:N             kl:pl;b;};ri;};m{ti;ti;ti     N};};S$             
2011: SAVESTATE:          104
2011:                     kl:pl;b;};ri;};m{ti;ti;ti     kl:N};};S$          
2012:                     l:pl;b;};ri;};m{ti;ti;ti;     l:N};};S$           
2013:                     :pl;b;};ri;};m{ti;ti;ti;p     :N};};S$            
2014:                     pl;b;};ri;};m{ti;ti;ti;pl     N};};S$             
2015: N->pE;              pl;b;};ri;};m{ti;ti;ti;pl     N};};S$             
2015: SAVESTATE:          105
2015:                     pl;b;};ri;};m{ti;ti;ti;pl     pE;};};S$           
2016:                     l;b;};ri;};m{ti;ti;ti;pl;     E;};};S$            
2017: E->l                l;b;};ri;};m{ti;ti;ti;pl;     E;};};S$            
2017: SAVESTATE:          106
2017:                     l;b;};ri;};m{ti;ti;ti;pl;     l;};};S$            
2018:                     ;b;};ri;};m{ti;ti;ti;pl;p     ;};};S$             
2019:                     b;};ri;};m{ti;ti;ti;pl;pl     };};S$              
2020: TS_NOK/NS_NORULECHAIN
2020: RESSTATE            
2020:                     l;b;};ri;};m{ti;ti;ti;pl;     E;};};S$            
2021: E->lM               l;b;};ri;};m{ti;ti;ti;pl;     E;};};S$            
2021: SAVESTATE:          106
2021:                     l;b;};ri;};m{ti;ti;ti;pl;     lM;};};S$           
2022:                     ;b;};ri;};m{ti;ti;ti;pl;p     M;};};S$            
2023: TNS_NORULECHAIN/NS_NORULE
2023: RESSTATE            
2023:                     l;b;};ri;};m{ti;ti;ti;pl;     E;};};S$            
2024: TNS_NORULECHAIN/NS_NORULE
2024: RESSTATE            
2024:                     pl;b;};ri;};m{ti;ti;ti;pl     N};};S$             
2025: N->pE;N             pl;b;};ri;};m{ti;ti;ti;pl     N};};S$             
2025: SAVESTATE:          105
2025:                     pl;b;};ri;};m{ti;ti;ti;pl     pE;N};};S$          
2026:                     l;b;};ri;};m{ti;ti;ti;pl;     E;N};};S$           
2027: E->l                l;b;};ri;};m{ti;ti;ti;pl;     E;N};};S$           
2027: SAVESTATE:          106
2027:                     l;b;};ri;};m{ti;ti;ti;pl;     l;N};};S$           
2028:                     ;b;};ri;};m{ti;ti;ti;pl;p     ;N};};S$            
2029:                     b;};ri;};m{ti;ti;ti;pl;pl     N};};S$             
2030: N->b;N              b;};ri;};m{ti;ti;ti;pl;pl     N};};S$             
2030: SAVESTATE:          107
2030:                     b;};ri;};m{ti;ti;ti;pl;pl     b;N};};S$           
2031:                     ;};ri;};m{ti;ti;ti;pl;pl;     ;N};};S$            
2032:                     };ri;};m{ti;ti;ti;pl;pl;p     N};};S$             
2033: TNS_NORULECHAIN/NS_NORULE
2033: RESSTATE            
2033:                     b;};ri;};m{ti;ti;ti;pl;pl     N};};S$             
2034: N->b;               b;};ri;};m{ti;ti;ti;pl;pl     N};};S$             
2034: SAVESTATE:          107
2034:                     b;};ri;};m{ti;ti;ti;pl;pl     b;};};S$            
2035:                     ;};ri;};m{ti;ti;ti;pl;pl;     ;};};S$             
2036:                     };ri;};m{ti;ti;ti;pl;pl;p     };};S$              
2037:                     ;ri;};m{ti;ti;ti;pl;pl;pi     ;};S$               
2038:                     ri;};m{ti;ti;ti;pl;pl;pi;     };S$                
2039: TS_NOK/NS_NORULECHAIN
2039: RESSTATE            
2039:                     b;};ri;};m{ti;ti;ti;pl;pl     N};};S$             
2040: TNS_NORULECHAIN/NS_NORULE
2040: RESSTATE            
2040:                     l;b;};ri;};m{ti;ti;ti;pl;     E;N};};S$           
2041: E->lM               l;b;};ri;};m{ti;ti;ti;pl;     E;N};};S$           
2041: SAVESTATE:          106
2041:                     l;b;};ri;};m{ti;ti;ti;pl;     lM;N};};S$          
2042:                     ;b;};ri;};m{ti;ti;ti;pl;p     M;N};};S$           
2043: TNS_NORULECHAIN/NS_NORULE
2043: RESSTATE            
2043:                     l;b;};ri;};m{ti;ti;ti;pl;     E;N};};S$           
2044: TNS_NORULECHAIN/NS_NORULE
2044: RESSTATE            
2044:                     pl;b;};ri;};m{ti;ti;ti;pl     N};};S$             
2045: TNS_NORULECHAIN/NS_NORULE
2045: RESSTATE            
2045:                     kl:pl;b;};ri;};m{ti;ti;ti     N};};S$             
2046: N->kl:              kl:pl;b;};ri;};m{ti;ti;ti     N};};S$             
2046: SAVESTATE:          104
2046:                     kl:pl;b;};ri;};m{ti;ti;ti     kl:};};S$           
2047:                     l:pl;b;};ri;};m{ti;ti;ti;     l:};};S$            
2048:                     :pl;b;};ri;};m{ti;ti;ti;p     :};};S$             
2049:                     pl;b;};ri;};m{ti;ti;ti;pl     };};S$              
2050: TS_NOK/NS_NORULECHAIN
2050: RESSTATE            
2050:                     kl:pl;b;};ri;};m{ti;ti;ti     N};};S$             
2051: TNS_NORULECHAIN/NS_NORULE
2051: RESSTATE            
2051:                     b;kl:pl;b;};ri;};m{ti;ti;     N};};S$             
2052: N->b;               b;kl:pl;b;};ri;};m{ti;ti;     N};};S$             
2052: SAVESTATE:          103
2052:                     b;kl:pl;b;};ri;};m{ti;ti;     b;};};S$            
2053:                     ;kl:pl;b;};ri;};m{ti;ti;t     ;};};S$             
2054:                     kl:pl;b;};ri;};m{ti;ti;ti     };};S$              
2055: TS_NOK/NS_NORULECHAIN
2055: RESSTATE            
2055:                     b;kl:pl;b;};ri;};m{ti;ti;     N};};S$             
2056: TNS_NORULECHAIN/NS_NORULE
2056: RESSTATE            
2056:                     l;b;kl:pl;b;};ri;};m{ti;t     E;N};};S$           
2057: E->lM               l;b;kl:pl;b;};ri;};m{ti;t     E;N};};S$           
2057: SAVESTATE:          102
2057:                     l;b;kl:pl;b;};ri;};m{ti;t     lM;N};};S$          
2058:                     ;b;kl:pl;b;};ri;};m{ti;ti     M;N};};S$           
2059: TNS_NORULECHAIN/NS_NORULE
2059: RESSTATE            
2059:                     l;b;kl:pl;b;};ri;};m{ti;t     E;N};};S$           
2060: TNS_NORULECHAIN/NS_NORULE
2060: RESSTATE            
2060:                     pl;b;kl:pl;b;};ri;};m{ti;     N};};S$             
2061: TNS_NORULECHAIN/NS_NORULE
2061: RESSTATE            
2061:                     kl:pl;b;kl:pl;b;};ri;};m{     N};};S$             
2062: N->kl:              kl:pl;b;kl:pl;b;};ri;};m{     N};};S$             
2062: SAVESTATE:          100
2062:                     kl:pl;b;kl:pl;b;};ri;};m{     kl:};};S$           
2063:                     l:pl;b;kl:pl;b;};ri;};m{t     l:};};S$            
2064:                     :pl;b;kl:pl;b;};ri;};m{ti     :};};S$             
2065:                     pl;b;kl:pl;b;};ri;};m{ti;     };};S$              
2066: TS_NOK/NS_NORULECHAIN
2066: RESSTATE            
2066:                     kl:pl;b;kl:pl;b;};ri;};m{     N};};S$             
2067: TNS_NORULECHAIN/NS_NORULE
2067: RESSTATE            
2067:                     i){kl:pl;b;kl:pl;b;};ri;}     E){N};};S$          
2068: E->iM               i){kl:pl;b;kl:pl;b;};ri;}     E){N};};S$          
2068: SAVESTATE:          99
2068:                     i){kl:pl;b;kl:pl;b;};ri;}     iM){N};};S$         
2069:                     ){kl:pl;b;kl:pl;b;};ri;};     M){N};};S$          
2070: TNS_NORULECHAIN/NS_NORULE
2070: RESSTATE            
2070:                     i){kl:pl;b;kl:pl;b;};ri;}     E){N};};S$          
2071: TNS_NORULECHAIN/NS_NORULE
2071: RESSTATE            
2071:                     w(i){kl:pl;b;kl:pl;b;};ri     N};S$               
2072: N->w(E){N};N        w(i){kl:pl;b;kl:pl;b;};ri     N};S$               
2072: SAVESTATE:          98
2072:                     w(i){kl:pl;b;kl:pl;b;};ri     w(E){N};N};S$       
2073:                     (i){kl:pl;b;kl:pl;b;};ri;     (E){N};N};S$        
2074:                     i){kl:pl;b;kl:pl;b;};ri;}     E){N};N};S$         
2075: E->i()              i){kl:pl;b;kl:pl;b;};ri;}     E){N};N};S$         
2075: SAVESTATE:          99
2075:                     i){kl:pl;b;kl:pl;b;};ri;}     i()){N};N};S$       
2076:                     ){kl:pl;b;kl:pl;b;};ri;};     ()){N};N};S$        
2077: TS_NOK/NS_NORULECHAIN
2077: RESSTATE            
2077:                     i){kl:pl;b;kl:pl;b;};ri;}     E){N};N};S$         
2078: E->i()M             i){kl:pl;b;kl:pl;b;};ri;}     E){N};N};S$         
2078: SAVESTATE:          99
2078:                     i){kl:pl;b;kl:pl;b;};ri;}     i()M){N};N};S$      
2079:                     ){kl:pl;b;kl:pl;b;};ri;};     ()M){N};N};S$       
2080: TS_NOK/NS_NORULECHAIN
2080: RESSTATE            
2080:                     i){kl:pl;b;kl:pl;b;};ri;}     E){N};N};S$         
2081: E->i(W)             i){kl:pl;b;kl:pl;b;};ri;}     E){N};N};S$         
2081: SAVESTATE:          99
2081:                     i){kl:pl;b;kl:pl;b;};ri;}     i(W)){N};N};S$      
2082:                     ){kl:pl;b;kl:pl;b;};ri;};     (W)){N};N};S$       
2083: TS_NOK/NS_NORULECHAIN
2083: RESSTATE            
2083:                     i){kl:pl;b;kl:pl;b;};ri;}     E){N};N};S$         
2084: E->i(W)M            i){kl:pl;b;kl:pl;b;};ri;}     E){N};N};S$         
2084: SAVESTATE:          99
2084:                     i){kl:pl;b;kl:pl;b;};ri;}     i(W)M){N};N};S$     
2085:                     ){kl:pl;b;kl:pl;b;};ri;};     (W)M){N};N};S$      
2086: TS_NOK/NS_NORULECHAIN
2086: RESSTATE            
2086:                     i){kl:pl;b;kl:pl;b;};ri;}     E){N};N};S$         
2087: E->i                i){kl:pl;b;kl:pl;b;};ri;}     E){N};N};S$         
2087: SAVESTATE:          99
2087:                     i){kl:pl;b;kl:pl;b;};ri;}     i){N};N};S$         
2088:                     ){kl:pl;b;kl:pl;b;};ri;};     ){N};N};S$          
2089:                     {kl:pl;b;kl:pl;b;};ri;};m     {N};N};S$           
2090:                     kl:pl;b;kl:pl;b;};ri;};m{     N};N};S$            
2091: N->kl:N             kl:pl;b;kl:pl;b;};ri;};m{     N};N};S$            
2091: SAVESTATE:          100
2091:                     kl:pl;b;kl:pl;b;};ri;};m{     kl:N};N};S$         
2092:                     l:pl;b;kl:pl;b;};ri;};m{t     l:N};N};S$          
2093:                     :pl;b;kl:pl;b;};ri;};m{ti     :N};N};S$           
2094:                     pl;b;kl:pl;b;};ri;};m{ti;     N};N};S$            
2095: N->pE;              pl;b;kl:pl;b;};ri;};m{ti;     N};N};S$            
2095: SAVESTATE:          101
2095:                     pl;b;kl:pl;b;};ri;};m{ti;     pE;};N};S$          
2096:                     l;b;kl:pl;b;};ri;};m{ti;t     E;};N};S$           
2097: E->l                l;b;kl:pl;b;};ri;};m{ti;t     E;};N};S$           
2097: SAVESTATE:          102
2097:                     l;b;kl:pl;b;};ri;};m{ti;t     l;};N};S$           
2098:                     ;b;kl:pl;b;};ri;};m{ti;ti     ;};N};S$            
2099:                     b;kl:pl;b;};ri;};m{ti;ti;     };N};S$             
2100: TS_NOK/NS_NORULECHAIN
2100: RESSTATE            
2100:                     l;b;kl:pl;b;};ri;};m{ti;t     E;};N};S$           
2101: E->lM               l;b;kl:pl;b;};ri;};m{ti;t     E;};N};S$           
2101: SAVESTATE:          102
2101:                     l;b;kl:pl;b;};ri;};m{ti;t     lM;};N};S$          
2102:                     ;b;kl:pl;b;};ri;};m{ti;ti     M;};N};S$           
2103: TNS_NORULECHAIN/NS_NORULE
2103: RESSTATE            
2103:                     l;b;kl:pl;b;};ri;};m{ti;t     E;};N};S$           
2104: TNS_NORULECHAIN/NS_NORULE
2104: RESSTATE            
2104:                     pl;b;kl:pl;b;};ri;};m{ti;     N};N};S$            
2105: N->pE;N             pl;b;kl:pl;b;};ri;};m{ti;     N};N};S$            
2105: SAVESTATE:          101
2105:                     pl;b;kl:pl;b;};ri;};m{ti;     pE;N};N};S$         
2106:                     l;b;kl:pl;b;};ri;};m{ti;t     E;N};N};S$          
2107: E->l                l;b;kl:pl;b;};ri;};m{ti;t     E;N};N};S$          
2107: SAVESTATE:          102
2107:                     l;b;kl:pl;b;};ri;};m{ti;t     l;N};N};S$          
2108:                     ;b;kl:pl;b;};ri;};m{ti;ti     ;N};N};S$           
2109:                     b;kl:pl;b;};ri;};m{ti;ti;     N};N};S$            
2110: N->b;N              b;kl:pl;b;};ri;};m{ti;ti;     N};N};S$            
2110: SAVESTATE:          103
2110:                     b;kl:pl;b;};ri;};m{ti;ti;     b;N};N};S$          
2111:                     ;kl:pl;b;};ri;};m{ti;ti;t     ;N};N};S$           
2112:                     kl:pl;b;};ri;};m{ti;ti;ti     N};N};S$            
2113: N->kl:N             kl:pl;b;};ri;};m{ti;ti;ti     N};N};S$            
2113: SAVESTATE:          104
2113:                     kl:pl;b;};ri;};m{ti;ti;ti     kl:N};N};S$         
2114:                     l:pl;b;};ri;};m{ti;ti;ti;     l:N};N};S$          
2115:                     :pl;b;};ri;};m{ti;ti;ti;p     :N};N};S$           
2116:                     pl;b;};ri;};m{ti;ti;ti;pl     N};N};S$            
2117: N->pE;              pl;b;};ri;};m{ti;ti;ti;pl     N};N};S$            
2117: SAVESTATE:          105
2117:                     pl;b;};ri;};m{ti;ti;ti;pl     pE;};N};S$          
2118:                     l;b;};ri;};m{ti;ti;ti;pl;     E;};N};S$           
2119: E->l                l;b;};ri;};m{ti;ti;ti;pl;     E;};N};S$           
2119: SAVESTATE:          106
2119:                     l;b;};ri;};m{ti;ti;ti;pl;     l;};N};S$           
2120:                     ;b;};ri;};m{ti;ti;ti;pl;p     ;};N};S$            
2121:                     b;};ri;};m{ti;ti;ti;pl;pl     };N};S$             
2122: TS_NOK/NS_NORULECHAIN
2122: RESSTATE            
2122:                     l;b;};ri;};m{ti;ti;ti;pl;     E;};N};S$           
2123: E->lM               l;b;};ri;};m{ti;ti;ti;pl;     E;};N};S$           
2123: SAVESTATE:          106
2123:                     l;b;};ri;};m{ti;ti;ti;pl;     lM;};N};S$          
2124:                     ;b;};ri;};m{ti;ti;ti;pl;p     M;};N};S$           
2125: TNS_NORULECHAIN/NS_NORULE
2125: RESSTATE            
2125:                     l;b;};ri;};m{ti;ti;ti;pl;     E;};N};S$           
2126: TNS_NORULECHAIN/NS_NORULE
2126: RESSTATE            
2126:                     pl;b;};ri;};m{ti;ti;ti;pl     N};N};S$            
2127: N->pE;N             pl;b;};ri;};m{ti;ti;ti;pl     N};N};S$            
2127: SAVESTATE:          105
2127:                     pl;b;};ri;};m{ti;ti;ti;pl     pE;N};N};S$         
2128:                     l;b;};ri;};m{ti;ti;ti;pl;     E;N};N};S$          
2129: E->l                l;b;};ri;};m{ti;ti;ti;pl;     E;N};N};S$          
2129: SAVESTATE:          106
2129:                     l;b;};ri;};m{ti;ti;ti;pl;     l;N};N};S$          
2130:                     ;b;};ri;};m{ti;ti;ti;pl;p     ;N};N};S$           
2131:                     b;};ri;};m{ti;ti;ti;pl;pl     N};N};S$            
2132: N->b;N              b;};ri;};m{ti;ti;ti;pl;pl     N};N};S$            
2132: SAVESTATE:          107
2132:                     b;};ri;};m{ti;ti;ti;pl;pl     b;N};N};S$          
2133:                     ;};ri;};m{ti;ti;ti;pl;pl;     ;N};N};S$           
2134:                     };ri;};m{ti;ti;ti;pl;pl;p     N};N};S$            
2135: TNS_NORULECHAIN/NS_NORULE
2135: RESSTATE            
2135:                     b;};ri;};m{ti;ti;ti;pl;pl     N};N};S$            
2136: N->b;               b;};ri;};m{ti;ti;ti;pl;pl     N};N};S$            
2136: SAVESTATE:          107
2136:                     b;};ri;};m{ti;ti;ti;pl;pl     b;};N};S$           
2137:                     ;};ri;};m{ti;ti;ti;pl;pl;     ;};N};S$            
2138:                     };ri;};m{ti;ti;ti;pl;pl;p     };N};S$             
2139:                     ;ri;};m{ti;ti;ti;pl;pl;pi     ;N};S$              
2140:                     ri;};m{ti;ti;ti;pl;pl;pi;     N};S$               
2141: N->rE;              ri;};m{ti;ti;ti;pl;pl;pi;     N};S$               
2141: SAVESTATE:          108
2141:                     ri;};m{ti;ti;ti;pl;pl;pi;     rE;};S$             
2142:                     i;};m{ti;ti;ti;pl;pl;pi;p     E;};S$              
2143: E->i()              i;};m{ti;ti;ti;pl;pl;pi;p     E;};S$              
2143: SAVESTATE:          109
2143:                     i;};m{ti;ti;ti;pl;pl;pi;p     i();};S$            
2144:                     ;};m{ti;ti;ti;pl;pl;pi;pl     ();};S$             
2145: TS_NOK/NS_NORULECHAIN
2145: RESSTATE            
2145:                     i;};m{ti;ti;ti;pl;pl;pi;p     E;};S$              
2146: E->i()M             i;};m{ti;ti;ti;pl;pl;pi;p     E;};S$              
2146: SAVESTATE:          109
2146:                     i;};m{ti;ti;ti;pl;pl;pi;p     i()M;};S$           
2147:                     ;};m{ti;ti;ti;pl;pl;pi;pl     ()M;};S$            
2148: TS_NOK/NS_NORULECHAIN
2148: RESSTATE            
2148:                     i;};m{ti;ti;ti;pl;pl;pi;p     E;};S$              
2149: E->i(W)             i;};m{ti;ti;ti;pl;pl;pi;p     E;};S$              
2149: SAVESTATE:          109
2149:                     i;};m{ti;ti;ti;pl;pl;pi;p     i(W);};S$           
2150:                     ;};m{ti;ti;ti;pl;pl;pi;pl     (W);};S$            
2151: TS_NOK/NS_NORULECHAIN
2151: RESSTATE            
2151:                     i;};m{ti;ti;ti;pl;pl;pi;p     E;};S$              
2152: E->i(W)M            i;};m{ti;ti;ti;pl;pl;pi;p     E;};S$              
2152: SAVESTATE:          109
2152:                     i;};m{ti;ti;ti;pl;pl;pi;p     i(W)M;};S$          
2153:                     ;};m{ti;ti;ti;pl;pl;pi;pl     (W)M;};S$           
2154: TS_NOK/NS_NORULECHAIN
2154: RESSTATE            
2154:                     i;};m{ti;ti;ti;pl;pl;pi;p     E;};S$              
2155: E->i                i;};m{ti;ti;ti;pl;pl;pi;p     E;};S$              
2155: SAVESTATE:          109
2155:                     i;};m{ti;ti;ti;pl;pl;pi;p     i;};S$              
2156:                     ;};m{ti;ti;ti;pl;pl;pi;pl     ;};S$               
2157:                     };m{ti;ti;ti;pl;pl;pi;pl;     };S$                
2158:                     ;m{ti;ti;ti;pl;pl;pi;pl;p     ;S$                 
2159:                     m{ti;ti;ti;pl;pl;pi;pl;pi     S$                  
2160: S->m{N};            m{ti;ti;ti;pl;pl;pi;pl;pi     S$                  
2160: SAVESTATE:          110
2160:                     m{ti;ti;ti;pl;pl;pi;pl;pi     m{N};$              
2161:                     {ti;ti;ti;pl;pl;pi;pl;pi;     {N};$               
2162:                     ti;ti;ti;pl;pl;pi;pl;pi;p     N};$                
2163: N->ti;              ti;ti;ti;pl;pl;pi;pl;pi;p     N};$                
2163: SAVESTATE:          111
2163:                     ti;ti;ti;pl;pl;pi;pl;pi;p     ti;};$              
2164:                     i;ti;ti;pl;pl;pi;pl;pi;pl     i;};$               
2165:                     ;ti;ti;pl;pl;pi;pl;pi;pl;     ;};$                
2166:                     ti;ti;pl;pl;pi;pl;pi;pl;p     };$                 
2167: TS_NOK/NS_NORULECHAIN
2167: RESSTATE            
2167:                     ti;ti;ti;pl;pl;pi;pl;pi;p     N};$                
2168: N->ti;N             ti;ti;ti;pl;pl;pi;pl;pi;p     N};$                
2168: SAVESTATE:          111
2168:                     ti;ti;ti;pl;pl;pi;pl;pi;p     ti;N};$             
2169:                     i;ti;ti;pl;pl;pi;pl;pi;pl     i;N};$              
2170:                     ;ti;ti;pl;pl;pi;pl;pi;pl;     ;N};$               
2171:                     ti;ti;pl;pl;pi;pl;pi;pl;p     N};$                
2172: N->ti;              ti;ti;pl;pl;pi;pl;pi;pl;p     N};$                
2172: SAVESTATE:          112
2172:                     ti;ti;pl;pl;pi;pl;pi;pl;p     ti;};$              
2173:                     i;ti;pl;pl;pi;pl;pi;pl;pi     i;};$               
2174:                     ;ti;pl;pl;pi;pl;pi;pl;pi;     ;};$                
2175:                     ti;pl;pl;pi;pl;pi;pl;pi;i     };$                 
2176: TS_NOK/NS_NORULECHAIN
2176: RESSTATE            
2176:                     ti;ti;pl;pl;pi;pl;pi;pl;p     N};$                
2177: N->ti;N             ti;ti;pl;pl;pi;pl;pi;pl;p     N};$                
2177: SAVESTATE:          112
2177:                     ti;ti;pl;pl;pi;pl;pi;pl;p     ti;N};$             
2178:                     i;ti;pl;pl;pi;pl;pi;pl;pi     i;N};$              
2179:                     ;ti;pl;pl;pi;pl;pi;pl;pi;     ;N};$               
2180:                     ti;pl;pl;pi;pl;pi;pl;pi;i     N};$                
2181: N->ti;              ti;pl;pl;pi;pl;pi;pl;pi;i     N};$                
2181: SAVESTATE:          113
2181:                     ti;pl;pl;pi;pl;pi;pl;pi;i     ti;};$              
2182:                     i;pl;pl;pi;pl;pi;pl;pi;i=     i;};$               
2183:                     ;pl;pl;pi;pl;pi;pl;pi;i=l     ;};$                
2184:                     pl;pl;pi;pl;pi;pl;pi;i=l;     };$                 
2185: TS_NOK/NS_NORULECHAIN
2185: RESSTATE            
2185:                     ti;pl;pl;pi;pl;pi;pl;pi;i     N};$                
2186: N->ti;N             ti;pl;pl;pi;pl;pi;pl;pi;i     N};$                
2186: SAVESTATE:          113
2186:                     ti;pl;pl;pi;pl;pi;pl;pi;i     ti;N};$             
2187:                     i;pl;pl;pi;pl;pi;pl;pi;i=     i;N};$              
2188:                     ;pl;pl;pi;pl;pi;pl;pi;i=l     ;N};$               
2189:                     pl;pl;pi;pl;pi;pl;pi;i=l;     N};$                
2190: N->pE;              pl;pl;pi;pl;pi;pl;pi;i=l;     N};$                
2190: SAVESTATE:          114
2190:                     pl;pl;pi;pl;pi;pl;pi;i=l;     pE;};$              
2191:                     l;pl;pi;pl;pi;pl;pi;i=l;i     E;};$               
2192: E->l                l;pl;pi;pl;pi;pl;pi;i=l;i     E;};$               
2192: SAVESTATE:          115
2192:                     l;pl;pi;pl;pi;pl;pi;i=l;i     l;};$               
2193:                     ;pl;pi;pl;pi;pl;pi;i=l;i=     ;};$                
2194:                     pl;pi;pl;pi;pl;pi;i=l;i=l     };$                 
2195: TS_NOK/NS_NORULECHAIN
2195: RESSTATE            
2195:                     l;pl;pi;pl;pi;pl;pi;i=l;i     E;};$               
2196: E->lM               l;pl;pi;pl;pi;pl;pi;i=l;i     E;};$               
2196: SAVESTATE:          115
2196:                     l;pl;pi;pl;pi;pl;pi;i=l;i     lM;};$              
2197:                     ;pl;pi;pl;pi;pl;pi;i=l;i=     M;};$               
2198: TNS_NORULECHAIN/NS_NORULE
2198: RESSTATE            
2198:                     l;pl;pi;pl;pi;pl;pi;i=l;i     E;};$               
2199: TNS_NORULECHAIN/NS_NORULE
2199: RESSTATE            
2199:                     pl;pl;pi;pl;pi;pl;pi;i=l;     N};$                
2200: N->pE;N             pl;pl;pi;pl;pi;pl;pi;i=l;     N};$                
2200: SAVESTATE:          114
2200:                     pl;pl;pi;pl;pi;pl;pi;i=l;     pE;N};$             
2201:                     l;pl;pi;pl;pi;pl;pi;i=l;i     E;N};$              
2202: E->l                l;pl;pi;pl;pi;pl;pi;i=l;i     E;N};$              
2202: SAVESTATE:          115
2202:                     l;pl;pi;pl;pi;pl;pi;i=l;i     l;N};$              
2203:                     ;pl;pi;pl;pi;pl;pi;i=l;i=     ;N};$               
2204:                     pl;pi;pl;pi;pl;pi;i=l;i=l     N};$                
2205: N->pE;              pl;pi;pl;pi;pl;pi;i=l;i=l     N};$                
2205: SAVESTATE:          116
2205:                     pl;pi;pl;pi;pl;pi;i=l;i=l     pE;};$              
2206:                     l;pi;pl;pi;pl;pi;i=l;i=l;     E;};$               
2207: E->l                l;pi;pl;pi;pl;pi;i=l;i=l;     E;};$               
2207: SAVESTATE:          117
2207:                     l;pi;pl;pi;pl;pi;i=l;i=l;     l;};$               
2208:                     ;pi;pl;pi;pl;pi;i=l;i=l;i     ;};$                
2209:                     pi;pl;pi;pl;pi;i=l;i=l;i=     };$                 
2210: TS_NOK/NS_NORULECHAIN
2210: RESSTATE            
2210:                     l;pi;pl;pi;pl;pi;i=l;i=l;     E;};$               
2211: E->lM               l;pi;pl;pi;pl;pi;i=l;i=l;     E;};$               
2211: SAVESTATE:          117
2211:                     l;pi;pl;pi;pl;pi;i=l;i=l;     lM;};$              
2212:                     ;pi;pl;pi;pl;pi;i=l;i=l;i     M;};$               
2213: TNS_NORULECHAIN/NS_NORULE
2213: RESSTATE            
2213:                     l;pi;pl;pi;pl;pi;i=l;i=l;     E;};$               
2214: TNS_NORULECHAIN/NS_NORULE
2214: RESSTATE            
2214:                     pl;pi;pl;pi;pl;pi;i=l;i=l     N};$                
2215: N->pE;N             pl;pi;pl;pi;pl;pi;i=l;i=l     N};$                
2215: SAVESTATE:          116
2215:                     pl;pi;pl;pi;pl;pi;i=l;i=l     pE;N};$             
2216:                     l;pi;pl;pi;pl;pi;i=l;i=l;     E;N};$              
2217: E->l                l;pi;pl;pi;pl;pi;i=l;i=l;     E;N};$              
2217: SAVESTATE:          117
2217:                     l;pi;pl;pi;pl;pi;i=l;i=l;     l;N};$              
2218:                     ;pi;pl;pi;pl;pi;i=l;i=l;i     ;N};$               
2219:                     pi;pl;pi;pl;pi;i=l;i=l;i=     N};$                
2220: N->pE;              pi;pl;pi;pl;pi;i=l;i=l;i=     N};$                
2220: SAVESTATE:          118
2220:                     pi;pl;pi;pl;pi;i=l;i=l;i=     pE;};$              
2221:                     i;pl;pi;pl;pi;i=l;i=l;i=l     E;};$               
2222: E->i()              i;pl;pi;pl;pi;i=l;i=l;i=l     E;};$               
2222: SAVESTATE:          119
2222:                     i;pl;pi;pl;pi;i=l;i=l;i=l     i();};$             
2223:                     ;pl;pi;pl;pi;i=l;i=l;i=l;     ();};$              
2224: TS_NOK/NS_NORULECHAIN
2224: RESSTATE            
2224:                     i;pl;pi;pl;pi;i=l;i=l;i=l     E;};$               
2225: E->i()M             i;pl;pi;pl;pi;i=l;i=l;i=l     E;};$               
2225: SAVESTATE:          119
2225:                     i;pl;pi;pl;pi;i=l;i=l;i=l     i()M;};$            
2226:                     ;pl;pi;pl;pi;i=l;i=l;i=l;     ()M;};$             
2227: TS_NOK/NS_NORULECHAIN
2227: RESSTATE            
2227:                     i;pl;pi;pl;pi;i=l;i=l;i=l     E;};$               
2228: E->i(W)             i;pl;pi;pl;pi;i=l;i=l;i=l     E;};$               
2228: SAVESTATE:          119
2228:                     i;pl;pi;pl;pi;i=l;i=l;i=l     i(W);};$            
2229:                     ;pl;pi;pl;pi;i=l;i=l;i=l;     (W);};$             
2230: TS_NOK/NS_NORULECHAIN
2230: RESSTATE            
2230:                     i;pl;pi;pl;pi;i=l;i=l;i=l     E;};$               
2231: E->i(W)M            i;pl;pi;pl;pi;i=l;i=l;i=l     E;};$               
2231: SAVESTATE:          119
2231:                     i;pl;pi;pl;pi;i=l;i=l;i=l     i(W)M;};$           
2232:                     ;pl;pi;pl;pi;i=l;i=l;i=l;     (W)M;};$            
2233: TS_NOK/NS_NORULECHAIN
2233: RESSTATE            
2233:                     i;pl;pi;pl;pi;i=l;i=l;i=l     E;};$               
2234: E->i                i;pl;pi;pl;pi;i=l;i=l;i=l     E;};$               
2234: SAVESTATE:          119
2234:                     i;pl;pi;pl;pi;i=l;i=l;i=l     i;};$               
2235:                     ;pl;pi;pl;pi;i=l;i=l;i=l;     ;};$                
2236:                     pl;pi;pl;pi;i=l;i=l;i=l;p     };$                 
2237: TS_NOK/NS_NORULECHAIN
2237: RESSTATE            
2237:                     i;pl;pi;pl;pi;i=l;i=l;i=l     E;};$               
2238: E->iM               i;pl;pi;pl;pi;i=l;i=l;i=l     E;};$               
2238: SAVESTATE:          119
2238:                     i;pl;pi;pl;pi;i=l;i=l;i=l     iM;};$              
2239:                     ;pl;pi;pl;pi;i=l;i=l;i=l;     M;};$               
2240: TNS_NORULECHAIN/NS_NORULE
2240: RESSTATE            
2240:                     i;pl;pi;pl;pi;i=l;i=l;i=l     E;};$               
2241: TNS_NORULECHAIN/NS_NORULE
2241: RESSTATE            
2241:                     pi;pl;pi;pl;pi;i=l;i=l;i=     N};$                
2242: N->pE;N             pi;pl;pi;pl;pi;i=l;i=l;i=     N};$                
2242: SAVESTATE:          118
2242:                     pi;pl;pi;pl;pi;i=l;i=l;i=     pE;N};$             
2243:                     i;pl;pi;pl;pi;i=l;i=l;i=l     E;N};$              
2244: E->i()              i;pl;pi;pl;pi;i=l;i=l;i=l     E;N};$              
2244: SAVESTATE:          119
2244:                     i;pl;pi;pl;pi;i=l;i=l;i=l     i();N};$            
2245:                     ;pl;pi;pl;pi;i=l;i=l;i=l;     ();N};$             
2246: TS_NOK/NS_NORULECHAIN
2246: RESSTATE            
2246:                     i;pl;pi;pl;pi;i=l;i=l;i=l     E;N};$              
2247: E->i()M             i;pl;pi;pl;pi;i=l;i=l;i=l     E;N};$              
2247: SAVESTATE:          119
2247:                     i;pl;pi;pl;pi;i=l;i=l;i=l     i()M;N};$           
2248:                     ;pl;pi;pl;pi;i=l;i=l;i=l;     ()M;N};$            
2249: TS_NOK/NS_NORULECHAIN
2249: RESSTATE            
2249:                     i;pl;pi;pl;pi;i=l;i=l;i=l     E;N};$              
2250: E->i(W)             i;pl;pi;pl;pi;i=l;i=l;i=l     E;N};$              
2250: SAVESTATE:          119
2250:                     i;pl;pi;pl;pi;i=l;i=l;i=l     i(W);N};$           
2251:                     ;pl;pi;pl;pi;i=l;i=l;i=l;     (W);N};$            
2252: TS_NOK/NS_NORULECHAIN
2252: RESSTATE            
2252:                     i;pl;pi;pl;pi;i=l;i=l;i=l     E;N};$              
2253: E->i(W)M            i;pl;pi;pl;pi;i=l;i=l;i=l     E;N};$              
2253: SAVESTATE:          119
2253:                     i;pl;pi;pl;pi;i=l;i=l;i=l     i(W)M;N};$          
2254:                     ;pl;pi;pl;pi;i=l;i=l;i=l;     (W)M;N};$           
2255: TS_NOK/NS_NORULECHAIN
2255: RESSTATE            
2255:                     i;pl;pi;pl;pi;i=l;i=l;i=l     E;N};$              
2256: E->i                i;pl;pi;pl;pi;i=l;i=l;i=l     E;N};$              
2256: SAVESTATE:          119
2256:                     i;pl;pi;pl;pi;i=l;i=l;i=l     i;N};$              
2257:                     ;pl;pi;pl;pi;i=l;i=l;i=l;     ;N};$               
2258:                     pl;pi;pl;pi;i=l;i=l;i=l;p     N};$                
2259: N->pE;              pl;pi;pl;pi;i=l;i=l;i=l;p     N};$                
2259: SAVESTATE:          120
2259:                     pl;pi;pl;pi;i=l;i=l;i=l;p     pE;};$              
2260:                     l;pi;pl;pi;i=l;i=l;i=l;pl     E;};$               
2261: E->l                l;pi;pl;pi;i=l;i=l;i=l;pl     E;};$               
2261: SAVESTATE:          121
2261:                     l;pi;pl;pi;i=l;i=l;i=l;pl     l;};$               
2262:                     ;pi;pl;pi;i=l;i=l;i=l;pl;     ;};$                
2263:                     pi;pl;pi;i=l;i=l;i=l;pl;p     };$                 
2264: TS_NOK/NS_NORULECHAIN
2264: RESSTATE            
2264:                     l;pi;pl;pi;i=l;i=l;i=l;pl     E;};$               
2265: E->lM               l;pi;pl;pi;i=l;i=l;i=l;pl     E;};$               
2265: SAVESTATE:          121
2265:                     l;pi;pl;pi;i=l;i=l;i=l;pl     lM;};$              
2266:                     ;pi;pl;pi;i=l;i=l;i=l;pl;     M;};$               
2267: TNS_NORULECHAIN/NS_NORULE
2267: RESSTATE            
2267:                     l;pi;pl;pi;i=l;i=l;i=l;pl     E;};$               
2268: TNS_NORULECHAIN/NS_NORULE
2268: RESSTATE            
2268:                     pl;pi;pl;pi;i=l;i=l;i=l;p     N};$                
2269: N->pE;N             pl;pi;pl;pi;i=l;i=l;i=l;p     N};$                
2269: SAVESTATE:          120
2269:                     pl;pi;pl;pi;i=l;i=l;i=l;p     pE;N};$             
2270:                     l;pi;pl;pi;i=l;i=l;i=l;pl     E;N};$              
2271: E->l                l;pi;pl;pi;i=l;i=l;i=l;pl     E;N};$              
2271: SAVESTATE:          121
2271:                     l;pi;pl;pi;i=l;i=l;i=l;pl     l;N};$              
2272:                     ;pi;pl;pi;i=l;i=l;i=l;pl;     ;N};$               
2273:                     pi;pl;pi;i=l;i=l;i=l;pl;p     N};$                
2274: N->pE;              pi;pl;pi;i=l;i=l;i=l;pl;p     N};$                
2274: SAVESTATE:          122
2274:                     pi;pl;pi;i=l;i=l;i=l;pl;p     pE;};$              
2275:                     i;pl;pi;i=l;i=l;i=l;pl;pl     E;};$               
2276: E->i()              i;pl;pi;i=l;i=l;i=l;pl;pl     E;};$               
2276: SAVESTATE:          123
2276:                     i;pl;pi;i=l;i=l;i=l;pl;pl     i();};$             
2277:                     ;pl;pi;i=l;i=l;i=l;pl;pl;     ();};$              
2278: TS_NOK/NS_NORULECHAIN
2278: RESSTATE            
2278:                     i;pl;pi;i=l;i=l;i=l;pl;pl     E;};$               
2279: E->i()M             i;pl;pi;i=l;i=l;i=l;pl;pl     E;};$               
2279: SAVESTATE:          123
2279:                     i;pl;pi;i=l;i=l;i=l;pl;pl     i()M;};$            
2280:                     ;pl;pi;i=l;i=l;i=l;pl;pl;     ()M;};$             
2281: TS_NOK/NS_NORULECHAIN
2281: RESSTATE            
2281:                     i;pl;pi;i=l;i=l;i=l;pl;pl     E;};$               
2282: E->i(W)             i;pl;pi;i=l;i=l;i=l;pl;pl     E;};$               
2282: SAVESTATE:          123
2282:                     i;pl;pi;i=l;i=l;i=l;pl;pl     i(W);};$            
2283:                     ;pl;pi;i=l;i=l;i=l;pl;pl;     (W);};$             
2284: TS_NOK/NS_NORULECHAIN
2284: RESSTATE            
2284:                     i;pl;pi;i=l;i=l;i=l;pl;pl     E;};$               
2285: E->i(W)M            i;pl;pi;i=l;i=l;i=l;pl;pl     E;};$               
2285: SAVESTATE:          123
2285:                     i;pl;pi;i=l;i=l;i=l;pl;pl     i(W)M;};$           
2286:                     ;pl;pi;i=l;i=l;i=l;pl;pl;     (W)M;};$            
2287: TS_NOK/NS_NORULECHAIN
2287: RESSTATE            
2287:                     i;pl;pi;i=l;i=l;i=l;pl;pl     E;};$               
2288: E->i                i;pl;pi;i=l;i=l;i=l;pl;pl     E;};$               
2288: SAVESTATE:          123
2288:                     i;pl;pi;i=l;i=l;i=l;pl;pl     i;};$               
2289:                     ;pl;pi;i=l;i=l;i=l;pl;pl;     ;};$                
2290:                     pl;pi;i=l;i=l;i=l;pl;pl;p     };$                 
2291: TS_NOK/NS_NORULECHAIN
2291: RESSTATE            
2291:                     i;pl;pi;i=l;i=l;i=l;pl;pl     E;};$               
2292: E->iM               i;pl;pi;i=l;i=l;i=l;pl;pl     E;};$               
2292: SAVESTATE:          123
2292:                     i;pl;pi;i=l;i=l;i=l;pl;pl     iM;};$              
2293:                     ;pl;pi;i=l;i=l;i=l;pl;pl;     M;};$               
2294: TNS_NORULECHAIN/NS_NORULE
2294: RESSTATE            
2294:                     i;pl;pi;i=l;i=l;i=l;pl;pl     E;};$               
2295: TNS_NORULECHAIN/NS_NORULE
2295: RESSTATE            
2295:                     pi;pl;pi;i=l;i=l;i=l;pl;p     N};$                
2296: N->pE;N             pi;pl;pi;i=l;i=l;i=l;pl;p     N};$                
2296: SAVESTATE:          122
2296:                     pi;pl;pi;i=l;i=l;i=l;pl;p     pE;N};$             
2297:                     i;pl;pi;i=l;i=l;i=l;pl;pl     E;N};$              
2298: E->i()              i;pl;pi;i=l;i=l;i=l;pl;pl     E;N};$              
2298: SAVESTATE:          123
2298:                     i;pl;pi;i=l;i=l;i=l;pl;pl     i();N};$            
2299:                     ;pl;pi;i=l;i=l;i=l;pl;pl;     ();N};$             
2300: TS_NOK/NS_NORULECHAIN
2300: RESSTATE            
2300:                     i;pl;pi;i=l;i=l;i=l;pl;pl     E;N};$              
2301: E->i()M             i;pl;pi;i=l;i=l;i=l;pl;pl     E;N};$              
2301: SAVESTATE:          123
2301:                     i;pl;pi;i=l;i=l;i=l;pl;pl     i()M;N};$           
2302:                     ;pl;pi;i=l;i=l;i=l;pl;pl;     ()M;N};$            
2303: TS_NOK/NS_NORULECHAIN
2303: RESSTATE            
2303:                     i;pl;pi;i=l;i=l;i=l;pl;pl     E;N};$              
2304: E->i(W)             i;pl;pi;i=l;i=l;i=l;pl;pl     E;N};$              
2304: SAVESTATE:          123
2304:                     i;pl;pi;i=l;i=l;i=l;pl;pl     i(W);N};$           
2305:                     ;pl;pi;i=l;i=l;i=l;pl;pl;     (W);N};$            
2306: TS_NOK/NS_NORULECHAIN
2306: RESSTATE            
2306:                     i;pl;pi;i=l;i=l;i=l;pl;pl     E;N};$              
2307: E->i(W)M            i;pl;pi;i=l;i=l;i=l;pl;pl     E;N};$              
2307: SAVESTATE:          123
2307:                     i;pl;pi;i=l;i=l;i=l;pl;pl     i(W)M;N};$          
2308:                     ;pl;pi;i=l;i=l;i=l;pl;pl;     (W)M;N};$           
2309: TS_NOK/NS_NORULECHAIN
2309: RESSTATE            
2309:                     i;pl;pi;i=l;i=l;i=l;pl;pl     E;N};$              
2310: E->i                i;pl;pi;i=l;i=l;i=l;pl;pl     E;N};$              
2310: SAVESTATE:          123
2310:                     i;pl;pi;i=l;i=l;i=l;pl;pl     i;N};$              
2311:                     ;pl;pi;i=l;i=l;i=l;pl;pl;     ;N};$               
2312:                     pl;pi;i=l;i=l;i=l;pl;pl;p     N};$                
2313: N->pE;              pl;pi;i=l;i=l;i=l;pl;pl;p     N};$                
2313: SAVESTATE:          124
2313:                     pl;pi;i=l;i=l;i=l;pl;pl;p     pE;};$              
2314:                     l;pi;i=l;i=l;i=l;pl;pl;pi     E;};$               
2315: E->l                l;pi;i=l;i=l;i=l;pl;pl;pi     E;};$               
2315: SAVESTATE:          125
2315:                     l;pi;i=l;i=l;i=l;pl;pl;pi     l;};$               
2316:                     ;pi;i=l;i=l;i=l;pl;pl;pi;     ;};$                
2317:                     pi;i=l;i=l;i=l;pl;pl;pi;p     };$                 
2318: TS_NOK/NS_NORULECHAIN
2318: RESSTATE            
2318:                     l;pi;i=l;i=l;i=l;pl;pl;pi     E;};$               
2319: E->lM               l;pi;i=l;i=l;i=l;pl;pl;pi     E;};$               
2319: SAVESTATE:          125
2319:                     l;pi;i=l;i=l;i=l;pl;pl;pi     lM;};$              
2320:                     ;pi;i=l;i=l;i=l;pl;pl;pi;     M;};$               
2321: TNS_NORULECHAIN/NS_NORULE
2321: RESSTATE            
2321:                     l;pi;i=l;i=l;i=l;pl;pl;pi     E;};$               
2322: TNS_NORULECHAIN/NS_NORULE
2322: RESSTATE            
2322:                     pl;pi;i=l;i=l;i=l;pl;pl;p     N};$                
2323: N->pE;N             pl;pi;i=l;i=l;i=l;pl;pl;p     N};$                
2323: SAVESTATE:          124
2323:                     pl;pi;i=l;i=l;i=l;pl;pl;p     pE;N};$             
2324:                     l;pi;i=l;i=l;i=l;pl;pl;pi     E;N};$              
2325: E->l                l;pi;i=l;i=l;i=l;pl;pl;pi     E;N};$              
2325: SAVESTATE:          125
2325:                     l;pi;i=l;i=l;i=l;pl;pl;pi     l;N};$              
2326:                     ;pi;i=l;i=l;i=l;pl;pl;pi;     ;N};$               
2327:                     pi;i=l;i=l;i=l;pl;pl;pi;p     N};$                
2328: N->pE;              pi;i=l;i=l;i=l;pl;pl;pi;p     N};$                
2328: SAVESTATE:          126
2328:                     pi;i=l;i=l;i=l;pl;pl;pi;p     pE;};$              
2329:                     i;i=l;i=l;i=l;pl;pl;pi;pl     E;};$               
2330: E->i()              i;i=l;i=l;i=l;pl;pl;pi;pl     E;};$               
2330: SAVESTATE:          127
2330:                     i;i=l;i=l;i=l;pl;pl;pi;pl     i();};$             
2331:                     ;i=l;i=l;i=l;pl;pl;pi;pl;     ();};$              
2332: TS_NOK/NS_NORULECHAIN
2332: RESSTATE            
2332:                     i;i=l;i=l;i=l;pl;pl;pi;pl     E;};$               
2333: E->i()M             i;i=l;i=l;i=l;pl;pl;pi;pl     E;};$               
2333: SAVESTATE:          127
2333:                     i;i=l;i=l;i=l;pl;pl;pi;pl     i()M;};$            
2334:                     ;i=l;i=l;i=l;pl;pl;pi;pl;     ()M;};$             
2335: TS_NOK/NS_NORULECHAIN
2335: RESSTATE            
2335:                     i;i=l;i=l;i=l;pl;pl;pi;pl     E;};$               
2336: E->i(W)             i;i=l;i=l;i=l;pl;pl;pi;pl     E;};$               
2336: SAVESTATE:          127
2336:                     i;i=l;i=l;i=l;pl;pl;pi;pl     i(W);};$            
2337:                     ;i=l;i=l;i=l;pl;pl;pi;pl;     (W);};$             
2338: TS_NOK/NS_NORULECHAIN
2338: RESSTATE            
2338:                     i;i=l;i=l;i=l;pl;pl;pi;pl     E;};$               
2339: E->i(W)M            i;i=l;i=l;i=l;pl;pl;pi;pl     E;};$               
2339: SAVESTATE:          127
2339:                     i;i=l;i=l;i=l;pl;pl;pi;pl     i(W)M;};$           
2340:                     ;i=l;i=l;i=l;pl;pl;pi;pl;     (W)M;};$            
2341: TS_NOK/NS_NORULECHAIN
2341: RESSTATE            
2341:                     i;i=l;i=l;i=l;pl;pl;pi;pl     E;};$               
2342: E->i                i;i=l;i=l;i=l;pl;pl;pi;pl     E;};$               
2342: SAVESTATE:          127
2342:                     i;i=l;i=l;i=l;pl;pl;pi;pl     i;};$               
2343:                     ;i=l;i=l;i=l;pl;pl;pi;pl;     ;};$                
2344:                     i=l;i=l;i=l;pl;pl;pi;pl;p     };$                 
2345: TS_NOK/NS_NORULECHAIN
2345: RESSTATE            
2345:                     i;i=l;i=l;i=l;pl;pl;pi;pl     E;};$               
2346: E->iM               i;i=l;i=l;i=l;pl;pl;pi;pl     E;};$               
2346: SAVESTATE:          127
2346:                     i;i=l;i=l;i=l;pl;pl;pi;pl     iM;};$              
2347:                     ;i=l;i=l;i=l;pl;pl;pi;pl;     M;};$               
2348: TNS_NORULECHAIN/NS_NORULE
2348: RESSTATE            
2348:                     i;i=l;i=l;i=l;pl;pl;pi;pl     E;};$               
2349: TNS_NORULECHAIN/NS_NORULE
2349: RESSTATE            
2349:                     pi;i=l;i=l;i=l;pl;pl;pi;p     N};$                
2350: N->pE;N             pi;i=l;i=l;i=l;pl;pl;pi;p     N};$                
2350: SAVESTATE:          126
2350:                     pi;i=l;i=l;i=l;pl;pl;pi;p     pE;N};$             
2351:                     i;i=l;i=l;i=l;pl;pl;pi;pl     E;N};$              
2352: E->i()              i;i=l;i=l;i=l;pl;pl;pi;pl     E;N};$              
2352: SAVESTATE:          127
2352:                     i;i=l;i=l;i=l;pl;pl;pi;pl     i();N};$            
2353:                     ;i=l;i=l;i=l;pl;pl;pi;pl;     ();N};$             
2354: TS_NOK/NS_NORULECHAIN
2354: RESSTATE            
2354:                     i;i=l;i=l;i=l;pl;pl;pi;pl     E;N};$              
2355: E->i()M             i;i=l;i=l;i=l;pl;pl;pi;pl     E;N};$              
2355: SAVESTATE:          127
2355:                     i;i=l;i=l;i=l;pl;pl;pi;pl     i()M;N};$           
2356:                     ;i=l;i=l;i=l;pl;pl;pi;pl;     ()M;N};$            
2357: TS_NOK/NS_NORULECHAIN
2357: RESSTATE            
2357:                     i;i=l;i=l;i=l;pl;pl;pi;pl     E;N};$              
2358: E->i(W)             i;i=l;i=l;i=l;pl;pl;pi;pl     E;N};$              
2358: SAVESTATE:          127
2358:                     i;i=l;i=l;i=l;pl;pl;pi;pl     i(W);N};$           
2359:                     ;i=l;i=l;i=l;pl;pl;pi;pl;     (W);N};$            
2360: TS_NOK/NS_NORULECHAIN
2360: RESSTATE            
2360:                     i;i=l;i=l;i=l;pl;pl;pi;pl     E;N};$              
2361: E->i(W)M            i;i=l;i=l;i=l;pl;pl;pi;pl     E;N};$              
2361: SAVESTATE:          127
2361:                     i;i=l;i=l;i=l;pl;pl;pi;pl     i(W)M;N};$          
2362:                     ;i=l;i=l;i=l;pl;pl;pi;pl;     (W)M;N};$           
2363: TS_NOK/NS_NORULECHAIN
2363: RESSTATE            
2363:                     i;i=l;i=l;i=l;pl;pl;pi;pl     E;N};$              
2364: E->i                i;i=l;i=l;i=l;pl;pl;pi;pl     E;N};$              
2364: SAVESTATE:          127
2364:                     i;i=l;i=l;i=l;pl;pl;pi;pl     i;N};$              
2365:                     ;i=l;i=l;i=l;pl;pl;pi;pl;     ;N};$               
2366:                     i=l;i=l;i=l;pl;pl;pi;pl;p     N};$                
2367: N->i();             i=l;i=l;i=l;pl;pl;pi;pl;p     N};$                
2367: SAVESTATE:          128
2367:                     i=l;i=l;i=l;pl;pl;pi;pl;p     i();};$             
2368:                     =l;i=l;i=l;pl;pl;pi;pl;pi     ();};$              
2369: TS_NOK/NS_NORULECHAIN
2369: RESSTATE            
2369:                     i=l;i=l;i=l;pl;pl;pi;pl;p     N};$                
2370: N->i();N            i=l;i=l;i=l;pl;pl;pi;pl;p     N};$                
2370: SAVESTATE:          128
2370:                     i=l;i=l;i=l;pl;pl;pi;pl;p     i();N};$            
2371:                     =l;i=l;i=l;pl;pl;pi;pl;pi     ();N};$             
2372: TS_NOK/NS_NORULECHAIN
2372: RESSTATE            
2372:                     i=l;i=l;i=l;pl;pl;pi;pl;p     N};$                
2373: N->i(W);            i=l;i=l;i=l;pl;pl;pi;pl;p     N};$                
2373: SAVESTATE:          128
2373:                     i=l;i=l;i=l;pl;pl;pi;pl;p     i(W);};$            
2374:                     =l;i=l;i=l;pl;pl;pi;pl;pi     (W);};$             
2375: TS_NOK/NS_NORULECHAIN
2375: RESSTATE            
2375:                     i=l;i=l;i=l;pl;pl;pi;pl;p     N};$                
2376: N->i(W);N           i=l;i=l;i=l;pl;pl;pi;pl;p     N};$                
2376: SAVESTATE:          128
2376:                     i=l;i=l;i=l;pl;pl;pi;pl;p     i(W);N};$           
2377:                     =l;i=l;i=l;pl;pl;pi;pl;pi     (W);N};$            
2378: TS_NOK/NS_NORULECHAIN
2378: RESSTATE            
2378:                     i=l;i=l;i=l;pl;pl;pi;pl;p     N};$                
2379: N->i()M;            i=l;i=l;i=l;pl;pl;pi;pl;p     N};$                
2379: SAVESTATE:          128
2379:                     i=l;i=l;i=l;pl;pl;pi;pl;p     i()M;};$            
2380:                     =l;i=l;i=l;pl;pl;pi;pl;pi     ()M;};$             
2381: TS_NOK/NS_NORULECHAIN
2381: RESSTATE            
2381:                     i=l;i=l;i=l;pl;pl;pi;pl;p     N};$                
2382: N->i()M;N           i=l;i=l;i=l;pl;pl;pi;pl;p     N};$                
2382: SAVESTATE:          128
2382:                     i=l;i=l;i=l;pl;pl;pi;pl;p     i()M;N};$           
2383:                     =l;i=l;i=l;pl;pl;pi;pl;pi     ()M;N};$            
2384: TS_NOK/NS_NORULECHAIN
2384: RESSTATE            
2384:                     i=l;i=l;i=l;pl;pl;pi;pl;p     N};$                
2385: N->i(W)M;           i=l;i=l;i=l;pl;pl;pi;pl;p     N};$                
2385: SAVESTATE:          128
2385:                     i=l;i=l;i=l;pl;pl;pi;pl;p     i(W)M;};$           
2386:                     =l;i=l;i=l;pl;pl;pi;pl;pi     (W)M;};$            
2387: TS_NOK/NS_NORULECHAIN
2387: RESSTATE            
2387:                     i=l;i=l;i=l;pl;pl;pi;pl;p     N};$                
2388: N->i(W)M;N          i=l;i=l;i=l;pl;pl;pi;pl;p     N};$                
2388: SAVESTATE:          128
2388:                     i=l;i=l;i=l;pl;pl;pi;pl;p     i(W)M;N};$          
2389:                     =l;i=l;i=l;pl;pl;pi;pl;pi     (W)M;N};$           
2390: TS_NOK/NS_NORULECHAIN
2390: RESSTATE            
2390:                     i=l;i=l;i=l;pl;pl;pi;pl;p     N};$                
2391: N->i=E;             i=l;i=l;i=l;pl;pl;pi;pl;p     N};$                
2391: SAVESTATE:          128
2391:                     i=l;i=l;i=l;pl;pl;pi;pl;p     i=E;};$             
2392:                     =l;i=l;i=l;pl;pl;pi;pl;pi     =E;};$              
2393:                     l;i=l;i=l;pl;pl;pi;pl;pi;     E;};$               
2394: E->l                l;i=l;i=l;pl;pl;pi;pl;pi;     E;};$               
2394: SAVESTATE:          129
2394:                     l;i=l;i=l;pl;pl;pi;pl;pi;     l;};$               
2395:                     ;i=l;i=l;pl;pl;pi;pl;pi;p     ;};$                
2396:                     i=l;i=l;pl;pl;pi;pl;pi;pl     };$                 
2397: TS_NOK/NS_NORULECHAIN
2397: RESSTATE            
2397:                     l;i=l;i=l;pl;pl;pi;pl;pi;     E;};$               
2398: E->lM               l;i=l;i=l;pl;pl;pi;pl;pi;     E;};$               
2398: SAVESTATE:          129
2398:                     l;i=l;i=l;pl;pl;pi;pl;pi;     lM;};$              
2399:                     ;i=l;i=l;pl;pl;pi;pl;pi;p     M;};$               
2400: TNS_NORULECHAIN/NS_NORULE
2400: RESSTATE            
2400:                     l;i=l;i=l;pl;pl;pi;pl;pi;     E;};$               
2401: TNS_NORULECHAIN/NS_NORULE
2401: RESSTATE            
2401:                     i=l;i=l;i=l;pl;pl;pi;pl;p     N};$                
2402: N->i=E;N            i=l;i=l;i=l;pl;pl;pi;pl;p     N};$                
2402: SAVESTATE:          128
2402:                     i=l;i=l;i=l;pl;pl;pi;pl;p     i=E;N};$            
2403:                     =l;i=l;i=l;pl;pl;pi;pl;pi     =E;N};$             
2404:                     l;i=l;i=l;pl;pl;pi;pl;pi;     E;N};$              
2405: E->l                l;i=l;i=l;pl;pl;pi;pl;pi;     E;N};$              
2405: SAVESTATE:          129
2405:                     l;i=l;i=l;pl;pl;pi;pl;pi;     l;N};$              
2406:                     ;i=l;i=l;pl;pl;pi;pl;pi;p     ;N};$               
2407:                     i=l;i=l;pl;pl;pi;pl;pi;pl     N};$                
2408: N->i();             i=l;i=l;pl;pl;pi;pl;pi;pl     N};$                
2408: SAVESTATE:          130
2408:                     i=l;i=l;pl;pl;pi;pl;pi;pl     i();};$             
2409:                     =l;i=l;pl;pl;pi;pl;pi;pl;     ();};$              
2410: TS_NOK/NS_NORULECHAIN
2410: RESSTATE            
2410:                     i=l;i=l;pl;pl;pi;pl;pi;pl     N};$                
2411: N->i();N            i=l;i=l;pl;pl;pi;pl;pi;pl     N};$                
2411: SAVESTATE:          130
2411:                     i=l;i=l;pl;pl;pi;pl;pi;pl     i();N};$            
2412:                     =l;i=l;pl;pl;pi;pl;pi;pl;     ();N};$             
2413: TS_NOK/NS_NORULECHAIN
2413: RESSTATE            
2413:                     i=l;i=l;pl;pl;pi;pl;pi;pl     N};$                
2414: N->i(W);            i=l;i=l;pl;pl;pi;pl;pi;pl     N};$                
2414: SAVESTATE:          130
2414:                     i=l;i=l;pl;pl;pi;pl;pi;pl     i(W);};$            
2415:                     =l;i=l;pl;pl;pi;pl;pi;pl;     (W);};$             
2416: TS_NOK/NS_NORULECHAIN
2416: RESSTATE            
2416:                     i=l;i=l;pl;pl;pi;pl;pi;pl     N};$                
2417: N->i(W);N           i=l;i=l;pl;pl;pi;pl;pi;pl     N};$                
2417: SAVESTATE:          130
2417:                     i=l;i=l;pl;pl;pi;pl;pi;pl     i(W);N};$           
2418:                     =l;i=l;pl;pl;pi;pl;pi;pl;     (W);N};$            
2419: TS_NOK/NS_NORULECHAIN
2419: RESSTATE            
2419:                     i=l;i=l;pl;pl;pi;pl;pi;pl     N};$                
2420: N->i()M;            i=l;i=l;pl;pl;pi;pl;pi;pl     N};$                
2420: SAVESTATE:          130
2420:                     i=l;i=l;pl;pl;pi;pl;pi;pl     i()M;};$            
2421:                     =l;i=l;pl;pl;pi;pl;pi;pl;     ()M;};$             
2422: TS_NOK/NS_NORULECHAIN
2422: RESSTATE            
2422:                     i=l;i=l;pl;pl;pi;pl;pi;pl     N};$                
2423: N->i()M;N           i=l;i=l;pl;pl;pi;pl;pi;pl     N};$                
2423: SAVESTATE:          130
2423:                     i=l;i=l;pl;pl;pi;pl;pi;pl     i()M;N};$           
2424:                     =l;i=l;pl;pl;pi;pl;pi;pl;     ()M;N};$            
2425: TS_NOK/NS_NORULECHAIN
2425: RESSTATE            
2425:                     i=l;i=l;pl;pl;pi;pl;pi;pl     N};$                
2426: N->i(W)M;           i=l;i=l;pl;pl;pi;pl;pi;pl     N};$                
2426: SAVESTATE:          130
2426:                     i=l;i=l;pl;pl;pi;pl;pi;pl     i(W)M;};$           
2427:                     =l;i=l;pl;pl;pi;pl;pi;pl;     (W)M;};$            
2428: TS_NOK/NS_NORULECHAIN
2428: RESSTATE            
2428:                     i=l;i=l;pl;pl;pi;pl;pi;pl     N};$                
2429: N->i(W)M;N          i=l;i=l;pl;pl;pi;pl;pi;pl     N};$                
2429: SAVESTATE:          130
2429:                     i=l;i=l;pl;pl;pi;pl;pi;pl     i(W)M;N};$          
2430:                     =l;i=l;pl;pl;pi;pl;pi;pl;     (W)M;N};$           
2431: TS_NOK/NS_NORULECHAIN
2431: RESSTATE            
2431:                     i=l;i=l;pl;pl;pi;pl;pi;pl     N};$                
2432: N->i=E;             i=l;i=l;pl;pl;pi;pl;pi;pl     N};$                
2432: SAVESTATE:          130
2432:                     i=l;i=l;pl;pl;pi;pl;pi;pl     i=E;};$             
2433:                     =l;i=l;pl;pl;pi;pl;pi;pl;     =E;};$              
2434:                     l;i=l;pl;pl;pi;pl;pi;pl;p     E;};$               
2435: E->l                l;i=l;pl;pl;pi;pl;pi;pl;p     E;};$               
2435: SAVESTATE:          131
2435:                     l;i=l;pl;pl;pi;pl;pi;pl;p     l;};$               
2436:                     ;i=l;pl;pl;pi;pl;pi;pl;pi     ;};$                
2437:                     i=l;pl;pl;pi;pl;pi;pl;pi;     };$                 
2438: TS_NOK/NS_NORULECHAIN
2438: RESSTATE            
2438:                     l;i=l;pl;pl;pi;pl;pi;pl;p     E;};$               
2439: E->lM               l;i=l;pl;pl;pi;pl;pi;pl;p     E;};$               
2439: SAVESTATE:          131
2439:                     l;i=l;pl;pl;pi;pl;pi;pl;p     lM;};$              
2440:                     ;i=l;pl;pl;pi;pl;pi;pl;pi     M;};$               
2441: TNS_NORULECHAIN/NS_NORULE
2441: RESSTATE            
2441:                     l;i=l;pl;pl;pi;pl;pi;pl;p     E;};$               
2442: TNS_NORULECHAIN/NS_NORULE
2442: RESSTATE            
2442:                     i=l;i=l;pl;pl;pi;pl;pi;pl     N};$                
2443: N->i=E;N            i=l;i=l;pl;pl;pi;pl;pi;pl     N};$                
2443: SAVESTATE:          130
2443:                     i=l;i=l;pl;pl;pi;pl;pi;pl     i=E;N};$            
2444:                     =l;i=l;pl;pl;pi;pl;pi;pl;     =E;N};$             
2445:                     l;i=l;pl;pl;pi;pl;pi;pl;p     E;N};$              
2446: E->l                l;i=l;pl;pl;pi;pl;pi;pl;p     E;N};$              
2446: SAVESTATE:          131
2446:                     l;i=l;pl;pl;pi;pl;pi;pl;p     l;N};$              
2447:                     ;i=l;pl;pl;pi;pl;pi;pl;pi     ;N};$               
2448:                     i=l;pl;pl;pi;pl;pi;pl;pi;     N};$                
2449: N->i();             i=l;pl;pl;pi;pl;pi;pl;pi;     N};$                
2449: SAVESTATE:          132
2449:                     i=l;pl;pl;pi;pl;pi;pl;pi;     i();};$             
2450:                     =l;pl;pl;pi;pl;pi;pl;pi;i     ();};$              
2451: TS_NOK/NS_NORULECHAIN
2451: RESSTATE            
2451:                     i=l;pl;pl;pi;pl;pi;pl;pi;     N};$                
2452: N->i();N            i=l;pl;pl;pi;pl;pi;pl;pi;     N};$                
2452: SAVESTATE:          132
2452:                     i=l;pl;pl;pi;pl;pi;pl;pi;     i();N};$            
2453:                     =l;pl;pl;pi;pl;pi;pl;pi;i     ();N};$             
2454: TS_NOK/NS_NORULECHAIN
2454: RESSTATE            
2454:                     i=l;pl;pl;pi;pl;pi;pl;pi;     N};$                
2455: N->i(W);            i=l;pl;pl;pi;pl;pi;pl;pi;     N};$                
2455: SAVESTATE:          132
2455:                     i=l;pl;pl;pi;pl;pi;pl;pi;     i(W);};$            
2456:                     =l;pl;pl;pi;pl;pi;pl;pi;i     (W);};$             
2457: TS_NOK/NS_NORULECHAIN
2457: RESSTATE            
2457:                     i=l;pl;pl;pi;pl;pi;pl;pi;     N};$                
2458: N->i(W);N           i=l;pl;pl;pi;pl;pi;pl;pi;     N};$                
2458: SAVESTATE:          132
2458:                     i=l;pl;pl;pi;pl;pi;pl;pi;     i(W);N};$           
2459:                     =l;pl;pl;pi;pl;pi;pl;pi;i     (W);N};$            
2460: TS_NOK/NS_NORULECHAIN
2460: RESSTATE            
2460:                     i=l;pl;pl;pi;pl;pi;pl;pi;     N};$                
2461: N->i()M;            i=l;pl;pl;pi;pl;pi;pl;pi;     N};$                
2461: SAVESTATE:          132
2461:                     i=l;pl;pl;pi;pl;pi;pl;pi;     i()M;};$            
2462:                     =l;pl;pl;pi;pl;pi;pl;pi;i     ()M;};$             
2463: TS_NOK/NS_NORULECHAIN
2463: RESSTATE            
2463:                     i=l;pl;pl;pi;pl;pi;pl;pi;     N};$                
2464: N->i()M;N           i=l;pl;pl;pi;pl;pi;pl;pi;     N};$                
2464: SAVESTATE:          132
2464:                     i=l;pl;pl;pi;pl;pi;pl;pi;     i()M;N};$           
2465:                     =l;pl;pl;pi;pl;pi;pl;pi;i     ()M;N};$            
2466: TS_NOK/NS_NORULECHAIN
2466: RESSTATE            
2466:                     i=l;pl;pl;pi;pl;pi;pl;pi;     N};$                
2467: N->i(W)M;           i=l;pl;pl;pi;pl;pi;pl;pi;     N};$                
2467: SAVESTATE:          132
2467:                     i=l;pl;pl;pi;pl;pi;pl;pi;     i(W)M;};$           
2468:                     =l;pl;pl;pi;pl;pi;pl;pi;i     (W)M;};$            
2469: TS_NOK/NS_NORULECHAIN
2469: RESSTATE            
2469:                     i=l;pl;pl;pi;pl;pi;pl;pi;     N};$                
2470: N->i(W)M;N          i=l;pl;pl;pi;pl;pi;pl;pi;     N};$                
2470: SAVESTATE:          132
2470:                     i=l;pl;pl;pi;pl;pi;pl;pi;     i(W)M;N};$          
2471:                     =l;pl;pl;pi;pl;pi;pl;pi;i     (W)M;N};$           
2472: TS_NOK/NS_NORULECHAIN
2472: RESSTATE            
2472:                     i=l;pl;pl;pi;pl;pi;pl;pi;     N};$                
2473: N->i=E;             i=l;pl;pl;pi;pl;pi;pl;pi;     N};$                
2473: SAVESTATE:          132
2473:                     i=l;pl;pl;pi;pl;pi;pl;pi;     i=E;};$             
2474:                     =l;pl;pl;pi;pl;pi;pl;pi;i     =E;};$              
2475:                     l;pl;pl;pi;pl;pi;pl;pi;i(     E;};$               
2476: E->l                l;pl;pl;pi;pl;pi;pl;pi;i(     E;};$               
2476: SAVESTATE:          133
2476:                     l;pl;pl;pi;pl;pi;pl;pi;i(     l;};$               
2477:                     ;pl;pl;pi;pl;pi;pl;pi;i()     ;};$                
2478:                     pl;pl;pi;pl;pi;pl;pi;i();     };$                 
2479: TS_NOK/NS_NORULECHAIN
2479: RESSTATE            
2479:                     l;pl;pl;pi;pl;pi;pl;pi;i(     E;};$               
2480: E->lM               l;pl;pl;pi;pl;pi;pl;pi;i(     E;};$               
2480: SAVESTATE:          133
2480:                     l;pl;pl;pi;pl;pi;pl;pi;i(     lM;};$              
2481:                     ;pl;pl;pi;pl;pi;pl;pi;i()     M;};$               
2482: TNS_NORULECHAIN/NS_NORULE
2482: RESSTATE            
2482:                     l;pl;pl;pi;pl;pi;pl;pi;i(     E;};$               
2483: TNS_NORULECHAIN/NS_NORULE
2483: RESSTATE            
2483:                     i=l;pl;pl;pi;pl;pi;pl;pi;     N};$                
2484: N->i=E;N            i=l;pl;pl;pi;pl;pi;pl;pi;     N};$                
2484: SAVESTATE:          132
2484:                     i=l;pl;pl;pi;pl;pi;pl;pi;     i=E;N};$            
2485:                     =l;pl;pl;pi;pl;pi;pl;pi;i     =E;N};$             
2486:                     l;pl;pl;pi;pl;pi;pl;pi;i(     E;N};$              
2487: E->l                l;pl;pl;pi;pl;pi;pl;pi;i(     E;N};$              
2487: SAVESTATE:          133
2487:                     l;pl;pl;pi;pl;pi;pl;pi;i(     l;N};$              
2488:                     ;pl;pl;pi;pl;pi;pl;pi;i()     ;N};$               
2489:                     pl;pl;pi;pl;pi;pl;pi;i();     N};$                
2490: N->pE;              pl;pl;pi;pl;pi;pl;pi;i();     N};$                
2490: SAVESTATE:          134
2490:                     pl;pl;pi;pl;pi;pl;pi;i();     pE;};$              
2491:                     l;pl;pi;pl;pi;pl;pi;i();i     E;};$               
2492: E->l                l;pl;pi;pl;pi;pl;pi;i();i     E;};$               
2492: SAVESTATE:          135
2492:                     l;pl;pi;pl;pi;pl;pi;i();i     l;};$               
2493:                     ;pl;pi;pl;pi;pl;pi;i();i(     ;};$                
2494:                     pl;pi;pl;pi;pl;pi;i();i()     };$                 
2495: TS_NOK/NS_NORULECHAIN
2495: RESSTATE            
2495:                     l;pl;pi;pl;pi;pl;pi;i();i     E;};$               
2496: E->lM               l;pl;pi;pl;pi;pl;pi;i();i     E;};$               
2496: SAVESTATE:          135
2496:                     l;pl;pi;pl;pi;pl;pi;i();i     lM;};$              
2497:                     ;pl;pi;pl;pi;pl;pi;i();i(     M;};$               
2498: TNS_NORULECHAIN/NS_NORULE
2498: RESSTATE            
2498:                     l;pl;pi;pl;pi;pl;pi;i();i     E;};$               
2499: TNS_NORULECHAIN/NS_NORULE
2499: RESSTATE            
2499:                     pl;pl;pi;pl;pi;pl;pi;i();     N};$                
2500: N->pE;N             pl;pl;pi;pl;pi;pl;pi;i();     N};$                
2500: SAVESTATE:          134
2500:                     pl;pl;pi;pl;pi;pl;pi;i();     pE;N};$             
2501:                     l;pl;pi;pl;pi;pl;pi;i();i     E;N};$              
2502: E->l                l;pl;pi;pl;pi;pl;pi;i();i     E;N};$              
2502: SAVESTATE:          135
2502:                     l;pl;pi;pl;pi;pl;pi;i();i     l;N};$              
2503:                     ;pl;pi;pl;pi;pl;pi;i();i(     ;N};$               
2504:                     pl;pi;pl;pi;pl;pi;i();i()     N};$                
2505: N->pE;              pl;pi;pl;pi;pl;pi;i();i()     N};$                
2505: SAVESTATE:          136
2505:                     pl;pi;pl;pi;pl;pi;i();i()     pE;};$              
2506:                     l;pi;pl;pi;pl;pi;i();i();     E;};$               
2507: E->l                l;pi;pl;pi;pl;pi;i();i();     E;};$               
2507: SAVESTATE:          137
2507:                     l;pi;pl;pi;pl;pi;i();i();     l;};$               
2508:                     ;pi;pl;pi;pl;pi;i();i();p     ;};$                
2509:                     pi;pl;pi;pl;pi;i();i();pl     };$                 
2510: TS_NOK/NS_NORULECHAIN
2510: RESSTATE            
2510:                     l;pi;pl;pi;pl;pi;i();i();     E;};$               
2511: E->lM               l;pi;pl;pi;pl;pi;i();i();     E;};$               
2511: SAVESTATE:          137
2511:                     l;pi;pl;pi;pl;pi;i();i();     lM;};$              
2512:                     ;pi;pl;pi;pl;pi;i();i();p     M;};$               
2513: TNS_NORULECHAIN/NS_NORULE
2513: RESSTATE            
2513:                     l;pi;pl;pi;pl;pi;i();i();     E;};$               
2514: TNS_NORULECHAIN/NS_NORULE
2514: RESSTATE            
2514:                     pl;pi;pl;pi;pl;pi;i();i()     N};$                
2515: N->pE;N             pl;pi;pl;pi;pl;pi;i();i()     N};$                
2515: SAVESTATE:          136
2515:                     pl;pi;pl;pi;pl;pi;i();i()     pE;N};$             
2516:                     l;pi;pl;pi;pl;pi;i();i();     E;N};$              
2517: E->l                l;pi;pl;pi;pl;pi;i();i();     E;N};$              
2517: SAVESTATE:          137
2517:                     l;pi;pl;pi;pl;pi;i();i();     l;N};$              
2518:                     ;pi;pl;pi;pl;pi;i();i();p     ;N};$               
2519:                     pi;pl;pi;pl;pi;i();i();pl     N};$                
2520: N->pE;              pi;pl;pi;pl;pi;i();i();pl     N};$                
2520: SAVESTATE:          138
2520:                     pi;pl;pi;pl;pi;i();i();pl     pE;};$              
2521:                     i;pl;pi;pl;pi;i();i();pl;     E;};$               
2522: E->i()              i;pl;pi;pl;pi;i();i();pl;     E;};$               
2522: SAVESTATE:          139
2522:                     i;pl;pi;pl;pi;i();i();pl;     i();};$             
2523:                     ;pl;pi;pl;pi;i();i();pl;p     ();};$              
2524: TS_NOK/NS_NORULECHAIN
2524: RESSTATE            
2524:                     i;pl;pi;pl;pi;i();i();pl;     E;};$               
2525: E->i()M             i;pl;pi;pl;pi;i();i();pl;     E;};$               
2525: SAVESTATE:          139
2525:                     i;pl;pi;pl;pi;i();i();pl;     i()M;};$            
2526:                     ;pl;pi;pl;pi;i();i();pl;p     ()M;};$             
2527: TS_NOK/NS_NORULECHAIN
2527: RESSTATE            
2527:                     i;pl;pi;pl;pi;i();i();pl;     E;};$               
2528: E->i(W)             i;pl;pi;pl;pi;i();i();pl;     E;};$               
2528: SAVESTATE:          139
2528:                     i;pl;pi;pl;pi;i();i();pl;     i(W);};$            
2529:                     ;pl;pi;pl;pi;i();i();pl;p     (W);};$             
2530: TS_NOK/NS_NORULECHAIN
2530: RESSTATE            
2530:                     i;pl;pi;pl;pi;i();i();pl;     E;};$               
2531: E->i(W)M            i;pl;pi;pl;pi;i();i();pl;     E;};$               
2531: SAVESTATE:          139
2531:                     i;pl;pi;pl;pi;i();i();pl;     i(W)M;};$           
2532:                     ;pl;pi;pl;pi;i();i();pl;p     (W)M;};$            
2533: TS_NOK/NS_NORULECHAIN
2533: RESSTATE            
2533:                     i;pl;pi;pl;pi;i();i();pl;     E;};$               
2534: E->i                i;pl;pi;pl;pi;i();i();pl;     E;};$               
2534: SAVESTATE:          139
2534:                     i;pl;pi;pl;pi;i();i();pl;     i;};$               
2535:                     ;pl;pi;pl;pi;i();i();pl;p     ;};$                
2536:                     pl;pi;pl;pi;i();i();pl;pl     };$                 
2537: TS_NOK/NS_NORULECHAIN
2537: RESSTATE            
2537:                     i;pl;pi;pl;pi;i();i();pl;     E;};$               
2538: E->iM               i;pl;pi;pl;pi;i();i();pl;     E;};$               
2538: SAVESTATE:          139
2538:                     i;pl;pi;pl;pi;i();i();pl;     iM;};$              
2539:                     ;pl;pi;pl;pi;i();i();pl;p     M;};$               
2540: TNS_NORULECHAIN/NS_NORULE
2540: RESSTATE            
2540:                     i;pl;pi;pl;pi;i();i();pl;     E;};$               
2541: TNS_NORULECHAIN/NS_NORULE
2541: RESSTATE            
2541:                     pi;pl;pi;pl;pi;i();i();pl     N};$                
2542: N->pE;N             pi;pl;pi;pl;pi;i();i();pl     N};$                
2542: SAVESTATE:          138
2542:                     pi;pl;pi;pl;pi;i();i();pl     pE;N};$             
2543:                     i;pl;pi;pl;pi;i();i();pl;     E;N};$              
2544: E->i()              i;pl;pi;pl;pi;i();i();pl;     E;N};$              
2544: SAVESTATE:          139
2544:                     i;pl;pi;pl;pi;i();i();pl;     i();N};$            
2545:                     ;pl;pi;pl;pi;i();i();pl;p     ();N};$             
2546: TS_NOK/NS_NORULECHAIN
2546: RESSTATE            
2546:                     i;pl;pi;pl;pi;i();i();pl;     E;N};$              
2547: E->i()M             i;pl;pi;pl;pi;i();i();pl;     E;N};$              
2547: SAVESTATE:          139
2547:                     i;pl;pi;pl;pi;i();i();pl;     i()M;N};$           
2548:                     ;pl;pi;pl;pi;i();i();pl;p     ()M;N};$            
2549: TS_NOK/NS_NORULECHAIN
2549: RESSTATE            
2549:                     i;pl;pi;pl;pi;i();i();pl;     E;N};$              
2550: E->i(W)             i;pl;pi;pl;pi;i();i();pl;     E;N};$              
2550: SAVESTATE:          139
2550:                     i;pl;pi;pl;pi;i();i();pl;     i(W);N};$           
2551:                     ;pl;pi;pl;pi;i();i();pl;p     (W);N};$            
2552: TS_NOK/NS_NORULECHAIN
2552: RESSTATE            
2552:                     i;pl;pi;pl;pi;i();i();pl;     E;N};$              
2553: E->i(W)M            i;pl;pi;pl;pi;i();i();pl;     E;N};$              
2553: SAVESTATE:          139
2553:                     i;pl;pi;pl;pi;i();i();pl;     i(W)M;N};$          
2554:                     ;pl;pi;pl;pi;i();i();pl;p     (W)M;N};$           
2555: TS_NOK/NS_NORULECHAIN
2555: RESSTATE            
2555:                     i;pl;pi;pl;pi;i();i();pl;     E;N};$              
2556: E->i                i;pl;pi;pl;pi;i();i();pl;     E;N};$              
2556: SAVESTATE:          139
2556:                     i;pl;pi;pl;pi;i();i();pl;     i;N};$              
2557:                     ;pl;pi;pl;pi;i();i();pl;p     ;N};$               
2558:                     pl;pi;pl;pi;i();i();pl;pl     N};$                
2559: N->pE;              pl;pi;pl;pi;i();i();pl;pl     N};$                
2559: SAVESTATE:          140
2559:                     pl;pi;pl;pi;i();i();pl;pl     pE;};$              
2560:                     l;pi;pl;pi;i();i();pl;pl;     E;};$               
2561: E->l                l;pi;pl;pi;i();i();pl;pl;     E;};$               
2561: SAVESTATE:          141
2561:                     l;pi;pl;pi;i();i();pl;pl;     l;};$               
2562:                     ;pi;pl;pi;i();i();pl;pl;p     ;};$                
2563:                     pi;pl;pi;i();i();pl;pl;pi     };$                 
2564: TS_NOK/NS_NORULECHAIN
2564: RESSTATE            
2564:                     l;pi;pl;pi;i();i();pl;pl;     E;};$               
2565: E->lM               l;pi;pl;pi;i();i();pl;pl;     E;};$               
2565: SAVESTATE:          141
2565:                     l;pi;pl;pi;i();i();pl;pl;     lM;};$              
2566:                     ;pi;pl;pi;i();i();pl;pl;p     M;};$               
2567: TNS_NORULECHAIN/NS_NORULE
2567: RESSTATE            
2567:                     l;pi;pl;pi;i();i();pl;pl;     E;};$               
2568: TNS_NORULECHAIN/NS_NORULE
2568: RESSTATE            
2568:                     pl;pi;pl;pi;i();i();pl;pl     N};$                
2569: N->pE;N             pl;pi;pl;pi;i();i();pl;pl     N};$                
2569: SAVESTATE:          140
2569:                     pl;pi;pl;pi;i();i();pl;pl     pE;N};$             
2570:                     l;pi;pl;pi;i();i();pl;pl;     E;N};$              
2571: E->l                l;pi;pl;pi;i();i();pl;pl;     E;N};$              
2571: SAVESTATE:          141
2571:                     l;pi;pl;pi;i();i();pl;pl;     l;N};$              
2572:                     ;pi;pl;pi;i();i();pl;pl;p     ;N};$               
2573:                     pi;pl;pi;i();i();pl;pl;pi     N};$                
2574: N->pE;              pi;pl;pi;i();i();pl;pl;pi     N};$                
2574: SAVESTATE:          142
2574:                     pi;pl;pi;i();i();pl;pl;pi     pE;};$              
2575:                     i;pl;pi;i();i();pl;pl;pi(     E;};$               
2576: E->i()              i;pl;pi;i();i();pl;pl;pi(     E;};$               
2576: SAVESTATE:          143
2576:                     i;pl;pi;i();i();pl;pl;pi(     i();};$             
2577:                     ;pl;pi;i();i();pl;pl;pi(l     ();};$              
2578: TS_NOK/NS_NORULECHAIN
2578: RESSTATE            
2578:                     i;pl;pi;i();i();pl;pl;pi(     E;};$               
2579: E->i()M             i;pl;pi;i();i();pl;pl;pi(     E;};$               
2579: SAVESTATE:          143
2579:                     i;pl;pi;i();i();pl;pl;pi(     i()M;};$            
2580:                     ;pl;pi;i();i();pl;pl;pi(l     ()M;};$             
2581: TS_NOK/NS_NORULECHAIN
2581: RESSTATE            
2581:                     i;pl;pi;i();i();pl;pl;pi(     E;};$               
2582: E->i(W)             i;pl;pi;i();i();pl;pl;pi(     E;};$               
2582: SAVESTATE:          143
2582:                     i;pl;pi;i();i();pl;pl;pi(     i(W);};$            
2583:                     ;pl;pi;i();i();pl;pl;pi(l     (W);};$             
2584: TS_NOK/NS_NORULECHAIN
2584: RESSTATE            
2584:                     i;pl;pi;i();i();pl;pl;pi(     E;};$               
2585: E->i(W)M            i;pl;pi;i();i();pl;pl;pi(     E;};$               
2585: SAVESTATE:          143
2585:                     i;pl;pi;i();i();pl;pl;pi(     i(W)M;};$           
2586:                     ;pl;pi;i();i();pl;pl;pi(l     (W)M;};$            
2587: TS_NOK/NS_NORULECHAIN
2587: RESSTATE            
2587:                     i;pl;pi;i();i();pl;pl;pi(     E;};$               
2588: E->i                i;pl;pi;i();i();pl;pl;pi(     E;};$               
2588: SAVESTATE:          143
2588:                     i;pl;pi;i();i();pl;pl;pi(     i;};$               
2589:                     ;pl;pi;i();i();pl;pl;pi(l     ;};$                
2590:                     pl;pi;i();i();pl;pl;pi(l,     };$                 
2591: TS_NOK/NS_NORULECHAIN
2591: RESSTATE            
2591:                     i;pl;pi;i();i();pl;pl;pi(     E;};$               
2592: E->iM               i;pl;pi;i();i();pl;pl;pi(     E;};$               
2592: SAVESTATE:          143
2592:                     i;pl;pi;i();i();pl;pl;pi(     iM;};$              
2593:                     ;pl;pi;i();i();pl;pl;pi(l     M;};$               
2594: TNS_NORULECHAIN/NS_NORULE
2594: RESSTATE            
2594:                     i;pl;pi;i();i();pl;pl;pi(     E;};$               
2595: TNS_NORULECHAIN/NS_NORULE
2595: RESSTATE            
2595:                     pi;pl;pi;i();i();pl;pl;pi     N};$                
2596: N->pE;N             pi;pl;pi;i();i();pl;pl;pi     N};$                
2596: SAVESTATE:          142
2596:                     pi;pl;pi;i();i();pl;pl;pi     pE;N};$             
2597:                     i;pl;pi;i();i();pl;pl;pi(     E;N};$              
2598: E->i()              i;pl;pi;i();i();pl;pl;pi(     E;N};$              
2598: SAVESTATE:          143
2598:                     i;pl;pi;i();i();pl;pl;pi(     i();N};$            
2599:                     ;pl;pi;i();i();pl;pl;pi(l     ();N};$             
2600: TS_NOK/NS_NORULECHAIN
2600: RESSTATE            
2600:                     i;pl;pi;i();i();pl;pl;pi(     E;N};$              
2601: E->i()M             i;pl;pi;i();i();pl;pl;pi(     E;N};$              
2601: SAVESTATE:          143
2601:                     i;pl;pi;i();i();pl;pl;pi(     i()M;N};$           
2602:                     ;pl;pi;i();i();pl;pl;pi(l     ()M;N};$            
2603: TS_NOK/NS_NORULECHAIN
2603: RESSTATE            
2603:                     i;pl;pi;i();i();pl;pl;pi(     E;N};$              
2604: E->i(W)             i;pl;pi;i();i();pl;pl;pi(     E;N};$              
2604: SAVESTATE:          143
2604:                     i;pl;pi;i();i();pl;pl;pi(     i(W);N};$           
2605:                     ;pl;pi;i();i();pl;pl;pi(l     (W);N};$            
2606: TS_NOK/NS_NORULECHAIN
2606: RESSTATE            
2606:                     i;pl;pi;i();i();pl;pl;pi(     E;N};$              
2607: E->i(W)M            i;pl;pi;i();i();pl;pl;pi(     E;N};$              
2607: SAVESTATE:          143
2607:                     i;pl;pi;i();i();pl;pl;pi(     i(W)M;N};$          
2608:                     ;pl;pi;i();i();pl;pl;pi(l     (W)M;N};$           
2609: TS_NOK/NS_NORULECHAIN
2609: RESSTATE            
2609:                     i;pl;pi;i();i();pl;pl;pi(     E;N};$              
2610: E->i                i;pl;pi;i();i();pl;pl;pi(     E;N};$              
2610: SAVESTATE:          143
2610:                     i;pl;pi;i();i();pl;pl;pi(     i;N};$              
2611:                     ;pl;pi;i();i();pl;pl;pi(l     ;N};$               
2612:                     pl;pi;i();i();pl;pl;pi(l,     N};$                
2613: N->pE;              pl;pi;i();i();pl;pl;pi(l,     N};$                
2613: SAVESTATE:          144
2613:                     pl;pi;i();i();pl;pl;pi(l,     pE;};$              
2614:                     l;pi;i();i();pl;pl;pi(l,l     E;};$               
2615: E->l                l;pi;i();i();pl;pl;pi(l,l     E;};$               
2615: SAVESTATE:          145
2615:                     l;pi;i();i();pl;pl;pi(l,l     l;};$               
2616:                     ;pi;i();i();pl;pl;pi(l,l)     ;};$                
2617:                     pi;i();i();pl;pl;pi(l,l);     };$                 
2618: TS_NOK/NS_NORULECHAIN
2618: RESSTATE            
2618:                     l;pi;i();i();pl;pl;pi(l,l     E;};$               
2619: E->lM               l;pi;i();i();pl;pl;pi(l,l     E;};$               
2619: SAVESTATE:          145
2619:                     l;pi;i();i();pl;pl;pi(l,l     lM;};$              
2620:                     ;pi;i();i();pl;pl;pi(l,l)     M;};$               
2621: TNS_NORULECHAIN/NS_NORULE
2621: RESSTATE            
2621:                     l;pi;i();i();pl;pl;pi(l,l     E;};$               
2622: TNS_NORULECHAIN/NS_NORULE
2622: RESSTATE            
2622:                     pl;pi;i();i();pl;pl;pi(l,     N};$                
2623: N->pE;N             pl;pi;i();i();pl;pl;pi(l,     N};$                
2623: SAVESTATE:          144
2623:                     pl;pi;i();i();pl;pl;pi(l,     pE;N};$             
2624:                     l;pi;i();i();pl;pl;pi(l,l     E;N};$              
2625: E->l                l;pi;i();i();pl;pl;pi(l,l     E;N};$              
2625: SAVESTATE:          145
2625:                     l;pi;i();i();pl;pl;pi(l,l     l;N};$              
2626:                     ;pi;i();i();pl;pl;pi(l,l)     ;N};$               
2627:                     pi;i();i();pl;pl;pi(l,l);     N};$                
2628: N->pE;              pi;i();i();pl;pl;pi(l,l);     N};$                
2628: SAVESTATE:          146
2628:                     pi;i();i();pl;pl;pi(l,l);     pE;};$              
2629:                     i;i();i();pl;pl;pi(l,l);p     E;};$               
2630: E->i()              i;i();i();pl;pl;pi(l,l);p     E;};$               
2630: SAVESTATE:          147
2630:                     i;i();i();pl;pl;pi(l,l);p     i();};$             
2631:                     ;i();i();pl;pl;pi(l,l);pl     ();};$              
2632: TS_NOK/NS_NORULECHAIN
2632: RESSTATE            
2632:                     i;i();i();pl;pl;pi(l,l);p     E;};$               
2633: E->i()M             i;i();i();pl;pl;pi(l,l);p     E;};$               
2633: SAVESTATE:          147
2633:                     i;i();i();pl;pl;pi(l,l);p     i()M;};$            
2634:                     ;i();i();pl;pl;pi(l,l);pl     ()M;};$             
2635: TS_NOK/NS_NORULECHAIN
2635: RESSTATE            
2635:                     i;i();i();pl;pl;pi(l,l);p     E;};$               
2636: E->i(W)             i;i();i();pl;pl;pi(l,l);p     E;};$               
2636: SAVESTATE:          147
2636:                     i;i();i();pl;pl;pi(l,l);p     i(W);};$            
2637:                     ;i();i();pl;pl;pi(l,l);pl     (W);};$             
2638: TS_NOK/NS_NORULECHAIN
2638: RESSTATE            
2638:                     i;i();i();pl;pl;pi(l,l);p     E;};$               
2639: E->i(W)M            i;i();i();pl;pl;pi(l,l);p     E;};$               
2639: SAVESTATE:          147
2639:                     i;i();i();pl;pl;pi(l,l);p     i(W)M;};$           
2640:                     ;i();i();pl;pl;pi(l,l);pl     (W)M;};$            
2641: TS_NOK/NS_NORULECHAIN
2641: RESSTATE            
2641:                     i;i();i();pl;pl;pi(l,l);p     E;};$               
2642: E->i                i;i();i();pl;pl;pi(l,l);p     E;};$               
2642: SAVESTATE:          147
2642:                     i;i();i();pl;pl;pi(l,l);p     i;};$               
2643:                     ;i();i();pl;pl;pi(l,l);pl     ;};$                
2644:                     i();i();pl;pl;pi(l,l);pl;     };$                 
2645: TS_NOK/NS_NORULECHAIN
2645: RESSTATE            
2645:                     i;i();i();pl;pl;pi(l,l);p     E;};$               
2646: E->iM               i;i();i();pl;pl;pi(l,l);p     E;};$               
2646: SAVESTATE:          147
2646:                     i;i();i();pl;pl;pi(l,l);p     iM;};$              
2647:                     ;i();i();pl;pl;pi(l,l);pl     M;};$               
2648: TNS_NORULECHAIN/NS_NORULE
2648: RESSTATE            
2648:                     i;i();i();pl;pl;pi(l,l);p     E;};$               
2649: TNS_NORULECHAIN/NS_NORULE
2649: RESSTATE            
2649:                     pi;i();i();pl;pl;pi(l,l);     N};$                
2650: N->pE;N             pi;i();i();pl;pl;pi(l,l);     N};$                
2650: SAVESTATE:          146
2650:                     pi;i();i();pl;pl;pi(l,l);     pE;N};$             
2651:                     i;i();i();pl;pl;pi(l,l);p     E;N};$              
2652: E->i()              i;i();i();pl;pl;pi(l,l);p     E;N};$              
2652: SAVESTATE:          147
2652:                     i;i();i();pl;pl;pi(l,l);p     i();N};$            
2653:                     ;i();i();pl;pl;pi(l,l);pl     ();N};$             
2654: TS_NOK/NS_NORULECHAIN
2654: RESSTATE            
2654:                     i;i();i();pl;pl;pi(l,l);p     E;N};$              
2655: E->i()M             i;i();i();pl;pl;pi(l,l);p     E;N};$              
2655: SAVESTATE:          147
2655:                     i;i();i();pl;pl;pi(l,l);p     i()M;N};$           
2656:                     ;i();i();pl;pl;pi(l,l);pl     ()M;N};$            
2657: TS_NOK/NS_NORULECHAIN
2657: RESSTATE            
2657:                     i;i();i();pl;pl;pi(l,l);p     E;N};$              
2658: E->i(W)             i;i();i();pl;pl;pi(l,l);p     E;N};$              
2658: SAVESTATE:          147
2658:                     i;i();i();pl;pl;pi(l,l);p     i(W);N};$           
2659:                     ;i();i();pl;pl;pi(l,l);pl     (W);N};$            
2660: TS_NOK/NS_NORULECHAIN
2660: RESSTATE            
2660:                     i;i();i();pl;pl;pi(l,l);p     E;N};$              
2661: E->i(W)M            i;i();i();pl;pl;pi(l,l);p     E;N};$              
2661: SAVESTATE:          147
2661:                     i;i();i();pl;pl;pi(l,l);p     i(W)M;N};$          
2662:                     ;i();i();pl;pl;pi(l,l);pl     (W)M;N};$           
2663: TS_NOK/NS_NORULECHAIN
2663: RESSTATE            
2663:                     i;i();i();pl;pl;pi(l,l);p     E;N};$              
2664: E->i                i;i();i();pl;pl;pi(l,l);p     E;N};$              
2664: SAVESTATE:          147
2664:                     i;i();i();pl;pl;pi(l,l);p     i;N};$              
2665:                     ;i();i();pl;pl;pi(l,l);pl     ;N};$               
2666:                     i();i();pl;pl;pi(l,l);pl;     N};$                
2667: N->i();             i();i();pl;pl;pi(l,l);pl;     N};$                
2667: SAVESTATE:          148
2667:                     i();i();pl;pl;pi(l,l);pl;     i();};$             
2668:                     ();i();pl;pl;pi(l,l);pl;p     ();};$              
2669:                     );i();pl;pl;pi(l,l);pl;pi     );};$               
2670:                     ;i();pl;pl;pi(l,l);pl;pi(     ;};$                
2671:                     i();pl;pl;pi(l,l);pl;pi(l     };$                 
2672: TS_NOK/NS_NORULECHAIN
2672: RESSTATE            
2672:                     i();i();pl;pl;pi(l,l);pl;     N};$                
2673: N->i();N            i();i();pl;pl;pi(l,l);pl;     N};$                
2673: SAVESTATE:          148
2673:                     i();i();pl;pl;pi(l,l);pl;     i();N};$            
2674:                     ();i();pl;pl;pi(l,l);pl;p     ();N};$             
2675:                     );i();pl;pl;pi(l,l);pl;pi     );N};$              
2676:                     ;i();pl;pl;pi(l,l);pl;pi(     ;N};$               
2677:                     i();pl;pl;pi(l,l);pl;pi(l     N};$                
2678: N->i();             i();pl;pl;pi(l,l);pl;pi(l     N};$                
2678: SAVESTATE:          149
2678:                     i();pl;pl;pi(l,l);pl;pi(l     i();};$             
2679:                     ();pl;pl;pi(l,l);pl;pi(l,     ();};$              
2680:                     );pl;pl;pi(l,l);pl;pi(l,l     );};$               
2681:                     ;pl;pl;pi(l,l);pl;pi(l,l)     ;};$                
2682:                     pl;pl;pi(l,l);pl;pi(l,l);     };$                 
2683: TS_NOK/NS_NORULECHAIN
2683: RESSTATE            
2683:                     i();pl;pl;pi(l,l);pl;pi(l     N};$                
2684: N->i();N            i();pl;pl;pi(l,l);pl;pi(l     N};$                
2684: SAVESTATE:          149
2684:                     i();pl;pl;pi(l,l);pl;pi(l     i();N};$            
2685:                     ();pl;pl;pi(l,l);pl;pi(l,     ();N};$             
2686:                     );pl;pl;pi(l,l);pl;pi(l,l     );N};$              
2687:                     ;pl;pl;pi(l,l);pl;pi(l,l)     ;N};$               
2688:                     pl;pl;pi(l,l);pl;pi(l,l);     N};$                
2689: N->pE;              pl;pl;pi(l,l);pl;pi(l,l);     N};$                
2689: SAVESTATE:          150
2689:                     pl;pl;pi(l,l);pl;pi(l,l);     pE;};$              
2690:                     l;pl;pi(l,l);pl;pi(l,l);p     E;};$               
2691: E->l                l;pl;pi(l,l);pl;pi(l,l);p     E;};$               
2691: SAVESTATE:          151
2691:                     l;pl;pi(l,l);pl;pi(l,l);p     l;};$               
2692:                     ;pl;pi(l,l);pl;pi(l,l);pl     ;};$                
2693:                     pl;pi(l,l);pl;pi(l,l);pl;     };$                 
2694: TS_NOK/NS_NORULECHAIN
2694: RESSTATE            
2694:                     l;pl;pi(l,l);pl;pi(l,l);p     E;};$               
2695: E->lM               l;pl;pi(l,l);pl;pi(l,l);p     E;};$               
2695: SAVESTATE:          151
2695:                     l;pl;pi(l,l);pl;pi(l,l);p     lM;};$              
2696:                     ;pl;pi(l,l);pl;pi(l,l);pl     M;};$               
2697: TNS_NORULECHAIN/NS_NORULE
2697: RESSTATE            
2697:                     l;pl;pi(l,l);pl;pi(l,l);p     E;};$               
2698: TNS_NORULECHAIN/NS_NORULE
2698: RESSTATE            
2698:                     pl;pl;pi(l,l);pl;pi(l,l);     N};$                
2699: N->pE;N             pl;pl;pi(l,l);pl;pi(l,l);     N};$                
2699: SAVESTATE:          150
2699:                     pl;pl;pi(l,l);pl;pi(l,l);     pE;N};$             
2700:                     l;pl;pi(l,l);pl;pi(l,l);p     E;N};$              
2701: E->l                l;pl;pi(l,l);pl;pi(l,l);p     E;N};$              
2701: SAVESTATE:          151
2701:                     l;pl;pi(l,l);pl;pi(l,l);p     l;N};$              
2702:                     ;pl;pi(l,l);pl;pi(l,l);pl     ;N};$               
2703:                     pl;pi(l,l);pl;pi(l,l);pl;     N};$                
2704: N->pE;              pl;pi(l,l);pl;pi(l,l);pl;     N};$                
2704: SAVESTATE:          152
2704:                     pl;pi(l,l);pl;pi(l,l);pl;     pE;};$              
2705:                     l;pi(l,l);pl;pi(l,l);pl;p     E;};$               
2706: E->l                l;pi(l,l);pl;pi(l,l);pl;p     E;};$               
2706: SAVESTATE:          153
2706:                     l;pi(l,l);pl;pi(l,l);pl;p     l;};$               
2707:                     ;pi(l,l);pl;pi(l,l);pl;pi     ;};$                
2708:                     pi(l,l);pl;pi(l,l);pl;pi(     };$                 
2709: TS_NOK/NS_NORULECHAIN
2709: RESSTATE            
2709:                     l;pi(l,l);pl;pi(l,l);pl;p     E;};$               
2710: E->lM               l;pi(l,l);pl;pi(l,l);pl;p     E;};$               
2710: SAVESTATE:          153
2710:                     l;pi(l,l);pl;pi(l,l);pl;p     lM;};$              
2711:                     ;pi(l,l);pl;pi(l,l);pl;pi     M;};$               
2712: TNS_NORULECHAIN/NS_NORULE
2712: RESSTATE            
2712:                     l;pi(l,l);pl;pi(l,l);pl;p     E;};$               
2713: TNS_NORULECHAIN/NS_NORULE
2713: RESSTATE            
2713:                     pl;pi(l,l);pl;pi(l,l);pl;     N};$                
2714: N->pE;N             pl;pi(l,l);pl;pi(l,l);pl;     N};$                
2714: SAVESTATE:          152
2714:                     pl;pi(l,l);pl;pi(l,l);pl;     pE;N};$             
2715:                     l;pi(l,l);pl;pi(l,l);pl;p     E;N};$              
2716: E->l                l;pi(l,l);pl;pi(l,l);pl;p     E;N};$              
2716: SAVESTATE:          153
2716:                     l;pi(l,l);pl;pi(l,l);pl;p     l;N};$              
2717:                     ;pi(l,l);pl;pi(l,l);pl;pi     ;N};$               
2718:                     pi(l,l);pl;pi(l,l);pl;pi(     N};$                
2719: N->pE;              pi(l,l);pl;pi(l,l);pl;pi(     N};$                
2719: SAVESTATE:          154
2719:                     pi(l,l);pl;pi(l,l);pl;pi(     pE;};$              
2720:                     i(l,l);pl;pi(l,l);pl;pi(l     E;};$               
2721: E->i()              i(l,l);pl;pi(l,l);pl;pi(l     E;};$               
2721: SAVESTATE:          155
2721:                     i(l,l);pl;pi(l,l);pl;pi(l     i();};$             
2722:                     (l,l);pl;pi(l,l);pl;pi(l,     ();};$              
2723:                     l,l);pl;pi(l,l);pl;pi(l,l     );};$               
2724: TS_NOK/NS_NORULECHAIN
2724: RESSTATE            
2724:                     i(l,l);pl;pi(l,l);pl;pi(l     E;};$               
2725: E->i()M             i(l,l);pl;pi(l,l);pl;pi(l     E;};$               
2725: SAVESTATE:          155
2725:                     i(l,l);pl;pi(l,l);pl;pi(l     i()M;};$            
2726:                     (l,l);pl;pi(l,l);pl;pi(l,     ()M;};$             
2727:                     l,l);pl;pi(l,l);pl;pi(l,l     )M;};$              
2728: TS_NOK/NS_NORULECHAIN
2728: RESSTATE            
2728:                     i(l,l);pl;pi(l,l);pl;pi(l     E;};$               
2729: E->i(W)             i(l,l);pl;pi(l,l);pl;pi(l     E;};$               
2729: SAVESTATE:          155
2729:                     i(l,l);pl;pi(l,l);pl;pi(l     i(W);};$            
2730:                     (l,l);pl;pi(l,l);pl;pi(l,     (W);};$             
2731:                     l,l);pl;pi(l,l);pl;pi(l,l     W);};$              
2732: W->l                l,l);pl;pi(l,l);pl;pi(l,l     W);};$              
2732: SAVESTATE:          156
2732:                     l,l);pl;pi(l,l);pl;pi(l,l     l);};$              
2733:                     ,l);pl;pi(l,l);pl;pi(l,l)     );};$               
2734: TS_NOK/NS_NORULECHAIN
2734: RESSTATE            
2734:                     l,l);pl;pi(l,l);pl;pi(l,l     W);};$              
2735: W->l,W              l,l);pl;pi(l,l);pl;pi(l,l     W);};$              
2735: SAVESTATE:          156
2735:                     l,l);pl;pi(l,l);pl;pi(l,l     l,W);};$            
2736:                     ,l);pl;pi(l,l);pl;pi(l,l)     ,W);};$             
2737:                     l);pl;pi(l,l);pl;pi(l,l);     W);};$              
2738: W->l                l);pl;pi(l,l);pl;pi(l,l);     W);};$              
2738: SAVESTATE:          157
2738:                     l);pl;pi(l,l);pl;pi(l,l);     l);};$              
2739:                     );pl;pi(l,l);pl;pi(l,l);p     );};$               
2740:                     ;pl;pi(l,l);pl;pi(l,l);pl     ;};$                
2741:                     pl;pi(l,l);pl;pi(l,l);pl;     };$                 
2742: TS_NOK/NS_NORULECHAIN
2742: RESSTATE            
2742:                     l);pl;pi(l,l);pl;pi(l,l);     W);};$              
2743: W->l,W              l);pl;pi(l,l);pl;pi(l,l);     W);};$              
2743: SAVESTATE:          157
2743:                     l);pl;pi(l,l);pl;pi(l,l);     l,W);};$            
2744:                     );pl;pi(l,l);pl;pi(l,l);p     ,W);};$             
2745: TS_NOK/NS_NORULECHAIN
2745: RESSTATE            
2745:                     l);pl;pi(l,l);pl;pi(l,l);     W);};$              
2746: TNS_NORULECHAIN/NS_NORULE
2746: RESSTATE            
2746:                     l,l);pl;pi(l,l);pl;pi(l,l     W);};$              
2747: TNS_NORULECHAIN/NS_NORULE
2747: RESSTATE            
2747:                     i(l,l);pl;pi(l,l);pl;pi(l     E;};$               
2748: E->i(W)M            i(l,l);pl;pi(l,l);pl;pi(l     E;};$               
2748: SAVESTATE:          155
2748:                     i(l,l);pl;pi(l,l);pl;pi(l     i(W)M;};$           
2749:                     (l,l);pl;pi(l,l);pl;pi(l,     (W)M;};$            
2750:                     l,l);pl;pi(l,l);pl;pi(l,l     W)M;};$             
2751: W->l                l,l);pl;pi(l,l);pl;pi(l,l     W)M;};$             
2751: SAVESTATE:          156
2751:                     l,l);pl;pi(l,l);pl;pi(l,l     l)M;};$             
2752:                     ,l);pl;pi(l,l);pl;pi(l,l)     )M;};$              
2753: TS_NOK/NS_NORULECHAIN
2753: RESSTATE            
2753:                     l,l);pl;pi(l,l);pl;pi(l,l     W)M;};$             
2754: W->l,W              l,l);pl;pi(l,l);pl;pi(l,l     W)M;};$             
2754: SAVESTATE:          156
2754:                     l,l);pl;pi(l,l);pl;pi(l,l     l,W)M;};$           
2755:                     ,l);pl;pi(l,l);pl;pi(l,l)     ,W)M;};$            
2756:                     l);pl;pi(l,l);pl;pi(l,l);     W)M;};$             
2757: W->l                l);pl;pi(l,l);pl;pi(l,l);     W)M;};$             
2757: SAVESTATE:          157
2757:                     l);pl;pi(l,l);pl;pi(l,l);     l)M;};$             
2758:                     );pl;pi(l,l);pl;pi(l,l);p     )M;};$              
2759:                     ;pl;pi(l,l);pl;pi(l,l);pl     M;};$               
2760: TNS_NORULECHAIN/NS_NORULE
2760: RESSTATE            
2760:                     l);pl;pi(l,l);pl;pi(l,l);     W)M;};$             
2761: W->l,W              l);pl;pi(l,l);pl;pi(l,l);     W)M;};$             
2761: SAVESTATE:          157
2761:                     l);pl;pi(l,l);pl;pi(l,l);     l,W)M;};$           
2762:                     );pl;pi(l,l);pl;pi(l,l);p     ,W)M;};$            
2763: TS_NOK/NS_NORULECHAIN
2763: RESSTATE            
2763:                     l);pl;pi(l,l);pl;pi(l,l);     W)M;};$             
2764: TNS_NORULECHAIN/NS_NORULE
2764: RESSTATE            
2764:                     l,l);pl;pi(l,l);pl;pi(l,l     W)M;};$             
2765: TNS_NORULECHAIN/NS_NORULE
2765: RESSTATE            
2765:                     i(l,l);pl;pi(l,l);pl;pi(l     E;};$               
2766: E->i                i(l,l);pl;pi(l,l);pl;pi(l     E;};$               
2766: SAVESTATE:          155
2766:                     i(l,l);pl;pi(l,l);pl;pi(l     i;};$               
2767:                     (l,l);pl;pi(l,l);pl;pi(l,     ;};$                
2768: TS_NOK/NS_NORULECHAIN
2768: RESSTATE            
2768:                     i(l,l);pl;pi(l,l);pl;pi(l     E;};$               
2769: E->iM               i(l,l);pl;pi(l,l);pl;pi(l     E;};$               
2769: SAVESTATE:          155
2769:                     i(l,l);pl;pi(l,l);pl;pi(l     iM;};$              
2770:                     (l,l);pl;pi(l,l);pl;pi(l,     M;};$               
2771: TNS_NORULECHAIN/NS_NORULE
2771: RESSTATE            
2771:                     i(l,l);pl;pi(l,l);pl;pi(l     E;};$               
2772: TNS_NORULECHAIN/NS_NORULE
2772: RESSTATE            
2772:                     pi(l,l);pl;pi(l,l);pl;pi(     N};$                
2773: N->pE;N             pi(l,l);pl;pi(l,l);pl;pi(     N};$                
2773: SAVESTATE:          154
2773:                     pi(l,l);pl;pi(l,l);pl;pi(     pE;N};$             
2774:                     i(l,l);pl;pi(l,l);pl;pi(l     E;N};$              
2775: E->i()              i(l,l);pl;pi(l,l);pl;pi(l     E;N};$              
2775: SAVESTATE:          155
2775:                     i(l,l);pl;pi(l,l);pl;pi(l     i();N};$            
2776:                     (l,l);pl;pi(l,l);pl;pi(l,     ();N};$             
2777:                     l,l);pl;pi(l,l);pl;pi(l,l     );N};$              
2778: TS_NOK/NS_NORULECHAIN
2778: RESSTATE            
2778:                     i(l,l);pl;pi(l,l);pl;pi(l     E;N};$              
2779: E->i()M             i(l,l);pl;pi(l,l);pl;pi(l     E;N};$              
2779: SAVESTATE:          155
2779:                     i(l,l);pl;pi(l,l);pl;pi(l     i()M;N};$           
2780:                     (l,l);pl;pi(l,l);pl;pi(l,     ()M;N};$            
2781:                     l,l);pl;pi(l,l);pl;pi(l,l     )M;N};$             
2782: TS_NOK/NS_NORULECHAIN
2782: RESSTATE            
2782:                     i(l,l);pl;pi(l,l);pl;pi(l     E;N};$              
2783: E->i(W)             i(l,l);pl;pi(l,l);pl;pi(l     E;N};$              
2783: SAVESTATE:          155
2783:                     i(l,l);pl;pi(l,l);pl;pi(l     i(W);N};$           
2784:                     (l,l);pl;pi(l,l);pl;pi(l,     (W);N};$            
2785:                     l,l);pl;pi(l,l);pl;pi(l,l     W);N};$             
2786: W->l                l,l);pl;pi(l,l);pl;pi(l,l     W);N};$             
2786: SAVESTATE:          156
2786:                     l,l);pl;pi(l,l);pl;pi(l,l     l);N};$             
2787:                     ,l);pl;pi(l,l);pl;pi(l,l)     );N};$              
2788: TS_NOK/NS_NORULECHAIN
2788: RESSTATE            
2788:                     l,l);pl;pi(l,l);pl;pi(l,l     W);N};$             
2789: W->l,W              l,l);pl;pi(l,l);pl;pi(l,l     W);N};$             
2789: SAVESTATE:          156
2789:                     l,l);pl;pi(l,l);pl;pi(l,l     l,W);N};$           
2790:                     ,l);pl;pi(l,l);pl;pi(l,l)     ,W);N};$            
2791:                     l);pl;pi(l,l);pl;pi(l,l);     W);N};$             
2792: W->l                l);pl;pi(l,l);pl;pi(l,l);     W);N};$             
2792: SAVESTATE:          157
2792:                     l);pl;pi(l,l);pl;pi(l,l);     l);N};$             
2793:                     );pl;pi(l,l);pl;pi(l,l);p     );N};$              
2794:                     ;pl;pi(l,l);pl;pi(l,l);pl     ;N};$               
2795:                     pl;pi(l,l);pl;pi(l,l);pl;     N};$                
2796: N->pE;              pl;pi(l,l);pl;pi(l,l);pl;     N};$                
2796: SAVESTATE:          158
2796:                     pl;pi(l,l);pl;pi(l,l);pl;     pE;};$              
2797:                     l;pi(l,l);pl;pi(l,l);pl;p     E;};$               
2798: E->l                l;pi(l,l);pl;pi(l,l);pl;p     E;};$               
2798: SAVESTATE:          159
2798:                     l;pi(l,l);pl;pi(l,l);pl;p     l;};$               
2799:                     ;pi(l,l);pl;pi(l,l);pl;pi     ;};$                
2800:                     pi(l,l);pl;pi(l,l);pl;pi(     };$                 
2801: TS_NOK/NS_NORULECHAIN
2801: RESSTATE            
2801:                     l;pi(l,l);pl;pi(l,l);pl;p     E;};$               
2802: E->lM               l;pi(l,l);pl;pi(l,l);pl;p     E;};$               
2802: SAVESTATE:          159
2802:                     l;pi(l,l);pl;pi(l,l);pl;p     lM;};$              
2803:                     ;pi(l,l);pl;pi(l,l);pl;pi     M;};$               
2804: TNS_NORULECHAIN/NS_NORULE
2804: RESSTATE            
2804:                     l;pi(l,l);pl;pi(l,l);pl;p     E;};$               
2805: TNS_NORULECHAIN/NS_NORULE
2805: RESSTATE            
2805:                     pl;pi(l,l);pl;pi(l,l);pl;     N};$                
2806: N->pE;N             pl;pi(l,l);pl;pi(l,l);pl;     N};$                
2806: SAVESTATE:          158
2806:                     pl;pi(l,l);pl;pi(l,l);pl;     pE;N};$             
2807:                     l;pi(l,l);pl;pi(l,l);pl;p     E;N};$              
2808: E->l                l;pi(l,l);pl;pi(l,l);pl;p     E;N};$              
2808: SAVESTATE:          159
2808:                     l;pi(l,l);pl;pi(l,l);pl;p     l;N};$              
2809:                     ;pi(l,l);pl;pi(l,l);pl;pi     ;N};$               
2810:                     pi(l,l);pl;pi(l,l);pl;pi(     N};$                
2811: N->pE;              pi(l,l);pl;pi(l,l);pl;pi(     N};$                
2811: SAVESTATE:          160
2811:                     pi(l,l);pl;pi(l,l);pl;pi(     pE;};$              
2812:                     i(l,l);pl;pi(l,l);pl;pi(l     E;};$               
2813: E->i()              i(l,l);pl;pi(l,l);pl;pi(l     E;};$               
2813: SAVESTATE:          161
2813:                     i(l,l);pl;pi(l,l);pl;pi(l     i();};$             
2814:                     (l,l);pl;pi(l,l);pl;pi(l,     ();};$              
2815:                     l,l);pl;pi(l,l);pl;pi(l,l     );};$               
2816: TS_NOK/NS_NORULECHAIN
2816: RESSTATE            
2816:                     i(l,l);pl;pi(l,l);pl;pi(l     E;};$               
2817: E->i()M             i(l,l);pl;pi(l,l);pl;pi(l     E;};$               
2817: SAVESTATE:          161
2817:                     i(l,l);pl;pi(l,l);pl;pi(l     i()M;};$            
2818:                     (l,l);pl;pi(l,l);pl;pi(l,     ()M;};$             
2819:                     l,l);pl;pi(l,l);pl;pi(l,l     )M;};$              
2820: TS_NOK/NS_NORULECHAIN
2820: RESSTATE            
2820:                     i(l,l);pl;pi(l,l);pl;pi(l     E;};$               
2821: E->i(W)             i(l,l);pl;pi(l,l);pl;pi(l     E;};$               
2821: SAVESTATE:          161
2821:                     i(l,l);pl;pi(l,l);pl;pi(l     i(W);};$            
2822:                     (l,l);pl;pi(l,l);pl;pi(l,     (W);};$             
2823:                     l,l);pl;pi(l,l);pl;pi(l,l     W);};$              
2824: W->l                l,l);pl;pi(l,l);pl;pi(l,l     W);};$              
2824: SAVESTATE:          162
2824:                     l,l);pl;pi(l,l);pl;pi(l,l     l);};$              
2825:                     ,l);pl;pi(l,l);pl;pi(l,l)     );};$               
2826: TS_NOK/NS_NORULECHAIN
2826: RESSTATE            
2826:                     l,l);pl;pi(l,l);pl;pi(l,l     W);};$              
2827: W->l,W              l,l);pl;pi(l,l);pl;pi(l,l     W);};$              
2827: SAVESTATE:          162
2827:                     l,l);pl;pi(l,l);pl;pi(l,l     l,W);};$            
2828:                     ,l);pl;pi(l,l);pl;pi(l,l)     ,W);};$             
2829:                     l);pl;pi(l,l);pl;pi(l,l);     W);};$              
2830: W->l                l);pl;pi(l,l);pl;pi(l,l);     W);};$              
2830: SAVESTATE:          163
2830:                     l);pl;pi(l,l);pl;pi(l,l);     l);};$              
2831:                     );pl;pi(l,l);pl;pi(l,l);r     );};$               
2832:                     ;pl;pi(l,l);pl;pi(l,l);rl     ;};$                
2833:                     pl;pi(l,l);pl;pi(l,l);rl;     };$                 
2834: TS_NOK/NS_NORULECHAIN
2834: RESSTATE            
2834:                     l);pl;pi(l,l);pl;pi(l,l);     W);};$              
2835: W->l,W              l);pl;pi(l,l);pl;pi(l,l);     W);};$              
2835: SAVESTATE:          163
2835:                     l);pl;pi(l,l);pl;pi(l,l);     l,W);};$            
2836:                     );pl;pi(l,l);pl;pi(l,l);r     ,W);};$             
2837: TS_NOK/NS_NORULECHAIN
2837: RESSTATE            
2837:                     l);pl;pi(l,l);pl;pi(l,l);     W);};$              
2838: TNS_NORULECHAIN/NS_NORULE
2838: RESSTATE            
2838:                     l,l);pl;pi(l,l);pl;pi(l,l     W);};$              
2839: TNS_NORULECHAIN/NS_NORULE
2839: RESSTATE            
2839:                     i(l,l);pl;pi(l,l);pl;pi(l     E;};$               
2840: E->i(W)M            i(l,l);pl;pi(l,l);pl;pi(l     E;};$               
2840: SAVESTATE:          161
2840:                     i(l,l);pl;pi(l,l);pl;pi(l     i(W)M;};$           
2841:                     (l,l);pl;pi(l,l);pl;pi(l,     (W)M;};$            
2842:                     l,l);pl;pi(l,l);pl;pi(l,l     W)M;};$             
2843: W->l                l,l);pl;pi(l,l);pl;pi(l,l     W)M;};$             
2843: SAVESTATE:          162
2843:                     l,l);pl;pi(l,l);pl;pi(l,l     l)M;};$             
2844:                     ,l);pl;pi(l,l);pl;pi(l,l)     )M;};$              
2845: TS_NOK/NS_NORULECHAIN
2845: RESSTATE            
2845:                     l,l);pl;pi(l,l);pl;pi(l,l     W)M;};$             
2846: W->l,W              l,l);pl;pi(l,l);pl;pi(l,l     W)M;};$             
2846: SAVESTATE:          162
2846:                     l,l);pl;pi(l,l);pl;pi(l,l     l,W)M;};$           
2847:                     ,l);pl;pi(l,l);pl;pi(l,l)     ,W)M;};$            
2848:                     l);pl;pi(l,l);pl;pi(l,l);     W)M;};$             
2849: W->l                l);pl;pi(l,l);pl;pi(l,l);     W)M;};$             
2849: SAVESTATE:          163
2849:                     l);pl;pi(l,l);pl;pi(l,l);     l)M;};$             
2850:                     );pl;pi(l,l);pl;pi(l,l);r     )M;};$              
2851:                     ;pl;pi(l,l);pl;pi(l,l);rl     M;};$               
2852: TNS_NORULECHAIN/NS_NORULE
2852: RESSTATE            
2852:                     l);pl;pi(l,l);pl;pi(l,l);     W)M;};$             
2853: W->l,W              l);pl;pi(l,l);pl;pi(l,l);     W)M;};$             
2853: SAVESTATE:          163
2853:                     l);pl;pi(l,l);pl;pi(l,l);     l,W)M;};$           
2854:                     );pl;pi(l,l);pl;pi(l,l);r     ,W)M;};$            
2855: TS_NOK/NS_NORULECHAIN
2855: RESSTATE            
2855:                     l);pl;pi(l,l);pl;pi(l,l);     W)M;};$             
2856: TNS_NORULECHAIN/NS_NORULE
2856: RESSTATE            
2856:                     l,l);pl;pi(l,l);pl;pi(l,l     W)M;};$             
2857: TNS_NORULECHAIN/NS_NORULE
2857: RESSTATE            
2857:                     i(l,l);pl;pi(l,l);pl;pi(l     E;};$               
2858: E->i                i(l,l);pl;pi(l,l);pl;pi(l     E;};$               
2858: SAVESTATE:          161
2858:                     i(l,l);pl;pi(l,l);pl;pi(l     i;};$               
2859:                     (l,l);pl;pi(l,l);pl;pi(l,     ;};$                
2860: TS_NOK/NS_NORULECHAIN
2860: RESSTATE            
2860:                     i(l,l);pl;pi(l,l);pl;pi(l     E;};$               
2861: E->iM               i(l,l);pl;pi(l,l);pl;pi(l     E;};$               
2861: SAVESTATE:          161
2861:                     i(l,l);pl;pi(l,l);pl;pi(l     iM;};$              
2862:                     (l,l);pl;pi(l,l);pl;pi(l,     M;};$               
2863: TNS_NORULECHAIN/NS_NORULE
2863: RESSTATE            
2863:                     i(l,l);pl;pi(l,l);pl;pi(l     E;};$               
2864: TNS_NORULECHAIN/NS_NORULE
2864: RESSTATE            
2864:                     pi(l,l);pl;pi(l,l);pl;pi(     N};$                
2865: N->pE;N             pi(l,l);pl;pi(l,l);pl;pi(     N};$                
2865: SAVESTATE:          160
2865:                     pi(l,l);pl;pi(l,l);pl;pi(     pE;N};$             
2866:                     i(l,l);pl;pi(l,l);pl;pi(l     E;N};$              
2867: E->i()              i(l,l);pl;pi(l,l);pl;pi(l     E;N};$              
2867: SAVESTATE:          161
2867:                     i(l,l);pl;pi(l,l);pl;pi(l     i();N};$            
2868:                     (l,l);pl;pi(l,l);pl;pi(l,     ();N};$             
2869:                     l,l);pl;pi(l,l);pl;pi(l,l     );N};$              
2870: TS_NOK/NS_NORULECHAIN
2870: RESSTATE            
2870:                     i(l,l);pl;pi(l,l);pl;pi(l     E;N};$              
2871: E->i()M             i(l,l);pl;pi(l,l);pl;pi(l     E;N};$              
2871: SAVESTATE:          161
2871:                     i(l,l);pl;pi(l,l);pl;pi(l     i()M;N};$           
2872:                     (l,l);pl;pi(l,l);pl;pi(l,     ()M;N};$            
2873:                     l,l);pl;pi(l,l);pl;pi(l,l     )M;N};$             
2874: TS_NOK/NS_NORULECHAIN
2874: RESSTATE            
2874:                     i(l,l);pl;pi(l,l);pl;pi(l     E;N};$              
2875: E->i(W)             i(l,l);pl;pi(l,l);pl;pi(l     E;N};$              
2875: SAVESTATE:          161
2875:                     i(l,l);pl;pi(l,l);pl;pi(l     i(W);N};$           
2876:                     (l,l);pl;pi(l,l);pl;pi(l,     (W);N};$            
2877:                     l,l);pl;pi(l,l);pl;pi(l,l     W);N};$             
2878: W->l                l,l);pl;pi(l,l);pl;pi(l,l     W);N};$             
2878: SAVESTATE:          162
2878:                     l,l);pl;pi(l,l);pl;pi(l,l     l);N};$             
2879:                     ,l);pl;pi(l,l);pl;pi(l,l)     );N};$              
2880: TS_NOK/NS_NORULECHAIN
2880: RESSTATE            
2880:                     l,l);pl;pi(l,l);pl;pi(l,l     W);N};$             
2881: W->l,W              l,l);pl;pi(l,l);pl;pi(l,l     W);N};$             
2881: SAVESTATE:          162
2881:                     l,l);pl;pi(l,l);pl;pi(l,l     l,W);N};$           
2882:                     ,l);pl;pi(l,l);pl;pi(l,l)     ,W);N};$            
2883:                     l);pl;pi(l,l);pl;pi(l,l);     W);N};$             
2884: W->l                l);pl;pi(l,l);pl;pi(l,l);     W);N};$             
2884: SAVESTATE:          163
2884:                     l);pl;pi(l,l);pl;pi(l,l);     l);N};$             
2885:                     );pl;pi(l,l);pl;pi(l,l);r     );N};$              
2886:                     ;pl;pi(l,l);pl;pi(l,l);rl     ;N};$               
2887:                     pl;pi(l,l);pl;pi(l,l);rl;     N};$                
2888: N->pE;              pl;pi(l,l);pl;pi(l,l);rl;     N};$                
2888: SAVESTATE:          164
2888:                     pl;pi(l,l);pl;pi(l,l);rl;     pE;};$              
2889:                     l;pi(l,l);pl;pi(l,l);rl;}     E;};$               
2890: E->l                l;pi(l,l);pl;pi(l,l);rl;}     E;};$               
2890: SAVESTATE:          165
2890:                     l;pi(l,l);pl;pi(l,l);rl;}     l;};$               
2891:                     ;pi(l,l);pl;pi(l,l);rl;};     ;};$                
2892:                     pi(l,l);pl;pi(l,l);rl;};      };$                 
2893: TS_NOK/NS_NORULECHAIN
2893: RESSTATE            
2893:                     l;pi(l,l);pl;pi(l,l);rl;}     E;};$               
2894: E->lM               l;pi(l,l);pl;pi(l,l);rl;}     E;};$               
2894: SAVESTATE:          165
2894:                     l;pi(l,l);pl;pi(l,l);rl;}     lM;};$              
2895:                     ;pi(l,l);pl;pi(l,l);rl;};     M;};$               
2896: TNS_NORULECHAIN/NS_NORULE
2896: RESSTATE            
2896:                     l;pi(l,l);pl;pi(l,l);rl;}     E;};$               
2897: TNS_NORULECHAIN/NS_NORULE
2897: RESSTATE            
2897:                     pl;pi(l,l);pl;pi(l,l);rl;     N};$                
2898: N->pE;N             pl;pi(l,l);pl;pi(l,l);rl;     N};$                
2898: SAVESTATE:          164
2898:                     pl;pi(l,l);pl;pi(l,l);rl;     pE;N};$             
2899:                     l;pi(l,l);pl;pi(l,l);rl;}     E;N};$              
2900: E->l                l;pi(l,l);pl;pi(l,l);rl;}     E;N};$              
2900: SAVESTATE:          165
2900:                     l;pi(l,l);pl;pi(l,l);rl;}     l;N};$              
2901:                     ;pi(l,l);pl;pi(l,l);rl;};     ;N};$               
2902:                     pi(l,l);pl;pi(l,l);rl;};      N};$                
2903: N->pE;              pi(l,l);pl;pi(l,l);rl;};      N};$                
2903: SAVESTATE:          166
2903:                     pi(l,l);pl;pi(l,l);rl;};      pE;};$              
2904:                     i(l,l);pl;pi(l,l);rl;};       E;};$               
2905: E->i()              i(l,l);pl;pi(l,l);rl;};       E;};$               
2905: SAVESTATE:          167
2905:                     i(l,l);pl;pi(l,l);rl;};       i();};$             
2906:                     (l,l);pl;pi(l,l);rl;};        ();};$              
2907:                     l,l);pl;pi(l,l);rl;};         );};$               
2908: TS_NOK/NS_NORULECHAIN
2908: RESSTATE            
2908:                     i(l,l);pl;pi(l,l);rl;};       E;};$               
2909: E->i()M             i(l,l);pl;pi(l,l);rl;};       E;};$               
2909: SAVESTATE:          167
2909:                     i(l,l);pl;pi(l,l);rl;};       i()M;};$            
2910:                     (l,l);pl;pi(l,l);rl;};        ()M;};$             
2911:                     l,l);pl;pi(l,l);rl;};         )M;};$              
2912: TS_NOK/NS_NORULECHAIN
2912: RESSTATE            
2912:                     i(l,l);pl;pi(l,l);rl;};       E;};$               
2913: E->i(W)             i(l,l);pl;pi(l,l);rl;};       E;};$               
2913: SAVESTATE:          167
2913:                     i(l,l);pl;pi(l,l);rl;};       i(W);};$            
2914:                     (l,l);pl;pi(l,l);rl;};        (W);};$             
2915:                     l,l);pl;pi(l,l);rl;};         W);};$              
2916: W->l                l,l);pl;pi(l,l);rl;};         W);};$              
2916: SAVESTATE:          168
2916:                     l,l);pl;pi(l,l);rl;};         l);};$              
2917:                     ,l);pl;pi(l,l);rl;};          );};$               
2918: TS_NOK/NS_NORULECHAIN
2918: RESSTATE            
2918:                     l,l);pl;pi(l,l);rl;};         W);};$              
2919: W->l,W              l,l);pl;pi(l,l);rl;};         W);};$              
2919: SAVESTATE:          168
2919:                     l,l);pl;pi(l,l);rl;};         l,W);};$            
2920:                     ,l);pl;pi(l,l);rl;};          ,W);};$             
2921:                     l);pl;pi(l,l);rl;};           W);};$              
2922: W->l                l);pl;pi(l,l);rl;};           W);};$              
2922: SAVESTATE:          169
2922:                     l);pl;pi(l,l);rl;};           l);};$              
2923:                     );pl;pi(l,l);rl;};            );};$               
2924:                     ;pl;pi(l,l);rl;};             ;};$                
2925:                     pl;pi(l,l);rl;};              };$                 
2926: TS_NOK/NS_NORULECHAIN
2926: RESSTATE            
2926:                     l);pl;pi(l,l);rl;};           W);};$              
2927: W->l,W              l);pl;pi(l,l);rl;};           W);};$              
2927: SAVESTATE:          169
2927:                     l);pl;pi(l,l);rl;};           l,W);};$            
2928:                     );pl;pi(l,l);rl;};            ,W);};$             
2929: TS_NOK/NS_NORULECHAIN
2929: RESSTATE            
2929:                     l);pl;pi(l,l);rl;};           W);};$              
2930: TNS_NORULECHAIN/NS_NORULE
2930: RESSTATE            
2930:                     l,l);pl;pi(l,l);rl;};         W);};$              
2931: TNS_NORULECHAIN/NS_NORULE
2931: RESSTATE            
2931:                     i(l,l);pl;pi(l,l);rl;};       E;};$               
2932: E->i(W)M            i(l,l);pl;pi(l,l);rl;};       E;};$               
2932: SAVESTATE:          167
2932:                     i(l,l);pl;pi(l,l);rl;};       i(W)M;};$           
2933:                     (l,l);pl;pi(l,l);rl;};        (W)M;};$            
2934:                     l,l);pl;pi(l,l);rl;};         W)M;};$             
2935: W->l                l,l);pl;pi(l,l);rl;};         W)M;};$             
2935: SAVESTATE:          168
2935:                     l,l);pl;pi(l,l);rl;};         l)M;};$             
2936:                     ,l);pl;pi(l,l);rl;};          )M;};$              
2937: TS_NOK/NS_NORULECHAIN
2937: RESSTATE            
2937:                     l,l);pl;pi(l,l);rl;};         W)M;};$             
2938: W->l,W              l,l);pl;pi(l,l);rl;};         W)M;};$             
2938: SAVESTATE:          168
2938:                     l,l);pl;pi(l,l);rl;};         l,W)M;};$           
2939:                     ,l);pl;pi(l,l);rl;};          ,W)M;};$            
2940:                     l);pl;pi(l,l);rl;};           W)M;};$             
2941: W->l                l);pl;pi(l,l);rl;};           W)M;};$             
2941: SAVESTATE:          169
2941:                     l);pl;pi(l,l);rl;};           l)M;};$             
2942:                     );pl;pi(l,l);rl;};            )M;};$              
2943:                     ;pl;pi(l,l);rl;};             M;};$               
2944: TNS_NORULECHAIN/NS_NORULE
2944: RESSTATE            
2944:                     l);pl;pi(l,l);rl;};           W)M;};$             
2945: W->l,W              l);pl;pi(l,l);rl;};           W)M;};$             
2945: SAVESTATE:          169
2945:                     l);pl;pi(l,l);rl;};           l,W)M;};$           
2946:                     );pl;pi(l,l);rl;};            ,W)M;};$            
2947: TS_NOK/NS_NORULECHAIN
2947: RESSTATE            
2947:                     l);pl;pi(l,l);rl;};           W)M;};$             
2948: TNS_NORULECHAIN/NS_NORULE
2948: RESSTATE            
2948:                     l,l);pl;pi(l,l);rl;};         W)M;};$             
2949: TNS_NORULECHAIN/NS_NORULE
2949: RESSTATE            
2949:                     i(l,l);pl;pi(l,l);rl;};       E;};$               
2950: E->i                i(l,l);pl;pi(l,l);rl;};       E;};$               
2950: SAVESTATE:          167
2950:                     i(l,l);pl;pi(l,l);rl;};       i;};$               
2951:                     (l,l);pl;pi(l,l);rl;};        ;};$                
2952: TS_NOK/NS_NORULECHAIN
2952: RESSTATE            
2952:                     i(l,l);pl;pi(l,l);rl;};       E;};$               
2953: E->iM               i(l,l);pl;pi(l,l);rl;};       E;};$               
2953: SAVESTATE:          167
2953:                     i(l,l);pl;pi(l,l);rl;};       iM;};$              
2954:                     (l,l);pl;pi(l,l);rl;};        M;};$               
2955: TNS_NORULECHAIN/NS_NORULE
2955: RESSTATE            
2955:                     i(l,l);pl;pi(l,l);rl;};       E;};$               
2956: TNS_NORULECHAIN/NS_NORULE
2956: RESSTATE            
2956:                     pi(l,l);pl;pi(l,l);rl;};      N};$                
2957: N->pE;N             pi(l,l);pl;pi(l,l);rl;};      N};$                
2957: SAVESTATE:          166
2957:                     pi(l,l);pl;pi(l,l);rl;};      pE;N};$             
2958:                     i(l,l);pl;pi(l,l);rl;};       E;N};$              
2959: E->i()              i(l,l);pl;pi(l,l);rl;};       E;N};$              
2959: SAVESTATE:          167
2959:                     i(l,l);pl;pi(l,l);rl;};       i();N};$            
2960:                     (l,l);pl;pi(l,l);rl;};        ();N};$             
2961:                     l,l);pl;pi(l,l);rl;};         );N};$              
2962: TS_NOK/NS_NORULECHAIN
2962: RESSTATE            
2962:                     i(l,l);pl;pi(l,l);rl;};       E;N};$              
2963: E->i()M             i(l,l);pl;pi(l,l);rl;};       E;N};$              
2963: SAVESTATE:          167
2963:                     i(l,l);pl;pi(l,l);rl;};       i()M;N};$           
2964:                     (l,l);pl;pi(l,l);rl;};        ()M;N};$            
2965:                     l,l);pl;pi(l,l);rl;};         )M;N};$             
2966: TS_NOK/NS_NORULECHAIN
2966: RESSTATE            
2966:                     i(l,l);pl;pi(l,l);rl;};       E;N};$              
2967: E->i(W)             i(l,l);pl;pi(l,l);rl;};       E;N};$              
2967: SAVESTATE:          167
2967:                     i(l,l);pl;pi(l,l);rl;};       i(W);N};$           
2968:                     (l,l);pl;pi(l,l);rl;};        (W);N};$            
2969:                     l,l);pl;pi(l,l);rl;};         W);N};$             
2970: W->l                l,l);pl;pi(l,l);rl;};         W);N};$             
2970: SAVESTATE:          168
2970:                     l,l);pl;pi(l,l);rl;};         l);N};$             
2971:                     ,l);pl;pi(l,l);rl;};          );N};$              
2972: TS_NOK/NS_NORULECHAIN
2972: RESSTATE            
2972:                     l,l);pl;pi(l,l);rl;};         W);N};$             
2973: W->l,W              l,l);pl;pi(l,l);rl;};         W);N};$             
2973: SAVESTATE:          168
2973:                     l,l);pl;pi(l,l);rl;};         l,W);N};$           
2974:                     ,l);pl;pi(l,l);rl;};          ,W);N};$            
2975:                     l);pl;pi(l,l);rl;};           W);N};$             
2976: W->l                l);pl;pi(l,l);rl;};           W);N};$             
2976: SAVESTATE:          169
2976:                     l);pl;pi(l,l);rl;};           l);N};$             
2977:                     );pl;pi(l,l);rl;};            );N};$              
2978:                     ;pl;pi(l,l);rl;};             ;N};$               
2979:                     pl;pi(l,l);rl;};              N};$                
2980: N->pE;              pl;pi(l,l);rl;};              N};$                
2980: SAVESTATE:          170
2980:                     pl;pi(l,l);rl;};              pE;};$              
2981:                     l;pi(l,l);rl;};               E;};$               
2982: E->l                l;pi(l,l);rl;};               E;};$               
2982: SAVESTATE:          171
2982:                     l;pi(l,l);rl;};               l;};$               
2983:                     ;pi(l,l);rl;};                ;};$                
2984:                     pi(l,l);rl;};                 };$                 
2985: TS_NOK/NS_NORULECHAIN
2985: RESSTATE            
2985:                     l;pi(l,l);rl;};               E;};$               
2986: E->lM               l;pi(l,l);rl;};               E;};$               
2986: SAVESTATE:          171
2986:                     l;pi(l,l);rl;};               lM;};$              
2987:                     ;pi(l,l);rl;};                M;};$               
2988: TNS_NORULECHAIN/NS_NORULE
2988: RESSTATE            
2988:                     l;pi(l,l);rl;};               E;};$               
2989: TNS_NORULECHAIN/NS_NORULE
2989: RESSTATE            
2989:                     pl;pi(l,l);rl;};              N};$                
2990: N->pE;N             pl;pi(l,l);rl;};              N};$                
2990: SAVESTATE:          170
2990:                     pl;pi(l,l);rl;};              pE;N};$             
2991:                     l;pi(l,l);rl;};               E;N};$              
2992: E->l                l;pi(l,l);rl;};               E;N};$              
2992: SAVESTATE:          171
2992:                     l;pi(l,l);rl;};               l;N};$              
2993:                     ;pi(l,l);rl;};                ;N};$               
2994:                     pi(l,l);rl;};                 N};$                
2995: N->pE;              pi(l,l);rl;};                 N};$                
2995: SAVESTATE:          172
2995:                     pi(l,l);rl;};                 pE;};$              
2996:                     i(l,l);rl;};                  E;};$               
2997: E->i()              i(l,l);rl;};                  E;};$               
2997: SAVESTATE:          173
2997:                     i(l,l);rl;};                  i();};$             
2998:                     (l,l);rl;};                   ();};$              
2999:                     l,l);rl;};                    );};$               
3000: TS_NOK/NS_NORULECHAIN
3000: RESSTATE            
3000:                     i(l,l);rl;};                  E;};$               
3001: E->i()M             i(l,l);rl;};                  E;};$               
3001: SAVESTATE:          173
3001:                     i(l,l);rl;};                  i()M;};$            
3002:                     (l,l);rl;};                   ()M;};$             
3003:                     l,l);rl;};                    )M;};$              
3004: TS_NOK/NS_NORULECHAIN
3004: RESSTATE            
3004:                     i(l,l);rl;};                  E;};$               
3005: E->i(W)             i(l,l);rl;};                  E;};$               
3005: SAVESTATE:          173
3005:                     i(l,l);rl;};                  i(W);};$            
3006:                     (l,l);rl;};                   (W);};$             
3007:                     l,l);rl;};                    W);};$              
3008: W->l                l,l);rl;};                    W);};$              
3008: SAVESTATE:          174
3008:                     l,l);rl;};                    l);};$              
3009:                     ,l);rl;};                     );};$               
3010: TS_NOK/NS_NORULECHAIN
3010: RESSTATE            
3010:                     l,l);rl;};                    W);};$              
3011: W->l,W              l,l);rl;};                    W);};$              
3011: SAVESTATE:          174
3011:                     l,l);rl;};                    l,W);};$            
3012:                     ,l);rl;};                     ,W);};$             
3013:                     l);rl;};                      W);};$              
3014: W->l                l);rl;};                      W);};$              
3014: SAVESTATE:          175
3014:                     l);rl;};                      l);};$              
3015:                     );rl;};                       );};$               
3016:                     ;rl;};                        ;};$                
3017:                     rl;};                         };$                 
3018: TS_NOK/NS_NORULECHAIN
3018: RESSTATE            
3018:                     l);rl;};                      W);};$              
3019: W->l,W              l);rl;};                      W);};$              
3019: SAVESTATE:          175
3019:                     l);rl;};                      l,W);};$            
3020:                     );rl;};                       ,W);};$             
3021: TS_NOK/NS_NORULECHAIN
3021: RESSTATE            
3021:                     l);rl;};                      W);};$              
3022: TNS_NORULECHAIN/NS_NORULE
3022: RESSTATE            
3022:                     l,l);rl;};                    W);};$              
3023: TNS_NORULECHAIN/NS_NORULE
3023: RESSTATE            
3023:                     i(l,l);rl;};                  E;};$               
3024: E->i(W)M            i(l,l);rl;};                  E;};$               
3024: SAVESTATE:          173
3024:                     i(l,l);rl;};                  i(W)M;};$           
3025:                     (l,l);rl;};                   (W)M;};$            
3026:                     l,l);rl;};                    W)M;};$             
3027: W->l                l,l);rl;};                    W)M;};$             
3027: SAVESTATE:          174
3027:                     l,l);rl;};                    l)M;};$             
3028:                     ,l);rl;};                     )M;};$              
3029: TS_NOK/NS_NORULECHAIN
3029: RESSTATE            
3029:                     l,l);rl;};                    W)M;};$             
3030: W->l,W              l,l);rl;};                    W)M;};$             
3030: SAVESTATE:          174
3030:                     l,l);rl;};                    l,W)M;};$           
3031:                     ,l);rl;};                     ,W)M;};$            
3032:                     l);rl;};                      W)M;};$             
3033: W->l                l);rl;};                      W)M;};$             
3033: SAVESTATE:          175
3033:                     l);rl;};                      l)M;};$             
3034:                     );rl;};                       )M;};$              
3035:                     ;rl;};                        M;};$               
3036: TNS_NORULECHAIN/NS_NORULE
3036: RESSTATE            
3036:                     l);rl;};                      W)M;};$             
3037: W->l,W              l);rl;};                      W)M;};$             
3037: SAVESTATE:          175
3037:                     l);rl;};                      l,W)M;};$           
3038:                     );rl;};                       ,W)M;};$            
3039: TS_NOK/NS_NORULECHAIN
3039: RESSTATE            
3039:                     l);rl;};                      W)M;};$             
3040: TNS_NORULECHAIN/NS_NORULE
3040: RESSTATE            
3040:                     l,l);rl;};                    W)M;};$             
3041: TNS_NORULECHAIN/NS_NORULE
3041: RESSTATE            
3041:                     i(l,l);rl;};                  E;};$               
3042: E->i                i(l,l);rl;};                  E;};$               
3042: SAVESTATE:          173
3042:                     i(l,l);rl;};                  i;};$               
3043:                     (l,l);rl;};                   ;};$                
3044: TS_NOK/NS_NORULECHAIN
3044: RESSTATE            
3044:                     i(l,l);rl;};                  E;};$               
3045: E->iM               i(l,l);rl;};                  E;};$               
3045: SAVESTATE:          173
3045:                     i(l,l);rl;};                  iM;};$              
3046:                     (l,l);rl;};                   M;};$               
3047: TNS_NORULECHAIN/NS_NORULE
3047: RESSTATE            
3047:                     i(l,l);rl;};                  E;};$               
3048: TNS_NORULECHAIN/NS_NORULE
3048: RESSTATE            
3048:                     pi(l,l);rl;};                 N};$                
3049: N->pE;N             pi(l,l);rl;};                 N};$                
3049: SAVESTATE:          172
3049:                     pi(l,l);rl;};                 pE;N};$             
3050:                     i(l,l);rl;};                  E;N};$              
3051: E->i()              i(l,l);rl;};                  E;N};$              
3051: SAVESTATE:          173
3051:                     i(l,l);rl;};                  i();N};$            
3052:                     (l,l);rl;};                   ();N};$             
3053:                     l,l);rl;};                    );N};$              
3054: TS_NOK/NS_NORULECHAIN
3054: RESSTATE            
3054:                     i(l,l);rl;};                  E;N};$              
3055: E->i()M             i(l,l);rl;};                  E;N};$              
3055: SAVESTATE:          173
3055:                     i(l,l);rl;};                  i()M;N};$           
3056:                     (l,l);rl;};                   ()M;N};$            
3057:                     l,l);rl;};                    )M;N};$             
3058: TS_NOK/NS_NORULECHAIN
3058: RESSTATE            
3058:                     i(l,l);rl;};                  E;N};$              
3059: E->i(W)             i(l,l);rl;};                  E;N};$              
3059: SAVESTATE:          173
3059:                     i(l,l);rl;};                  i(W);N};$           
3060:                     (l,l);rl;};                   (W);N};$            
3061:                     l,l);rl;};                    W);N};$             
3062: W->l                l,l);rl;};                    W);N};$             
3062: SAVESTATE:          174
3062:                     l,l);rl;};                    l);N};$             
3063:                     ,l);rl;};                     );N};$              
3064: TS_NOK/NS_NORULECHAIN
3064: RESSTATE            
3064:                     l,l);rl;};                    W);N};$             
3065: W->l,W              l,l);rl;};                    W);N};$             
3065: SAVESTATE:          174
3065:                     l,l);rl;};                    l,W);N};$           
3066:                     ,l);rl;};                     ,W);N};$            
3067:                     l);rl;};                      W);N};$             
3068: W->l                l);rl;};                      W);N};$             
3068: SAVESTATE:          175
3068:                     l);rl;};                      l);N};$             
3069:                     );rl;};                       );N};$              
3070:                     ;rl;};                        ;N};$               
3071:                     rl;};                         N};$                
3072: N->rE;              rl;};                         N};$                
3072: SAVESTATE:          176
3072:                     rl;};                         rE;};$              
3073:                     l;};                          E;};$               
3074: E->l                l;};                          E;};$               
3074: SAVESTATE:          177
3074:                     l;};                          l;};$               
3075:                     ;};                           ;};$                
3076:                     };                            };$                 
3077:                     ;                             ;$                  
3078:                                                   $                   
3079: LENTA_END           
3080: -------> NS_LENTA_END
--------------------------------------------------------------
Всего строк 357, Синтаксический анализ выполнен без ошибок
== ДЕРЕВО РАЗБОРА ==

0   : S->tfi(){N};S       
6   : N->pE;N             
7   : E->l                
9   : N->ti;N             
12  : N->ti;N             
15  : N->ti;N             
18  : N->i=E;N            
20  : E->l                
22  : N->pE;N             
23  : E->l                
25  : N->pE;N             
26  : E->i                
28  : N->i=E;N            
30  : E->l                
32  : N->pE;N             
33  : E->l                
35  : N->pE;N             
36  : E->i                
38  : N->i=E;N            
40  : E->iM               
41  : M->-E               
42  : E->i                
44  : N->pE;N             
45  : E->l                
47  : N->pE;N             
48  : E->i                
50  : N->rE;              
51  : E->l                
55  : S->tfi(){N};S       
61  : N->pE;N             
62  : E->l                
64  : N->pE;N             
65  : E->l                
67  : N->pE;N             
68  : E->i(W)             
70  : W->l,W              
72  : W->l                
75  : N->pE;N             
76  : E->i(W)             
78  : W->l,W              
80  : W->l                
83  : N->pE;N             
84  : E->l                
86  : N->pE;N             
87  : E->i(W)             
89  : W->l,W              
91  : W->l                
94  : N->pE;N             
95  : E->i(W)             
97  : W->l,W              
99  : W->l                
102 : N->rE;              
103 : E->l                
107 : S->tfi(F){N};S      
111 : F->ti,F             
114 : F->ti               
118 : N->w(E){N};N        
120 : E->i                
123 : N->kl:N             
126 : N->i=E;N            
128 : E->iM               
129 : M->&E               
130 : E->l                
132 : N->b;N              
134 : N->kl:N             
137 : N->i=E;N            
139 : E->iM               
140 : M->|E               
141 : E->l                
143 : N->b;N              
145 : N->kl:N             
148 : N->i=E;N            
150 : E->~E               
151 : E->i                
153 : N->b;N              
155 : N->j:N              
157 : N->i=E;N            
159 : E->iM               
160 : M->*E               
161 : E->l                
163 : N->b;               
167 : N->ti;N             
170 : N->i=E;N            
172 : E->l                
174 : N->w(E){N};N        
176 : E->i                
179 : N->kl:N             
182 : N->pE;N             
183 : E->l                
185 : N->b;N              
187 : N->kl:N             
190 : N->pE;N             
191 : E->l                
193 : N->b;               
197 : N->ti;N             
200 : N->i=E;N            
202 : E->l                
204 : N->w(E){N};N        
206 : E->i                
209 : N->kl:N             
212 : N->pE;N             
213 : E->l                
215 : N->b;N              
217 : N->kl:N             
220 : N->pE;N             
221 : E->l                
223 : N->b;               
227 : N->rE;              
228 : E->i                
232 : S->m{N};            
234 : N->ti;N             
237 : N->ti;N             
240 : N->ti;N             
243 : N->pE;N             
244 : E->l                
246 : N->pE;N             
247 : E->l                
249 : N->pE;N             
250 : E->i                
252 : N->pE;N             
253 : E->l                
255 : N->pE;N             
256 : E->i                
258 : N->pE;N             
259 : E->l                
261 : N->pE;N             
262 : E->i                
264 : N->i=E;N            
266 : E->l                
268 : N->i=E;N            
270 : E->l                
272 : N->i=E;N            
274 : E->l                
276 : N->pE;N             
277 : E->l                
279 : N->pE;N             
280 : E->l                
282 : N->pE;N             
283 : E->i                
285 : N->pE;N             
286 : E->l                
288 : N->pE;N             
289 : E->i                
291 : N->pE;N             
292 : E->l                
294 : N->pE;N             
295 : E->i                
297 : N->i();N            
301 : N->i();N            
305 : N->pE;N             
306 : E->l                
308 : N->pE;N             
309 : E->l                
311 : N->pE;N             
312 : E->i(W)             
314 : W->l,W              
316 : W->l                
319 : N->pE;N             
320 : E->l                
322 : N->pE;N             
323 : E->i(W)             
325 : W->l,W              
327 : W->l                
330 : N->pE;N             
331 : E->l                
333 : N->pE;N             
334 : E->i(W)             
336 : W->l,W              
338 : W->l                
341 : N->pE;N             
342 : E->l                
344 : N->pE;N             
345 : E->i(W)             
347 : W->l,W              
349 : W->l                
352 : N->rE;              
353 : E->l                
==========================================================================================
СЕМАНТИЧЕСКИЙ АНАЛИЗ ВЫПОЛНЕН БЕЗ ОШИБОК

=== ПРЕОБРАЗОВАНИЕ В ПОЛИЗ ===
ВХОДНАЯ СТРОКА: pl
Польская запись (строка 4): 'демонстрации переполнения' p 
ВХОДНАЯ СТРОКА: p
Польская запись (строка 4): p 
ВХОДНАЯ СТРОКА: i=l
Польская запись (строка 8): a 5 = 
ВХОДНАЯ СТРОКА: pl
Польская запись (строка 8): 'a = ' p 
ВХОДНАЯ СТРОКА: p
Польская запись (строка 8): p 
ВХОДНАЯ СТРОКА: pi
Польская запись (строка 8): a p 
ВХОДНАЯ СТРОКА: p
Польская запись (строка 8): p 
ВХОДНАЯ СТРОКА: i=l
Польская запись (строка 9): b 10 = 
ВХОДНАЯ СТРОКА: pl
Польская запись (строка 9): 'b = ' p 
ВХОДНАЯ СТРОКА: p
Польская запись (строка 9): p 
ВХОДНАЯ СТРОКА: pi
Польская запись (строка 9): b p 
ВХОДНАЯ СТРОКА: p
Польская запись (строка 9): p 
ВХОДНАЯ СТРОКА: i=i-i
Польская запись (строка 12): c a b - = 
ВХОДНАЯ СТРОКА: pl
Польская запись (строка 13): 'c = ' p 
ВХОДНАЯ СТРОКА: p
Польская запись (строка 13): p 
ВХОДНАЯ СТРОКА: pi
Польская запись (строка 13): c p 
ВХОДНАЯ СТРОКА: p
Польская запись (строка 13): p 
ВХОДНАЯ СТРОКА: rl
Польская запись (строка 15): 0 r 
ВХОДНАЯ СТРОКА: r
Польская запись (строка 15): r 
ВХОДНАЯ СТРОКА: pl
Польская запись (строка 22): 'Вызов библиотечных функций' p 
ВХОДНАЯ СТРОКА: p
Польская запись (строка 22): p 
ВХОДНАЯ СТРОКА: pl
Польская запись (строка 24): 'pow(uint, uint)' p 
ВХОДНАЯ СТРОКА: p
Польская запись (строка 24): p 
ВХОДНАЯ СТРОКА: pi(l,l)
Польская запись (строка 25): 2 2 pow@2 p 
ВХОДНАЯ СТРОКА: ip###
Польская запись (строка 25): pow@2 p 
ВХОДНАЯ СТРОКА: p###
Польская запись (строка 25): p 
ВХОДНАЯ СТРОКА: pi(l,l)
Польская запись (строка 26): 3 3 pow@2 p 
ВХОДНАЯ СТРОКА: ip###
Польская запись (строка 26): pow@2 p 
ВХОДНАЯ СТРОКА: p###
Польская запись (строка 26): p 
ВХОДНАЯ СТРОКА: pl
Польская запись (строка 28): 'random(uint min, uint max)' p 
ВХОДНАЯ СТРОКА: p
Польская запись (строка 28): p 
ВХОДНАЯ СТРОКА: pi(l,l)
Польская запись (строка 29): 0 100 random@2 p 
ВХОДНАЯ СТРОКА: ip###
Польская запись (строка 29): random@2 p 
ВХОДНАЯ СТРОКА: p###
Польская запись (строка 29): p 
ВХОДНАЯ СТРОКА: pi(l,l)
Польская запись (строка 30): 1 9 random@2 p 
ВХОДНАЯ СТРОКА: ip###
Польская запись (строка 30): random@2 p 
ВХОДНАЯ СТРОКА: p###
Польская запись (строка 30): p 
ВХОДНАЯ СТРОКА: rl
Польская запись (строка 32): 0 r 
ВХОДНАЯ СТРОКА: r
Польская запись (строка 32): r 
ВХОДНАЯ СТРОКА: i
Польская запись (строка 40): op_type 
ВХОДНАЯ СТРОКА: i=i&l
Польская запись (строка 43): result result 15 & = 
ВХОДНАЯ СТРОКА: i=i|l
Польская запись (строка 47): result result 240 | = 
ВХОДНАЯ СТРОКА: i=~i
Польская запись (строка 51): result result ~ = 
ВХОДНАЯ СТРОКА: i=i*l
Польская запись (строка 55): result result 2 * = 
ВХОДНАЯ СТРОКА: i=l
Польская запись (строка 59): bukva 70 = 
ВХОДНАЯ СТРОКА: i
Польская запись (строка 60): bukva 
ВХОДНАЯ СТРОКА: pl
Польская запись (строка 62): 65 p 
ВХОДНАЯ СТРОКА: p
Польская запись (строка 62): p 
ВХОДНАЯ СТРОКА: pl
Польская запись (строка 63): 70 p 
ВХОДНАЯ СТРОКА: p
Польская запись (строка 63): p 
ВХОДНАЯ СТРОКА: i=l
Польская запись (строка 66): word 'WORD' = 
ВХОДНАЯ СТРОКА: i
Польская запись (строка 67): word 
ВХОДНАЯ СТРОКА: pl
Польская запись (строка 69): 'hhh' p 
ВХОДНАЯ СТРОКА: p
Польская запись (строка 69): p 
ВХОДНАЯ СТРОКА: pl
Польская запись (строка 70): 'word' p 
ВХОДНАЯ СТРОКА: p
Польская запись (строка 70): p 
ВХОДНАЯ СТРОКА: ri
Польская запись (строка 73): result r 
ВХОДНАЯ СТРОКА: r
Польская запись (строка 73): r 
ВХОДНАЯ СТРОКА: pl
Польская запись (строка 83): 'ДО' p 
ВХОДНАЯ СТРОКА: p
Польская запись (строка 83): p 
ВХОДНАЯ СТРОКА: pl
Польская запись (строка 84): 'test_uint = ' p 
ВХОДНАЯ СТРОКА: p
Польская запись (строка 84): p 
ВХОДНАЯ СТРОКА: pi
Польская запись (строка 84): test_uint p 
ВХОДНАЯ СТРОКА: p
Польская запись (строка 84): p 
ВХОДНАЯ СТРОКА: pl
Польская запись (строка 85): 'test_string = ' p 
ВХОДНАЯ СТРОКА: p
Польская запись (строка 85): p 
ВХОДНАЯ СТРОКА: pi
Польская запись (строка 85): test_string p 
ВХОДНАЯ СТРОКА: p
Польская запись (строка 85): p 
ВХОДНАЯ СТРОКА: pl
Польская запись (строка 86): 'test_char = ' p 
ВХОДНАЯ СТРОКА: p
Польская запись (строка 86): p 
ВХОДНАЯ СТРОКА: pi
Польская запись (строка 86): test_char p 
ВХОДНАЯ СТРОКА: p
Польская запись (строка 86): p 
ВХОДНАЯ СТРОКА: i=l
Польская запись (строка 89): test_uint 5 = 
ВХОДНАЯ СТРОКА: i=l
Польская запись (строка 90): test_string 'ТЕСТОВАЯ СТРОКА' = 
ВХОДНАЯ СТРОКА: i=l
Польская запись (строка 91): test_char 64 = 
ВХОДНАЯ СТРОКА: pl
Польская запись (строка 94): 'ПОСЛЕ' p 
ВХОДНАЯ СТРОКА: p
Польская запись (строка 94): p 
ВХОДНАЯ СТРОКА: pl
Польская запись (строка 95): 'test_uint = ' p 
ВХОДНАЯ СТРОКА: p
Польская запись (строка 95): p 
ВХОДНАЯ СТРОКА: pi
Польская запись (строка 95): test_uint p 
ВХОДНАЯ СТРОКА: p
Польская запись (строка 95): p 
ВХОДНАЯ СТРОКА: pl
Польская запись (строка 96): 'test_string = ' p 
ВХОДНАЯ СТРОКА: p
Польская запись (строка 96): p 
ВХОДНАЯ СТРОКА: pi
Польская запись (строка 96): test_string p 
ВХОДНАЯ СТРОКА: p
Польская запись (строка 96): p 
ВХОДНАЯ СТРОКА: pl
Польская запись (строка 97): 'test_char = ' p 
ВХОДНАЯ СТРОКА: p
Польская запись (строка 97): p 
ВХОДНАЯ СТРОКА: pi
Польская запись (строка 97): test_char p 
ВХОДНАЯ СТРОКА: p
Польская запись (строка 97): p 
ВХОДНАЯ СТРОКА: i()
Польская запись (строка 101): demonstrate_underflow@0 
ВХОДНАЯ СТРОКА: i()
Польская запись (строка 105): use_standard_library@0 
ВХОДНАЯ СТРОКА: pl
Польская запись (строка 108): '=== ТЕСТ БИТОВЫХ ОПЕРАЦИЙ ===' p 
ВХОДНАЯ СТРОКА: p
Польская запись (строка 108): p 
ВХОДНАЯ СТРОКА: pl
Польская запись (строка 111): 'bitwise_ops(0x12, 0x00) = ' p 
ВХОДНАЯ СТРОКА: p
Польская запись (строка 111): p 
ВХОДНАЯ СТРОКА: pi(l,l)
Польская запись (строка 112): 18 0 bitwise_ops@2 p 
ВХОДНАЯ СТРОКА: ip###
Польская запись (строка 112): bitwise_ops@2 p 
ВХОДНАЯ СТРОКА: p###
Польская запись (строка 112): p 
ВХОДНАЯ СТРОКА: pl
Польская запись (строка 114): 'bitwise_ops(0x12, 0x01) = ' p 
ВХОДНАЯ СТРОКА: p
Польская запись (строка 114): p 
ВХОДНАЯ СТРОКА: pi(l,l)
Польская запись (строка 115): 18 1 bitwise_ops@2 p 
ВХОДНАЯ СТРОКА: ip###
Польская запись (строка 115): bitwise_ops@2 p 
ВХОДНАЯ СТРОКА: p###
Польская запись (строка 115): p 
ВХОДНАЯ СТРОКА: pl
Польская запись (строка 117): 'bitwise_ops(0x12, 0x02) = ' p 
ВХОДНАЯ СТРОКА: p
Польская запись (строка 117): p 
ВХОДНАЯ СТРОКА: pi(l,l)
Польская запись (строка 118): 18 2 bitwise_ops@2 p 
ВХОДНАЯ СТРОКА: ip###
Польская запись (строка 118): bitwise_ops@2 p 
ВХОДНАЯ СТРОКА: p###
Польская запись (строка 118): p 
ВХОДНАЯ СТРОКА: pl
Польская запись (строка 120): 'bitwise_ops(0x12, 0x03) = ' p 
ВХОДНАЯ СТРОКА: p
Польская запись (строка 120): p 
ВХОДНАЯ СТРОКА: pi(l,l)
Польская запись (строка 121): 18 3 bitwise_ops@2 p 
ВХОДНАЯ СТРОКА: ip###
Польская запись (строка 121): bitwise_ops@2 p 
ВХОДНАЯ СТРОКА: p###
Польская запись (строка 121): p 
ВХОДНАЯ СТРОКА: rl
Польская запись (строка 124): 0 r 
ВХОДНАЯ СТРОКА: r
Польская запись (строка 124): r 
----- ТАБЛИЦА ЛЕКСЕМ -----

02 tfi()
03 {
04 lp;
06 ti;ti;ti;
08 il=;lp;ip;
09 il=;lp;ip;
12 iii-=;
13 lp;ip;
15 lr;
16 };
20 tfi()
21 {
22 lp;
24 lp;
25 llip###;
26 llip###;
28 lp;
29 llip###;
30 llip###;
32 lr;
33 };
37 tfi(ti,ti)
38 {
40 w(i)
41 {
42 kl:
43 iil&=;
44 b;
46 kl:
47 iil|=;
48 b;
50 kl:
51 ii~=;
52 b;
54 j:
55 iil*=;
56 b;
57 };
59 ti;il=;
60 w(i)
61 {
62 kl:lp;b;
63 kl:lp;b;
64 };
66 ti;il=;
67 w(i)
68 {
69 kl:lp;b;
70 kl:lp;b;
71 };
73 ir;
74 };
78 m
79 {
80 ti;ti;ti;
83 lp;
84 lp;ip;
85 lp;ip;
86 lp;ip;
89 il=;
90 il=;
91 il=;
94 lp;
95 lp;ip;
96 lp;ip;
97 lp;ip;
101 i##;
105 i##;
108 lp;
111 lp;
112 llip###;
114 lp;
115 llip###;
117 lp;
118 llip###;
120 lp;
121 llip###;
124 lr;
125 };

----- ТАБЛИЦА ЛЕКСЕМ (с именами) -----

02 t f demonstrate_underflow@0 ( ) 
03 { 
04 'демонстрации переполнения' p ; 
06 t ia ; t ib ; t ic ; 
08 ia 5 = ; 'a = ' p ; ia p ; 
09 ib 10 = ; 'b = ' p ; ib p ; 
12 ic ia ib - = ; 
13 'c = ' p ; ic p ; 
15 0 r ; 
16 } ; 
20 t f use_standard_library@0 ( ) 
21 { 
22 'Вызов библиотечных функций' p ; 
24 'pow(uint, uint)' p ; 
25 2 2 pow@2 p # # # ; 
26 3 3 pow@2 p # # # ; 
28 'random(uint min, uint max)' p ; 
29 0 100 random@2 p # # # ; 
30 1 9 random@2 p # # # ; 
32 0 r ; 
33 } ; 
37 t f bitwise_ops@2 ( t iresult , t iop_type ) 
38 { 
40 w ( iop_type ) 
41 { 
42 k 0 : 
43 iresult iresult 15 & = ; 
44 b ; 
46 k 1 : 
47 iresult iresult 240 | = ; 
48 b ; 
50 k 2 : 
51 iresult iresult ~ = ; 
52 b ; 
54 j : 
55 iresult iresult 2 * = ; 
56 b ; 
57 } ; 
59 t ibukva ; ibukva 'F' = ; 
60 w ( ibukva ) 
61 { 
62 k 'A' : 'A' p ; b ; 
63 k 'F' : 'F' p ; b ; 
64 } ; 
66 t iword ; iword 'WORD' = ; 
67 w ( iword ) 
68 { 
69 k 'hhh' : 'hhh' p ; b ; 
70 k 'WORD' : 'word' p ; b ; 
71 } ; 
73 iresult r ; 
74 } ; 
78 m 
79 { 
80 t itest_uint ; t itest_string ; t itest_char ; 
83 'ДО' p ; 
84 'test_uint = ' p ; itest_uint p ; 
85 'test_string = ' p ; itest_string p ; 
86 'test_char = ' p ; itest_char p ; 
89 itest_uint 5 = ; 
90 itest_string 'ТЕСТОВАЯ СТРОКА' = ; 
91 itest_char '@' = ; 
94 'ПОСЛЕ' p ; 
95 'test_uint = ' p ; itest_uint p ; 
96 'test_string = ' p ; itest_string p ; 
97 'test_char = ' p ; itest_char p ; 
101 demonstrate_underflow@0 # # ; 
105 use_standard_library@0 # # ; 
108 '=== ТЕСТ БИТОВЫХ ОПЕРАЦИЙ ===' p ; 
111 'bitwise_ops(0x12, 0x00) = ' p ; 
112 18 0 bitwise_ops@2 p # # # ; 
114 'bitwise_ops(0x12, 0x01) = ' p ; 
115 18 1 bitwise_ops@2 p # # # ; 
117 'bitwise_ops(0x12, 0x02) = ' p ; 
118 18 2 bitwise_ops@2 p # # # ; 
120 'bitwise_ops(0x12, 0x03) = ' p ; 
121 18 3 bitwise_ops@2 p # # # ; 
124 0 r ; 
125 } ; 
----------------------------------------

=== GENERATION SUCCESSFUL ===
